age,employment_type,monthly_income,foir,credit_utilization,payment_history_score,employment_stability_score,debt_burden_score,inquiry_pressure_score,loan_to_income_ratio,requested_loan_type,creditworthiness_score,defaulted
59,self_employed,64335.8038464999,25.76855345602496,11.043871468920887,100.0,52.634474952550704,46.42343799932135,52.29539308616811,2.6309096151938824,home,600.537382343342,0
32,self_employed,37699.98955615233,0.0,47.06882450076263,69.97912063828447,50.90332208763075,35.47340613690797,99.73961916094402,10.220541313649239,home,664.6662998267216,0
59,govt_salaried,51408.70999065976,44.96981514124778,32.19563005285984,74.3361319986691,36.27308691391612,49.43235985818212,88.97685715438033,4.477323210859733,education,839.7020703246831,0
22,private_salaried,59556.12692901642,39.844996959174466,7.131661182545926,31.433315063525825,28.902589794129124,68.45387413051023,76.48397535105464,0.9883195442799608,personal,528.9097588561871,0
44,private_salaried,58209.80817033506,8.554397669558991,41.4816793878959,67.29835439167367,38.07694999235103,77.23352577681736,90.61999044991902,3.688036315108784,home,761.7536142939439,0
29,self_employed,66073.45278061168,27.81238643232065,31.286820466723658,52.873300519879436,25.09483439798323,81.25051644788397,97.12480057141646,5.455629781003787,home,689.2214268764017,0
25,private_salaried,48150.50862166928,58.46965483721009,0.0,91.43805008750448,57.17617670595428,59.01985299068265,71.83521553071004,5.953163824614939,education,411.49173024789286,0
33,govt_salaried,153831.47922544702,22.872595956602186,24.96485912830927,93.30804235404148,63.21877774149211,54.404795924659226,80.26534866226712,5.577033513088903,education,557.1148483104196,0
53,private_salaried,24966.86971006479,19.71390821947895,37.54024478743597,50.011125544001466,100.0,61.93327084967719,51.86025549190239,0.46068177415707023,car,551.9175013852605,0
32,private_salaried,53492.081170065154,6.218431770514378,34.46972249101566,76.20460419882053,100.0,61.15278070437755,76.03094684667225,0.3913271524636744,car,885.8041716710557,0
31,private_salaried,70538.68467354389,25.7139595946756,42.123196607787605,74.5623825132247,85.45126094391276,57.21083951393036,61.143953101887156,1.7742016547317103,car,695.3871937689023,0
39,self_employed,38111.15014186501,26.957598497314667,56.93057712989765,83.56025681978855,0.0,74.63958278005789,88.52912717240645,3.32210332509473,personal,747.6220660843603,0
22,business,50585.09769119197,42.52394548019259,32.061092141592546,78.6124594748044,79.12026455821088,43.70337694273988,72.17423599254771,1.2959188446006595,home,662.6916376433313,0
58,self_employed,55057.14080204762,7.252955942536527,58.37262486901068,55.29236405748625,27.65148977328815,7.410862130552481,53.93644669974705,12.98825717647852,car,533.0381995727214,0
40,private_salaried,75630.48710703167,49.37620754319948,43.36237043911173,37.269439084287235,100.0,67.93949300914433,80.79218403167332,9.645359563473937,education,470.20452351536835,0
50,self_employed,74131.18882250156,47.751808731857864,42.8867990292966,74.90608010652882,15.729700411809617,94.59697550397105,77.93548562542257,0.11145746776371579,car,623.1844657608979,0
44,private_salaried,141413.4440560705,58.19805133207264,16.009619096422835,63.06205336874495,52.21990000474327,30.01861131656773,43.17193004107671,4.648166231651116,education,455.396645486782,0
42,private_salaried,52937.25127788848,22.171392216802836,14.45876482128806,92.6567532101878,43.76739034760545,73.37278938345203,55.436415012733335,2.011985073052784,personal,711.8042320650392,0
33,govt_salaried,37124.31969089392,33.083977573041714,3.78885855125462,100.0,24.99670655674592,89.02760888435381,72.99667432679196,0.7200431899517311,personal,666.9088841685586,0
53,self_employed,84497.337036158,53.155979497049586,31.975280690155415,67.5095688181906,22.71959717159543,49.689812683853226,78.44627523328128,0.3560567866792148,personal,406.98288960108715,0
39,private_salaried,33325.91032062295,59.91952595912231,28.315058176992647,68.64306186978833,62.944175810927966,32.75545385650953,88.90763380175135,0.8210306534724898,car,801.9688226447449,0
49,private_salaried,54908.55317995804,24.038878951555198,9.4016053347374,70.25216077586661,100.0,64.61115718200904,51.34816686877838,1.603625830235928,home,900.0,0
25,business,49065.273634145735,46.339029226874786,73.67085258859983,83.27749674501615,69.19420919394062,67.96363462758299,93.44871564784485,2.826560688678079,education,713.7680013152395,0
57,self_employed,140879.30653935374,42.52140135539123,56.21277157642821,61.6205034536663,33.29789436488781,54.099247693058174,44.6523539697533,0.1,personal,591.6280680737167,0
46,self_employed,26393.804258837656,22.63023008523391,74.02560171471508,74.19829725253993,68.23588779134506,61.32216524543959,68.19842733639587,8.572491936370252,car,589.2943936118847,0
55,private_salaried,34369.884901674806,54.16497343682637,23.1685722232834,85.94194762340075,49.94518368915265,60.646375935455595,91.9755370397438,3.4744617912386526,home,574.7770556554215,0
40,self_employed,68938.94147417921,30.34599865109816,41.483327049768846,72.39713891264631,57.424899124817955,76.90314050873828,53.63558633533055,0.8675569468654926,home,900.0,0
36,self_employed,56086.97148111761,34.81629840729628,17.05491257028337,76.51609116387452,38.07095721219721,84.50239466835502,67.05885236995722,1.0804790486697127,personal,660.8087104377994,0
33,private_salaried,76351.34930103016,31.494452310289923,35.88701114998135,51.477450440218576,66.13767253203461,35.76486687928556,75.79765623074252,2.2405386069653503,car,627.5330052381423,0
59,private_salaried,44058.62551632741,30.465136368855383,34.90874342019408,61.35314797759692,53.79511286160468,90.4227645196183,85.41726202928079,2.188884443007171,personal,584.0890182150715,0
53,private_salaried,50758.09198934437,49.752564595376974,44.47254775455129,76.08701155877142,100.0,73.12453370099857,61.36115596783256,2.4691854325200553,personal,873.1960407784316,0
30,business,34515.02486318291,33.336020965557346,54.526182529622055,45.94301081855278,74.60016027285421,61.845520834917934,42.898840889641356,1.0898838365418335,personal,554.211773836216,0
47,self_employed,18838.289280152756,40.43714688207953,46.426950206535764,94.41047640026422,73.54907541323664,94.53317250859257,84.00485906724838,5.0259809501173,home,634.1240667269045,0
38,business,27312.274183274272,39.43216286634775,13.053082628666832,81.81844397117906,52.839662329209666,70.51270315774815,75.57446069941322,1.581038927849434,education,676.2419710731369,0
25,business,104622.78758915717,39.68687721646921,28.739525835671188,43.01753054925035,20.78524711145357,75.7098361995041,91.20893628220935,1.1085511557427652,car,834.9645196301819,0
23,private_salaried,39615.82072507195,37.549593543609625,58.06490372856912,95.53159693104156,59.152203312703776,44.5923350547569,64.61811124142099,0.1,education,721.2490611009454,0
59,govt_salaried,20631.275840981,56.66508187972717,52.72127120492306,72.25844357916294,60.00336047933557,21.5826834373918,60.26571007914501,2.4327261883827136,education,810.1334769036963,0
37,private_salaried,67701.6881517745,30.779223401733702,1.7061360760998454,74.87601720652255,65.07798317713943,87.45355369596042,41.176084790080026,0.6865711692890074,education,389.01409968162835,0
31,govt_salaried,28264.84393430215,42.31509912384941,49.94736063223603,69.18615383937913,100.0,58.612799849326834,61.06633058618666,0.10431803179391326,home,592.9194382437677,0
26,govt_salaried,25570.594991257505,13.488666961512141,31.16934352173414,76.14948006048594,0.0,62.96100975040287,70.84268163483858,4.016235609565299,home,664.7006598007423,0
37,private_salaried,66641.53761451993,46.36261565070958,24.38997704778945,63.4836351871064,48.1237075712089,18.9615767052883,39.69617875602896,1.552227773052294,home,814.0249120933429,0
63,private_salaried,33115.080210398075,33.0812361277885,15.889191187991486,42.87107359484855,60.086590896680576,49.87298509431393,41.55492580804652,0.1,home,462.7392902740795,0
45,self_employed,48825.777475804476,57.19916208335039,36.547366152952364,57.774315973434724,93.07810193174143,75.77820087369318,49.25507691347087,0.8344054506542598,personal,627.1593586299671,0
26,self_employed,74598.35380183619,29.57865740859534,30.230132652318837,65.83780194337247,39.35017674363999,57.36179555262477,61.730975223646006,0.8390146205386163,education,670.8759595003484,0
35,self_employed,34132.28882761828,27.01129546669393,45.56633219260753,79.15006970318272,100.0,97.39224310874621,88.66024280776699,0.5176949553651771,personal,558.5918101126617,0
32,govt_salaried,67461.46499771974,12.135642002450119,50.95472629157269,52.21716542820235,61.69356664258153,100.0,37.77988780089557,0.13303662864280333,personal,898.0452802101655,0
22,private_salaried,36279.77348009602,46.403766419530406,57.12658209656885,90.43276298602672,36.916522938719154,100.0,34.59513623316216,6.631390120551952,personal,526.0845117158847,0
31,business,104038.11041852391,42.32066119068124,66.60268190150404,72.60298161268803,57.84323650532451,53.109678945515014,81.76657036921284,0.446787997413795,home,581.1495439630203,0
24,private_salaried,115225.48737698208,47.37350279193101,70.4475597395519,67.03253219646103,61.254762306191076,81.11470599052237,23.47296573000446,2.153833344540281,home,831.2963861737431,0
60,private_salaried,73980.17921573574,0.6640811460050386,63.64963834905012,99.29444119373096,32.97840888779348,47.36242209911872,80.25209944752442,5.272260648036987,home,765.9106409551508,0
58,self_employed,79621.45645441246,45.81159573710866,27.95750559392652,66.4935753167631,53.70602538236748,100.0,61.874505412204314,1.922271651659759,education,681.2634784488819,0
24,self_employed,39248.999046178425,48.044088801584905,62.11275717609902,83.26869806447402,100.0,49.52421601792854,45.10690593377166,0.5010031862913296,personal,508.6657350209176,0
46,business,56386.4586138733,18.117664290524353,83.91503959233653,77.58442363950455,57.73486986512232,79.51533247797384,79.62018463473427,3.0709936334812955,personal,676.8660829134958,0
49,govt_salaried,93988.20588578488,30.06089439416273,25.594371065411124,66.95097782746325,44.27154912331024,55.531476145990084,89.03766036057108,0.9328975284007012,education,446.9042444342217,0
29,private_salaried,62171.96353634197,54.78257931636156,30.79966603249812,56.049204254281754,16.10625060320929,9.307287104357997,73.22706451757806,0.1,education,743.0567086986697,0
26,govt_salaried,42771.96806000456,50.58239217667894,21.035679433692952,56.86193011716492,36.98419411742041,66.56817845012154,40.30596856965856,9.27692484831455,home,617.7333571334203,0
60,private_salaried,34934.0365984429,37.23929845208716,19.349125895310397,88.4856093749355,52.12889951292441,68.10073247191038,100.0,0.1699173504478912,personal,517.1474654479974,0
50,private_salaried,121662.95103362935,29.859686088794767,27.57118268008417,46.849766105643575,35.55458281022812,42.78848309068343,100.0,0.1,car,796.6644015449524,0
43,self_employed,37712.235387129236,42.34061841841877,10.55744382216109,89.25996860344776,48.99186504604663,57.50358384900805,84.21919936406982,4.4331274999389105,car,703.3115973783248,0
30,govt_salaried,31248.715721449462,39.89199533363177,9.97772847229394,93.48054038413802,50.377446588925274,54.54553958961921,90.98018451673778,0.7508156303681963,personal,610.4802802016237,0
57,private_salaried,17309.924665103234,60.44684552435057,39.220349344052366,73.06573776259215,41.37702282977626,72.98272228704141,69.24730595150304,5.623848725724359,car,782.3962258419826,0
29,private_salaried,25050.44124044395,14.777218668414307,49.8652818804543,78.41730876255883,50.400416591183024,65.36867866130787,76.95163410723342,0.4708871591501848,education,764.0214175434281,0
62,private_salaried,60121.715487973124,9.461245936432395,55.583112746512874,84.45194964826086,61.40074335784689,84.65381967891028,100.0,0.4820550715963804,home,771.7244078021756,0
22,private_salaried,86814.84847902371,29.779803705547415,38.971167257925835,46.31270065682308,69.52555024664964,34.519695165459396,54.03121905165893,1.0988711943071336,home,739.764167115407,1
44,business,31914.67166716586,45.50464819113487,23.487243475244522,77.44019629290723,100.0,63.078802005507,92.98546652571352,0.281797286911695,home,565.6188289848935,0
60,private_salaried,20125.07156680067,45.616279031832136,23.750664482114647,87.64815478111042,79.31386124066825,77.43619924434392,38.59550560219087,1.1195249389495552,car,729.6484656665625,0
32,private_salaried,59284.24848503022,44.15878617925735,46.195808958620795,96.61561451109243,75.8480538637226,74.18360158456873,68.59668577082707,0.6250328227653058,personal,450.684687978081,0
36,business,40487.90195344834,39.0736825579306,9.465028483593812,53.37886919183475,81.3288213333226,64.2088969228669,83.63001394745248,4.9520267668383955,education,812.7960058620145,0
34,private_salaried,39448.52302003673,30.36241814797041,39.44267543267426,65.42502756673045,86.39390313933802,47.107853955609926,66.26256711677281,1.9385587860001239,home,597.232273007099,0
62,business,74460.9812517419,18.588438492523295,0.0,66.2466866039459,25.3416226194657,100.0,56.99258111859946,0.7925608460177453,home,596.5396974319074,0
25,self_employed,48804.0211309939,32.979908688761036,50.72349840378405,65.95343668730999,71.68015233829595,97.27939641454888,79.20150020599294,0.1153734130793063,education,620.0322460609838,0
57,self_employed,29757.098264218715,32.514154202800775,18.48830313965078,100.0,38.402577161333355,88.34205828767273,100.0,1.797129381481103,personal,634.6146168685867,0
23,self_employed,63426.46145733015,52.91272943826603,36.930905270775504,45.00326177352911,70.78615733834845,100.0,72.173376621347,1.689183553848739,home,444.9478832984505,0
45,private_salaried,40608.13416802844,22.398348821249925,38.29395654874281,67.74929949801275,69.59500940390727,75.86998205578683,91.67219307810942,2.001036953924747,education,534.1258880147418,0
25,govt_salaried,64571.85235374246,35.5831641188442,35.865433894885804,95.6094684087166,58.78423686425941,82.25593971580977,80.89334888636779,4.996827740463887,home,892.02650530243,0
53,private_salaried,57112.43570947171,28.03239611746268,15.993380636065634,81.35610338403768,39.2620862987729,68.89705642403693,66.82651112578728,8.130777001335787,home,605.5611957683244,0
51,govt_salaried,107328.97541595693,40.14663624427638,19.358086294550628,62.699639773204076,48.79342748037211,53.10219405860868,50.176393807799,1.1817997353355234,car,668.528873235403,0
50,govt_salaried,54546.84824404183,52.79581118322932,30.272943321512813,51.29159990639378,45.02768769366122,80.40850434233285,83.5354054143391,0.4771552348654909,car,627.635312676429,0
42,self_employed,34623.54375732493,34.376448536862135,75.40803927364223,60.20251447073225,12.37283326890688,92.65808868929597,92.7320954340912,0.7275816976363537,education,595.163921170709,1
37,govt_salaried,40004.75342464755,36.334284089145534,58.31827430742801,64.14790316483445,76.92754946965732,74.27447714780864,81.55633781762279,0.653586211968693,education,623.3104665853322,0
36,business,19469.682337821563,26.499958812348417,58.26970916062518,56.41335611795453,35.49245865357738,77.80379647414247,78.05536583986188,2.0681270498925346,car,732.7835899755561,0
37,govt_salaried,48316.942663409995,32.6201675619712,11.26716965269905,67.59581154373501,55.58269002214674,52.0005357627306,88.74447243069699,6.071392397721996,personal,799.904212098504,0
34,private_salaried,24027.090261765185,44.09247635917184,5.264584345993274,81.32852146098168,66.11637964167397,45.09289272151966,87.8147616754978,1.4195781333641908,car,443.86476514860414,0
38,private_salaried,48402.438652021,11.24145764771415,50.20829312288595,90.71600317301665,65.63643904462413,45.66047713741574,69.0457728771604,0.6928282069617955,home,611.1972545256549,0
48,self_employed,43893.3414905757,35.40328758491796,39.16765615895105,34.16530263151419,48.82056543698508,51.36031504004403,49.96759980210169,2.095668509795302,personal,616.2679648536854,0
64,govt_salaried,64618.888755615364,55.99033154879003,53.49267365825538,76.19260739840348,38.82658055736066,78.96446627227179,77.86970770843499,3.1301686821800656,personal,712.168033261411,0
31,business,94721.570726304,37.96399407038599,76.5052174525053,61.21624363820864,98.39909507913123,68.95821566925295,56.97163992771103,5.135088892505996,personal,591.9336999134814,0
49,self_employed,17794.931261322716,34.634681116085254,77.84540717223727,100.0,65.9080917418508,65.760069563364,72.40062653436523,0.5564294461722333,education,600.5224257518166,0
27,private_salaried,59850.888798043205,44.707939095541114,25.33627075401252,100.0,24.35585842494147,35.7125023958036,74.48903637119945,1.443372702586649,home,775.6517963134586,0
56,private_salaried,22657.15769655385,44.78484317620129,3.4721568603150104,100.0,89.5022838536863,52.488745969809415,77.91607066874818,3.145412272817775,car,849.1937123270345,0
22,private_salaried,48398.44502007791,52.59093528889047,45.872003091888644,67.58771335827788,74.29246776620862,8.02914758739849,92.97531400744207,0.44639324404407843,education,441.23434654662805,0
25,private_salaried,21739.60829287044,27.98448198032163,41.930077634614314,74.06158842241632,66.92602068057803,66.53643782120511,44.340155516228606,1.0274626995129166,personal,630.3839195957352,0
32,self_employed,41178.597936053186,29.761134435223568,28.56729897565235,100.0,64.54838630578884,73.60083294382139,90.60566908063684,0.5761796259264339,home,678.6546990831816,0
21,govt_salaried,39124.2393036424,45.98960115823369,33.385668397828354,76.57270380632181,5.044982886697312,83.32655349404963,76.92976951795985,1.5162306727300237,education,395.41328703334193,0
43,govt_salaried,85313.79198290939,19.401411093117037,47.25547810125139,53.93168873652688,39.40577598260487,100.0,66.18635198473307,2.9492246909508846,education,676.0919447815668,0
38,self_employed,54083.85744910813,38.016485700724516,56.013087920152245,97.11051865915968,84.6757576390095,77.77460444058369,47.13990174539033,1.2516289122396471,home,427.8871570525679,0
26,private_salaried,41470.85817169167,38.0928647304399,22.913228611067204,68.4659201004435,85.57975263566647,78.88466820971966,67.76955884682108,5.791092715714735,home,742.1376703371676,0
44,private_salaried,97523.96353720762,14.892070949262244,58.28869291985814,100.0,94.65934700397541,24.60888902045663,91.42801820747442,1.98794822407001,home,573.3245902772597,0
46,private_salaried,61423.492090171065,19.264896161442707,35.055647418431576,100.0,70.5599217630822,66.16802944205337,71.79216319855217,0.7061382522893449,car,508.23272200414385,0
64,business,64987.78187311816,31.20971467998554,42.841690594017386,71.2220662443105,68.826831911012,64.32626946182567,50.99303633796531,0.7418964076954297,car,712.6902335939078,0
28,private_salaried,104533.07226213094,46.5962478376629,22.933528695565755,43.26376568809822,51.64329741606224,61.8155224380658,50.61600779372468,1.8619612493302502,education,716.1244762691044,0
56,private_salaried,35205.01213286189,42.1550557909261,0.0,79.94995593674422,100.0,91.50538102076662,78.44026321413938,2.6004286304545325,car,787.9303673916457,0
36,private_salaried,31931.963896534064,19.125505925613098,48.85398651988425,84.1508527239616,80.72095738532029,76.39587623807539,58.644898736516126,1.37887952990353,home,701.8631181758486,0
41,govt_salaried,33946.627566848,35.657172079686646,32.05995996743023,94.27758233589819,100.0,53.85016429984333,42.603940408418445,2.256440118848305,personal,597.8209085707706,0
38,private_salaried,113419.70346041802,26.69617637438008,46.379661583705506,100.0,45.52180647531282,60.92839279795277,58.366381721027125,0.6425795752390833,home,528.2291923168559,0
25,govt_salaried,138686.7347481065,14.819473216467518,51.480296611967034,100.0,76.76440539535604,60.06982614891719,39.23928584469118,0.5278054424313495,personal,850.7086864205244,0
28,private_salaried,94429.15173336795,45.416094784180565,28.463274138757303,51.204769165358,86.22851604227797,58.99812077525232,69.59962201311143,1.2052969262131936,education,696.0334364945519,1
60,self_employed,41847.85311805267,46.59660810042856,11.896404977191363,70.26839298541718,45.09015412380488,73.50357684549404,76.71315979297796,2.344337645759207,car,734.9730412026308,0
53,private_salaried,27491.308106284032,11.93229011106694,10.593652455684492,60.6263614911344,87.75182736094632,65.78327808723718,73.86661333905467,5.165556480105689,personal,638.4472030157484,0
57,private_salaried,74551.4960123157,0.0,35.56405423043855,100.0,72.0164484882886,72.46117870641274,100.0,3.195143571753782,education,569.8291455628341,0
41,govt_salaried,39456.138265427195,26.843308501649904,36.746299480171274,85.93383211542626,58.080756822866555,79.1892363485971,30.617054280529047,2.33086574122862,home,623.8098603508596,0
23,business,64789.90953585479,42.65418515798107,54.95625436528056,73.78958955387382,28.707627797507453,33.37484858161038,70.72220350660257,0.208359987049063,car,641.540146632909,0
34,business,70465.8455819663,28.1156467126314,1.8713426965769884,100.0,83.59969798005407,24.688011266738037,58.74799436692615,1.6570376499175778,personal,577.8099582302868,0
39,private_salaried,41417.42704845139,23.453466831786848,23.790898034401202,93.74516179127878,93.03325403330413,39.51262507241243,82.52152851015634,0.6620161107349622,car,763.9464962529588,0
59,self_employed,39487.27981989928,54.906171530205,9.54350775876986,100.0,6.4003142628716745,100.0,61.87595522756335,8.298279235922655,education,510.5231412334859,0
35,private_salaried,13419.697293867164,20.09815660914984,46.58798478348007,44.34529262208481,80.82386833071531,73.32472733855191,91.52366642660641,0.55428729878471,home,648.1628180992406,0
31,private_salaried,26996.702895406575,34.398672310151696,58.364354436337294,57.74189322499003,0.0,56.10108479750657,52.50359239847762,3.84298550473616,home,376.8351789689597,1
49,private_salaried,53280.53861383814,33.68542613275284,38.05435798439657,86.76399869943714,67.71670623967839,16.365728574757043,68.05383622455946,1.4951581677878047,home,573.1407878276979,0
39,govt_salaried,48288.1885593283,38.8882702751489,50.86112761314858,99.555045196386,51.92465191607724,66.88358883360817,70.20046604484507,1.2259045715584687,education,584.8881242682709,0
27,self_employed,25236.356805889092,18.850085982135056,0.0,100.0,59.71040020743571,62.48122054106333,55.65029627837836,0.2155773770741391,car,722.8557320940342,0
23,govt_salaried,95234.45436709381,43.343450141009896,44.117755441632156,100.0,38.91204424049643,83.55680256162475,71.14026249794169,2.183213755112126,education,682.2310734635909,0
30,private_salaried,60517.01136151201,19.327862089684494,0.0,100.0,27.41979085695792,60.57492752828456,64.46373400222159,5.44925770275138,car,739.5424888777284,0
38,self_employed,59056.379709167784,58.98683502724063,57.49597289186383,59.01211847677129,62.36311856134639,30.65008531718481,59.19693223251498,2.89032292720736,car,687.6863561119832,0
44,private_salaried,65721.54031256557,57.171902392598916,25.086065146201108,88.20021186234237,90.8811756618134,68.25339997995064,52.87386861113701,5.241742745623798,home,633.3852819219471,0
21,self_employed,41041.70635950801,44.15366563407119,39.90037190920934,71.05140922715921,22.661606410158406,86.55907790211515,85.18421999839666,2.3861385692425174,personal,720.0663553250375,0
42,self_employed,36138.30087064814,39.68737520385708,41.38666379386772,90.47665487284559,83.05437572004213,77.68482286118444,79.50571178639782,1.5887011064382874,education,857.2356621480086,0
55,govt_salaried,40255.797846496556,28.822607685216205,6.108851129504057,41.77441013444464,55.7261693095436,86.50628278718709,59.24620605144274,0.6386463650662931,car,686.4133701108855,0
38,self_employed,89696.14901496399,20.11485740187724,42.71768766168652,96.35198601624981,76.20823750940825,66.63126069968732,96.13114923528695,1.1688670088643887,personal,563.9813215276635,0
48,self_employed,29375.215507215562,62.81138849501282,59.42067391050706,86.64195406937232,49.337897528754205,45.81121526553041,62.55586447857894,2.1208342405251126,car,780.6498343645023,1
23,govt_salaried,24628.368034958625,37.113293703668056,0.0,81.46335428369562,51.30993534253328,55.67926996263515,38.10593865466409,5.153616082788982,home,481.9753947957069,0
25,self_employed,38431.06883718924,37.12752750714355,29.515432858909378,55.013744846997255,53.65638727577187,81.25914224731298,50.918765045073556,3.867644170992182,personal,535.5674464376362,0
33,private_salaried,32807.43759656541,37.60874125750644,31.614982318873867,77.58129596480337,42.775462814271044,26.042267254730554,85.67437563629132,0.946532880339538,education,738.421267651092,0
31,business,69647.58356077105,36.45124842438675,32.80901417061593,62.91975450149746,77.11516974656732,46.616397225585665,47.792009654079585,2.0829218553698956,education,718.0466620865724,0
61,govt_salaried,45903.58726832962,25.889816018518175,67.58646673236052,80.27788860908038,40.23804828639062,72.48872651909147,70.70295762849017,0.6450152990290943,car,614.5350511824141,0
37,self_employed,64579.988250849055,28.471935070745495,13.093088722861665,70.64538031023106,26.89268514485423,78.00380761461508,100.0,0.8582955014438338,education,618.6905280659444,0
52,private_salaried,50438.32431553531,27.758847167269515,15.933427834825753,77.4534063198959,95.61696146173901,71.46158546232058,64.95292995747425,5.2919626276995855,car,839.911275857791,0
22,govt_salaried,76233.39410892018,33.83244204480797,31.390401728187488,100.0,62.46882270914216,49.964178998096315,61.47284807588913,3.735944795845929,education,787.8134851036106,0
48,self_employed,37942.80460189189,20.849254259450966,12.521970662698138,52.164718149684,68.38943617221072,65.97337473766102,89.13713758551148,1.4837204506777932,personal,572.7740201219045,0
23,business,49695.08830958339,15.752338581052879,26.471459497736653,76.7932450221652,88.9019536701677,49.10878945182891,58.98616856939374,4.006072237497841,personal,763.3147570618737,0
41,self_employed,99320.79834587168,40.848302292085926,19.552604313713996,64.9579399180224,68.96727415083188,70.86787911283805,68.50070098321905,1.02684936845859,home,670.2153171523537,0
64,business,56294.635306141936,45.98210845227674,12.807089909584857,58.20349505095665,58.354629354442984,67.25575725258187,37.520855824779176,0.2996156803205764,personal,669.3875616127987,0
61,self_employed,40806.13815665773,41.71038953285916,10.721452386948712,100.0,14.427218813720664,80.91406283399485,82.37327874961298,4.640542206644952,education,541.5557767123846,0
22,private_salaried,61993.17545588018,19.90158513368147,30.514896824848606,63.11646502540085,46.600512260676375,73.65457198260368,58.112672553075875,3.6008764749702897,home,626.9211304313162,0
59,self_employed,53626.08509888297,47.88885837499761,41.92355491665483,43.78218194491869,19.299229172480885,53.55405894431868,43.5798700826966,0.34484905652296094,education,585.7606176855293,0
46,business,59523.19359471122,24.553703106160945,51.86828618791999,84.90425906248224,55.97163905121409,68.08631663267172,100.0,1.9018305735300158,education,763.0774652321442,0
50,govt_salaried,122895.7652884167,9.496926881779007,45.566060693338365,89.90808394690804,32.852100101018024,51.88727240706294,72.9750179247043,5.24379906824188,personal,764.0369110368291,0
36,private_salaried,50768.23189522978,52.42817453912286,16.452937316188518,79.7673796546957,79.37994074456074,75.0218833987969,73.79163233197487,1.8216579407789468,education,770.125531108057,0
49,private_salaried,46398.905163182986,33.8369927720901,47.690805761144496,86.59817934943841,84.9914668964642,48.770206445329514,77.77440246102218,0.6670348260598931,car,900.0,0
54,private_salaried,77143.98174562164,31.76752696520196,51.13128353361999,79.12099035759026,50.370869275628166,33.143944012950286,41.7009477856712,2.4355922144317614,personal,338.8224578789909,0
33,private_salaried,71684.36789624432,39.46881597889704,40.7746478943992,68.80235852712498,10.1435692372485,35.985761645130474,63.66493341202964,1.2637530883078325,personal,630.7840645320032,0
61,self_employed,82381.79824674489,36.29551350610135,26.283393181569757,76.3858812109778,47.661528946060834,67.26268475359943,85.16212397034943,0.4514195567259533,car,639.534128190122,0
32,self_employed,22201.87510532404,50.77925608742399,15.420895077854595,91.21407310699988,68.37933677622748,81.37261323559797,45.89992957801945,4.028034709137113,car,543.4222525127147,0
40,business,21221.66489989353,21.557158065250096,24.474109375460525,100.0,88.25457715765535,91.53937062113351,74.64720555367732,1.743659258195132,education,759.6313750135039,0
40,self_employed,71644.3303308861,38.148681344628045,68.73278371608689,86.17539569121254,77.93863016660302,15.951861531354751,100.0,0.22041842280389093,education,414.8731728691107,0
58,self_employed,35485.74498413342,61.62966338914268,11.127263364870398,93.38308347220003,80.01455795107447,51.5875958184671,97.84930600128658,4.320868585554682,car,619.9944182481256,0
31,private_salaried,61612.18493913862,54.56510364317229,1.7501602392865152,95.65092408683314,83.16762842068958,43.18067139569604,61.7837142409083,1.4076200339946525,car,631.4641377358429,0
38,self_employed,37008.98450877921,31.86167189383208,1.3312361555809957,58.88259867007622,79.12129082743644,97.31165647096464,45.31302256240156,11.064625773411326,home,578.9042889016526,0
46,govt_salaried,60421.09266287588,33.67455561191997,27.599779402357445,69.82407874665795,94.96617926261791,76.21838895882478,64.09039363941679,0.3086385587446633,personal,593.027162541955,0
38,self_employed,46460.08928103593,41.715753887154165,3.5824769586300143,52.4646506218039,25.151874840023616,67.85886189527413,100.0,3.5876803457662394,education,900.0,0
41,private_salaried,81630.83012851336,5.310502844363185,49.95820512235068,53.54513948520387,60.98117160277874,100.0,51.61230816827153,1.6779644274486878,education,735.2398995486351,0
42,private_salaried,26508.618957513052,42.45048834854782,25.693790864398935,72.88103291391728,100.0,34.94059343209693,75.07479322989147,1.9056356576648312,car,706.1231806118519,0
61,business,50911.094583244376,40.65650590853279,34.414743726300436,97.52100501544336,53.715156910287845,29.53935063586237,95.23843001427983,0.8414230476501898,home,432.21523467509303,0
37,business,47693.62402446649,39.28331112286485,45.42244856758677,87.90431171900114,68.89011165008621,66.79161362510497,66.05323159385348,4.8097204772319655,home,631.8472059615785,0
58,private_salaried,79343.71359863729,45.840440142839284,17.752952538731112,100.0,66.50176515868596,86.69054092990177,79.79881165600146,1.0139402437648137,education,764.3750054451305,0
27,govt_salaried,89736.5159977794,13.406539199357237,38.61166413216726,77.9047743356333,39.51908837551396,71.26237659494528,100.0,0.8224217594402801,car,566.4617169244254,0
23,self_employed,45603.541850317735,60.876759983878586,48.44121038187535,82.81226355458723,74.82332351214795,62.27105073291657,37.64332188883356,0.392209190234336,personal,457.09281627572307,0
59,private_salaried,33041.8300697241,27.9375653522926,58.00592052602787,80.59685321995217,18.066798977346508,70.15521765720221,99.62477097177607,0.5201535654695384,education,592.5707066454239,0
28,private_salaried,53740.63898354267,41.37953606341792,79.37479354401684,43.70173261561462,49.57016624847588,43.30932413415897,49.675016510835015,2.071208679465025,car,697.0899160614521,0
51,private_salaried,57966.43085067221,20.78761797539338,22.476199355568667,75.30757962744211,78.8774094860369,44.342615428258924,52.83100119250628,0.2686634568594838,home,785.0705325248413,0
24,self_employed,28955.558290789704,32.60608157262506,53.89943330777463,70.47478257652497,73.90133305196616,63.6890478643799,100.0,1.2261232844062828,education,705.3814886018971,0
41,self_employed,53946.790000909605,36.02555943965392,13.892259658150252,96.1696908706065,60.08257358922687,59.30633928654833,61.23780351512811,1.1159148967693926,car,666.7732363719483,0
38,self_employed,42009.011062519596,30.70412189754835,41.548395433019756,31.705714993791787,88.46554335976128,48.376602283906706,98.34087641895235,5.096001920022558,personal,617.2376287128777,0
54,private_salaried,52530.50591597173,29.901282413461747,84.34407421624984,55.15283427018973,80.05213041476023,75.34393669078027,74.59744416247875,0.26303137522478326,personal,827.5863319896608,0
58,private_salaried,29816.74157895885,33.83941413000841,35.30038453188579,85.76123440363618,53.957979940252656,100.0,74.32633763137001,0.9344214492247009,car,546.0960275445129,0
32,govt_salaried,43527.68440091957,37.883521462928464,54.6170689827495,60.15540959616731,0.960991667020167,70.11147307424739,89.77338338716005,9.142913635712949,education,487.8265082129634,1
43,self_employed,129547.32327868047,0.8975561132704399,16.274227351864553,67.08342438536675,50.50939999411907,50.137314704640325,54.05994392835636,1.6544947113984174,education,670.711292469784,0
60,business,64122.16792147845,35.77439565066812,30.885448183440534,61.99966662659094,38.44672886331003,53.04383227029281,76.77629201621474,3.8003857278078996,home,530.6983889117855,0
31,private_salaried,50529.086403197114,44.57776790891728,30.264627940718807,69.74042392438643,9.107218148974482,71.60130001625242,82.3985266479161,0.16055503118518188,home,649.4210453713844,0
53,business,21942.25450812811,37.77110868343587,75.47212438459279,75.13599689119995,50.24902412496264,57.851091543791455,66.39216636475184,1.9773253190145088,home,814.7418169611836,1
28,private_salaried,22507.825485066656,28.561333695520073,46.7710653954144,43.03751296232505,66.55431665204857,100.0,42.73651990814379,0.1897242555346097,personal,714.2169722546384,0
37,business,60654.16611421104,35.28721666123628,22.170261819113808,84.75744569742147,100.0,61.18192416545403,84.39515884296364,2.746034363797407,education,494.8072450554604,0
56,private_salaried,83061.21591068839,16.243883990454236,47.09030652710734,92.64666124646818,43.69774167917299,55.59915704480997,75.31756459304097,1.3996108769504465,home,756.0633444143689,0
56,private_salaried,71118.0168864316,32.28163740172845,22.01253923357148,100.0,90.49007511284093,52.9915286852259,32.66920097278768,3.8726107739427467,car,770.9016427804306,0
21,private_salaried,18805.720983654544,35.21409601754651,15.921211612067104,66.85927374146439,72.15796142391753,67.11788906230468,81.68825960944969,1.4344765245377191,education,431.0670935988245,0
27,business,99262.72982532761,28.91884988579332,27.782171611507856,5.571402161232342,65.22570134356593,38.489801766351874,58.98557608608978,4.828074613225887,car,526.8536433505967,0
55,private_salaried,97985.46816296481,53.98444303378447,27.62408126644329,65.42865515967773,78.94319134155023,85.74094577479859,84.81181736206094,2.657997180868051,education,300.0,0
43,business,78945.42528706785,1.8865441206460076,83.4481107757988,92.15549213990325,50.66170427412459,53.95356652845311,52.67158777102891,0.5690663922937835,home,727.4738569003684,0
24,business,33707.790594089536,45.19059924434755,12.024119296826878,88.32625001818424,66.56478232134879,30.483865424188068,56.4487069532869,0.9836997982865885,home,547.5272349934769,0
56,business,36360.740092162174,56.33554792547761,69.77799327595159,94.57716101563591,57.1329535641256,48.834685567181474,53.39111186886869,3.7925082649352793,home,712.7016926318909,0
37,self_employed,24399.87130479173,50.77921426584378,15.038787453711741,67.32057456095296,61.25500515629236,100.0,100.0,1.152236190468142,home,505.30854458533537,0
59,private_salaried,54997.08042345316,42.46614633637091,48.318485041089225,83.43173221228912,75.97351251174031,52.65493626906154,58.833964921079385,1.0222165906755696,car,517.9814920433967,0
21,private_salaried,86730.975031697,54.371053223240125,0.0,90.88280120152359,49.493634962597795,70.12109728566519,63.5352407095582,2.3922084161021924,personal,467.85515039830284,0
39,self_employed,154030.03559814347,63.91354077767292,0.0,61.9010807839462,29.076224850626453,64.03587837025876,73.74328040972324,2.826437330792327,car,677.5911761472116,0
57,govt_salaried,40295.443621453065,41.39179289606992,31.336173085657556,48.09030327495556,72.05148771442002,57.153704625321936,61.549745311559136,0.1,home,526.4754190181515,0
53,private_salaried,55956.05908757096,49.22182158650967,20.429099553599862,49.43883041764397,48.85375052555008,52.71526762902606,59.79330033584504,0.5747955204138547,education,675.4099661697353,0
35,govt_salaried,63000.08585079502,45.07220901510376,48.228455681666944,83.48946188495819,50.79766335086889,73.09828197918259,69.15328683603526,0.27208681047688316,personal,622.3519142953079,0
46,private_salaried,51437.89250986042,13.3416563380413,38.473532922770524,60.97325616794572,97.64107356313613,67.3848665859178,86.02328039647846,2.926174615805262,personal,900.0,0
58,govt_salaried,53552.107779859296,61.485638996756045,22.442335711164212,57.28091373410808,52.720644162035924,100.0,85.4207783990651,3.041736046604257,personal,747.3675865389911,0
26,private_salaried,68036.57544689199,11.952145775843249,30.701792896998434,80.53586898650576,96.60792745311588,79.49447715788517,52.70868545443397,0.1,car,853.4466150142356,0
30,private_salaried,70353.95295567374,29.219250087121765,43.409049544951166,57.71217858171639,51.4768021430595,71.33080653217264,73.79321754126842,1.4229956393030943,education,656.4824871256988,0
39,private_salaried,107378.99659048136,54.355521832920054,51.15061999637619,55.535153732549325,63.979576229802,76.35883486150263,56.02790328807892,0.7110842861428062,car,545.5379472982773,0
53,self_employed,19173.388047492368,41.11815173562982,44.05062872718969,46.99160879338464,60.16936949586041,93.34040825963253,83.62679006371218,3.3477388309335017,personal,767.3081638593854,0
26,self_employed,75108.81604923596,29.167567200371394,54.98659422479507,70.25846018228843,81.36666446921907,73.721639102545,100.0,0.3898446167040487,education,643.6524793500795,0
24,private_salaried,20196.161347425346,22.973192709364984,0.0,94.57848013730847,29.837167682260493,64.42582819575544,66.9252485534556,6.443438898613953,home,715.1245277572069,0
40,private_salaried,46533.97281021508,46.69633244433231,2.5414483833980483,82.06861732972824,48.21296330982663,68.11044851909992,72.21364811311652,0.6085573511383392,education,665.0839786612381,0
62,private_salaried,57753.530578840735,23.921968617482207,13.159084010980813,65.50604460725881,80.82796288499601,93.95173849024857,72.12349939493004,5.393541157242966,car,700.411338854221,0
42,private_salaried,15354.821326806501,19.01450423966837,19.659649461959994,100.0,0.0,56.66594799531332,82.39132944356214,1.8976250011984417,car,699.2876795922912,0
37,private_salaried,50385.92027961783,43.589121618711495,41.97380903514492,81.27075934567031,32.964159788548145,45.54100441366669,74.18893864592835,0.5953077492209766,education,484.6858999094915,0
48,private_salaried,48074.05433721082,38.33651205454892,45.72755705203407,82.33131514386244,33.827191792075524,99.3969242220517,54.85378972644078,0.9920768488896641,home,727.7706037592491,0
33,self_employed,77818.54658735999,46.36494309409964,34.849692714584435,82.09235136035888,53.876135330690424,44.65332686490453,70.64802882739347,3.6183079939299585,education,654.5885593952034,0
37,business,31154.533741906067,60.64079099836553,29.748875328651486,82.28134057136829,70.88453397055673,72.14843432435238,88.30834042460549,3.492259042666853,home,778.8053506779797,0
61,private_salaried,58056.58012764238,54.976354555918306,35.877467196579495,66.69996835329762,0.0,64.26372987643435,66.0304696984849,2.6087073132970855,personal,644.861194242611,0
42,private_salaried,65247.24049910456,23.768246170339758,38.09216859041556,98.6009073762234,54.08510343593621,72.1195424791949,75.85302774801197,0.6584443615490245,home,650.959627954072,0
34,private_salaried,66826.54915349893,32.19842128707063,22.64781636398427,100.0,47.92883634555517,90.78793726860049,89.36012949881267,0.1,education,687.8883078652829,0
51,self_employed,56064.99900974772,57.69513899005983,62.93193783162528,83.29295970209566,73.77827119514626,77.48142830238952,47.11477137216583,2.7804407132352567,car,656.874842534362,0
48,private_salaried,104110.7859847426,27.67430268105498,21.210443504328573,49.76701788321469,100.0,75.5976139277329,78.24469079713424,1.950285950223133,personal,638.9121873675982,0
36,private_salaried,28429.52456009481,23.22857137808445,27.58983802819942,46.88865961642716,55.390458348740076,83.04554347573294,51.8448763970616,4.312556102804014,personal,832.3140708370122,0
23,business,64324.10893268746,13.669902126387004,57.101214596058185,58.651982061853005,39.76080427910043,44.73368328804548,84.02372652140747,2.261543242822866,personal,631.2191562997552,1
44,govt_salaried,30494.079732926613,56.52102469496516,25.798474917330026,73.67224764820057,46.68406704122602,74.8308424175462,59.239255137251554,2.7478865240362707,personal,658.0298869084843,0
49,private_salaried,41719.23648235377,24.957865623662848,40.504425775156605,89.87753249029277,69.74871211387357,100.0,46.47393486153462,0.9061227862254975,home,795.7756468273262,0
55,govt_salaried,29264.565955754864,51.700407589159084,35.702533398554735,52.82006613578153,11.21575108580359,34.448590123813474,56.68293183532152,2.5425040718986267,education,629.7018589108015,0
40,private_salaried,38327.70348956972,30.283909826696053,54.16576859410003,100.0,17.32320192054032,54.75185825680606,100.0,1.4632415495847042,personal,784.2149173817452,0
45,private_salaried,78363.30112318166,29.67593822851577,24.61214027171248,78.06881951908544,59.444473073247025,66.08153639693943,71.90313045364928,3.443776129733221,education,560.1744638455115,0
42,private_salaried,59085.843186056794,44.56057966381691,33.662349230857245,78.38145058910374,44.98226731292317,25.135623531787708,28.99303356875101,2.8935226565443175,personal,532.3686588442988,0
33,private_salaried,61224.92679822998,50.613640254591694,38.42923682453194,68.99236518960458,59.85507155390614,48.27644237025406,62.40306142176182,0.6559932877953727,home,671.3085570368045,0
63,private_salaried,55861.64803769106,44.442943763327165,18.913684806800152,92.90710861525199,39.21055677086672,70.06330476075962,86.40688025224912,9.065477154301693,car,607.5126143759493,0
32,self_employed,44226.09526920821,23.801324801896417,31.46451673768436,44.02763402272507,42.72115632144738,59.302490132606586,64.8764049500924,9.036917082498107,personal,621.0203064955066,0
30,private_salaried,26663.161873791443,55.53882196132814,12.228652539007609,67.41191002028316,63.301631229110164,82.62366686084013,62.39516888139593,0.4208256658792469,education,752.1283056824736,0
58,self_employed,28569.08371425164,18.108621367591756,31.785251173762724,95.71694609735238,53.981103753834475,68.78463959811856,50.07316635652392,1.1306436351076359,personal,767.9741159571857,0
60,self_employed,111366.26907379292,37.60941724528562,14.218528672164375,75.33098797818226,46.198609807201585,100.0,62.137576216001875,2.0500596522559795,personal,599.0661556229022,0
38,govt_salaried,34305.278254416575,60.35266450018936,53.507961815934486,75.63563136323182,98.22786920173834,66.48558488165698,91.95249929722328,1.288656868364181,car,654.596070502691,0
58,govt_salaried,75500.60226950474,31.748674752707423,39.594220336045936,74.38841960993065,84.32581334564267,81.94236637959281,66.07344887949255,2.3149120794920037,personal,658.099241749673,0
34,private_salaried,91045.8923871553,21.84511108234172,0.0,91.7086817643173,58.385062062090284,31.631224921947435,100.0,3.4825540665140364,home,724.9303294707862,0
33,private_salaried,59136.78790831175,40.784900007038566,1.6943066573509569,62.274209086438375,31.801651001556984,67.8418449124069,81.49402523330697,6.459800665291423,education,641.6506149294529,0
45,self_employed,97349.0666599708,44.10868180525109,72.74671797788831,77.39005042529364,50.666971143736305,77.1461472672008,65.67177650014823,2.805211438717363,personal,872.3077674530059,0
35,business,28141.431894986352,42.62402959511884,100.0,33.31774121002823,98.11741624402771,59.25104961199289,75.74657808806019,0.1,personal,572.2841463693751,0
34,business,76155.74409599266,58.340008577588065,73.24818819833597,92.28308426941771,61.96547980164796,36.453328209690696,74.04041873980015,6.555433000839139,personal,675.792820392672,0
55,private_salaried,93707.72332574225,20.051108955155726,10.353577059251187,99.16901016036306,97.57067515023195,43.091330854108264,80.92147026274222,0.8762158381126288,personal,543.2911006126011,0
33,govt_salaried,80469.16359561536,50.57566482147723,13.233610259418924,49.4125900829431,52.2851757321889,49.01303093247988,53.59646241907949,4.498044890633816,education,499.8346104287129,0
36,self_employed,43974.19007264702,21.79669713766509,9.79371417312813,91.98021826553106,52.36907579796831,38.72769707841867,87.07617124618137,0.4875825181437401,car,717.9303179293057,0
35,private_salaried,40236.06057524245,43.63008296173377,49.541600409019075,83.86546596012812,86.77679124185656,50.857679907354424,49.13330313899328,0.2830818247288992,personal,522.4440012770007,0
45,business,38315.98283061109,28.757722162078277,43.21698408865366,54.39611960204118,54.04648279939207,71.38802467191161,72.58635196300253,0.36861063172725705,education,504.9158723612977,0
25,private_salaried,50088.23874938103,31.151735291706892,72.92824811545565,79.39568646848922,89.81363134314893,24.017522270927998,86.28338966664704,0.25989598905997885,home,564.1379816890014,0
49,private_salaried,46697.2660661428,37.86072450075192,40.32384496374541,92.74062044265813,92.86955115485384,57.72577901824906,79.54701279472947,5.161063974057498,home,440.6803136866091,0
48,business,18884.489845890723,22.094224838307472,26.727889331567113,100.0,68.91382811334395,38.29036861800218,79.72072578835274,1.112628833547456,home,464.3235213273962,0
36,private_salaried,52750.083915316354,26.246010104809926,55.767577020386334,44.61307849046315,0.0,55.97682283182002,81.0348159982184,1.1990897723266831,home,829.3101495507599,0
51,private_salaried,53917.58440448278,41.738280819275516,24.80386613618235,75.68882023411683,0.0,51.83503175332304,79.07017425108936,8.864191844407594,home,532.1247158894384,0
63,govt_salaried,33485.19721575184,50.478019738022454,61.91606534725738,89.74505065886396,27.7097201342948,52.263471005533205,32.84560277284577,5.73803975388138,personal,615.3741564949154,0
34,private_salaried,34447.68618565323,20.86870197867606,25.858715879113046,76.09358816963523,57.476726898085246,34.65387568643014,59.17832340644361,0.9556951593798617,education,683.7465861771751,0
59,self_employed,43132.61503061036,15.960042551799514,69.05029316259211,79.04657592845604,95.79642247722772,50.33934008952021,100.0,3.2872279895515906,education,686.2773566177171,0
64,private_salaried,44670.88043460831,39.64998474748332,33.86823022200208,99.37941579587326,6.222453399034379,67.87175873010321,33.640415492256906,0.10015314280681685,education,741.1654754581002,0
24,private_salaried,74254.52360855123,41.77416024089384,27.689254324836554,70.22786461487408,87.16412055426524,58.7926724361586,50.621413035028354,2.4146444120935318,home,847.9377073188705,0
61,private_salaried,46520.26814459888,0.0,38.73608784955307,53.898189833502315,89.76306429002646,59.59646558512051,88.85692343465459,1.040853232960383,education,783.2418775897152,0
31,self_employed,58231.276404689386,33.21106289614628,40.471876326788994,56.90216147904267,30.79729279177206,61.834722371920186,69.48357629903283,4.879030025548316,education,628.1098237352553,0
62,private_salaried,58232.104694893016,33.884471017719285,0.32347291032663605,81.81905380443253,29.51234494039532,83.68855566462615,65.16500722213107,1.9955391403652023,car,743.6084356869277,0
37,private_salaried,32293.404887202483,33.34001947164006,17.067155453695836,91.83967390904255,45.76981998881385,6.86023561356717,62.503558867563875,1.017670401984844,car,710.2062791633239,0
41,self_employed,36197.60755149497,41.83856292756054,25.818193795620164,61.10799261673711,26.14093329417539,29.96342386496562,62.201525868811096,0.1,home,668.9664187904158,0
49,private_salaried,36700.64041284833,16.03783797458507,13.131268358071765,92.24866819110714,63.51270231855059,56.22828578630647,77.10063196341675,1.9718451692535868,personal,517.5596205763557,0
57,govt_salaried,47691.54599451988,28.012668816205863,14.323710596384998,75.24954098670935,43.416940879084855,44.30684759126133,70.87059621516222,2.5396000977923974,education,842.9966566466463,0
22,self_employed,35996.57815005268,35.13566312298447,77.07463835632619,72.57840077181912,55.920303644135,31.599890512502164,59.366761993606644,0.3457840093841499,home,535.7220343113444,0
22,self_employed,34196.73519093506,35.28642079936348,24.592357595952095,69.57088529095853,29.843266141862873,58.120478571324085,69.44568867509201,7.164476301514572,home,605.4234200166139,0
57,self_employed,69397.17572363843,29.593850216452196,29.51429938574797,61.85700338422871,63.55877947574017,33.113430134370844,100.0,0.33779282998554716,personal,521.4977097578674,0
44,private_salaried,87855.08176255177,42.64304443153897,60.119458408623096,66.61676116332056,25.812491016324337,71.4310102609495,68.85819108373062,1.9779825528156116,home,626.2739189266845,0
32,private_salaried,83230.09373382856,48.21684708919289,49.03751562615839,92.47319353788586,42.568400834095534,91.0817692009399,100.0,0.7313531664712698,home,544.271799600645,0
60,govt_salaried,36968.1271864283,33.93361061469103,47.648849327356956,80.79904881499697,60.05722640965722,60.175945003997086,68.52308145670901,1.727728821720733,home,745.5890609034802,0
34,govt_salaried,31682.49042608638,15.537355400266541,19.842876079882476,75.49715007502539,47.48862827955622,77.16815507598453,100.0,0.22223209772732533,home,837.0465455412125,0
47,private_salaried,42555.17038328961,25.713908952241873,34.36975351153954,80.4948380549269,81.72398838187846,66.82376547687565,58.76107504609797,0.912286122800412,home,771.7574463727294,0
53,self_employed,48170.88755577722,38.24937463106929,14.484946327194454,97.0164279684521,81.53427412182833,75.64012397643886,77.23322122494034,1.7326629196316403,personal,664.1461407324026,0
42,private_salaried,100947.53921637776,34.41929264929489,20.212987612670236,60.56425597531181,85.97532480039912,100.0,50.36709859649556,0.8137892692225319,home,522.9775939948928,0
34,govt_salaried,31193.52608938601,40.70297553730091,31.407870044276486,39.87277936723011,59.46626821472587,96.46120732128328,37.82462673590953,2.645713580363574,car,840.780677381682,0
31,business,34556.15275884677,52.43687429888459,35.93801131380422,88.93971044686114,63.0069352742774,68.50989935921984,82.5366731405626,2.818339923717474,personal,672.3785544760341,0
43,private_salaried,45775.40674637526,7.596071802832494,53.87133763801489,72.17554928691499,88.50706425834977,64.97706421849072,55.55864014008745,0.2810671627478188,personal,511.6001116153106,0
45,private_salaried,108200.21566773148,18.233317396445447,74.8566525054006,59.41408800957136,59.313169573077246,75.21725978296635,100.0,2.179110036875408,personal,584.9261194684802,0
54,govt_salaried,70627.93994816486,57.50974684599562,53.16672322162189,59.61379951016131,48.466773513713306,58.41121725815753,59.71694966958513,0.8755535485156074,car,664.8700911611173,1
38,private_salaried,53025.17732498778,50.290789654403156,28.514125663655154,93.67890332203473,67.21236681133107,100.0,63.42675969675408,1.7453534612882795,personal,412.87994627349997,0
50,private_salaried,32349.848378972034,20.521510986823138,22.774612016103642,51.645466247794786,84.45570232206404,95.83345623592734,38.4117002101388,4.044737598218868,education,900.0,0
62,private_salaried,34980.04344631095,28.95386016402454,74.83106604409468,58.35877390300287,41.247117926586526,62.059491531383,86.81468964259099,1.2080884235229452,home,674.9363008823976,0
24,private_salaried,24796.575242365223,38.78853268994935,62.69064095187812,83.88396654581344,82.53307394339406,74.33090622900254,96.92451512405496,1.3366906228221964,car,636.6777351671415,0
29,govt_salaried,60905.033984819805,41.40700593031491,21.220831770830088,93.30189479165901,58.92771736258299,89.64427912679538,98.65744862534163,0.1,education,476.8727934352105,0
26,private_salaried,37268.987370789924,29.84176707781006,46.50066070218037,72.67218674278448,20.190261805407822,86.1108920426395,100.0,13.045066278899347,home,715.6353314555948,0
35,self_employed,13035.741738658262,55.272543551841814,53.23530645684006,40.33232275890172,3.3778634488278385,26.0153743366947,82.90338250745637,2.852950154332566,car,739.3989703536898,0
33,govt_salaried,52339.696688234704,49.5529524002795,10.901287975439228,97.9507842718779,36.786961149641186,100.0,49.89387953037067,2.1664851683469504,car,663.2467566929237,0
59,private_salaried,41626.461642264214,31.798148309743425,44.92398374726633,64.29366574864682,67.78748938404654,100.0,86.31002044888525,0.18878957389652715,personal,644.2293791203073,0
59,private_salaried,92522.60113877714,35.678340634999735,36.0239580376217,64.96431614376937,20.688361302897476,71.45949007235336,68.77992056289233,0.49884803822609003,personal,713.6679925445281,0
53,self_employed,58096.57143699874,39.23003937525284,38.194354573642,67.67516605043642,48.745304169820926,43.60079686814836,25.799144214196403,1.8329012335191233,personal,782.488473113846,0
28,private_salaried,37232.362619024076,26.273269499119188,11.522400711820548,71.04124542030637,100.0,28.36635505587948,48.97380176721311,2.2521548747200018,education,739.1974555451504,0
47,private_salaried,68835.40463975708,22.8139647659387,34.019413183239266,71.79279837910339,63.271282615389445,94.02002876262672,87.58834082274807,2.0948020803873586,education,520.714870761829,0
43,private_salaried,24257.962937434146,21.074424952666703,46.35514154172138,58.7887058074927,11.597606035037522,60.96359806130903,76.39772280549018,0.2393748982307167,education,726.8651522089729,0
55,govt_salaried,31422.379010449255,30.072755428841994,50.00893141774747,48.97353842188709,53.908324506493194,29.220211744059903,74.55859340019906,0.9497773516993562,home,532.5428947041127,0
29,private_salaried,94465.67965729571,26.417088945598348,19.199743958378477,62.4129580062663,36.26960957277694,75.45123841750654,33.303839407308885,2.2167790325090935,personal,717.2284447386148,0
38,private_salaried,91107.1898932252,29.0565548284736,56.367586673880325,87.08241779177035,100.0,35.41111553720552,95.18466479573598,6.7110931101367495,personal,787.5729044480873,0
23,govt_salaried,68680.78200801024,40.042174445393435,30.450474800931843,58.52129026056001,37.02226371377036,100.0,70.01365637914965,0.6830228940318399,car,651.8437731071971,0
43,self_employed,22693.44178185896,14.093099502949652,26.10211306902307,56.932780849046196,53.12610087476499,74.71098590604272,97.78326095741193,1.143059725758524,education,747.3306007747509,0
39,private_salaried,30517.44118738843,35.15963364848975,30.515395867905042,84.68515133188603,68.34365259353932,87.37651307412843,55.12676773266469,0.3862641506793838,education,635.1520783880292,0
45,business,73197.42277021855,26.045174135363418,38.63348545806943,59.821903209592,100.0,46.7427136447274,55.98694691310891,6.0708988696753865,personal,755.9177692415744,0
37,self_employed,58810.17411157524,23.70866976312834,19.223268767262546,67.15357994974516,50.64009204138006,48.36237513152251,67.81535139626911,2.8693955550127863,education,737.7656303089991,0
52,self_employed,33520.53357045699,37.66875210514809,60.3073218606313,100.0,19.93143191909332,85.12609659303048,68.76893324129611,0.5408389244023583,education,644.9372359447358,0
56,private_salaried,90636.05692369275,31.555140969073555,0.0,59.69439876113316,0.0,74.00533269278974,74.38619271160348,0.38286122196180383,car,581.3904749652727,0
34,private_salaried,44270.75299060548,26.26538645700856,27.315239630726587,85.43617480037463,79.08241512148747,94.00961569791771,71.20273955936584,13.494875981757094,car,691.7106923075323,0
64,private_salaried,49997.26206047021,29.454544160433702,27.698035545186727,64.78374348460777,53.97651678452905,60.61038893571343,50.27346472149885,0.16302662530205608,education,628.226111690298,0
50,private_salaried,98680.40458801355,29.271015924119528,45.20455290339215,65.30418647286214,30.114909924381312,100.0,36.89262237188397,3.4869691451461837,home,615.7395563634662,0
45,private_salaried,72987.71023404457,31.574924970508366,47.39618215060602,46.81786144488046,44.78410218658325,74.5763749642615,83.59151370321283,0.45925005303716954,personal,721.3734314989504,0
53,self_employed,28783.880300393408,23.086745020783496,37.55084788741021,70.5365765705316,30.610735851926282,80.50628421039293,75.66089640272959,0.28580402621165607,personal,670.2714789645025,0
33,self_employed,39069.748756048524,49.41053211078792,46.374180320713464,81.22935126522107,65.75871104761882,63.10186861458139,70.69551937586881,1.914115514689354,car,648.7801135108667,1
60,private_salaried,58005.51381066044,38.690239462640506,55.48997897730973,69.27752819914106,61.385846114301245,30.669162236270942,61.69366235729554,7.700082777248477,car,752.6883717410269,0
58,business,82038.28188535174,14.912573966952774,38.1948673410149,61.44965856232406,52.225325705706624,52.64645022476806,45.05608791413139,1.443515572440279,education,648.089858599731,0
54,self_employed,92439.57920606213,20.363382389135687,53.179196584562625,84.18780832655708,60.82731631286968,73.89464468326234,50.785222433290755,0.1,personal,506.3903828089973,0
57,private_salaried,38796.63940487761,60.64742279115498,31.625556436054595,71.34013156386598,27.442263143967704,35.36443389006326,68.23362242375435,0.30699691799824247,car,573.2923326463841,0
24,self_employed,142665.83731196713,16.04437559031497,16.317045737843117,87.27916816541628,86.35783832346597,60.98410006262751,49.787576584211884,2.721871740684216,education,861.3187502270422,0
53,govt_salaried,51474.15872408898,32.987665368616035,43.24218322040573,86.14608587560974,51.64637059333856,73.06937836215835,59.01280290129117,0.28763654492982316,education,598.1598074898873,0
55,self_employed,40529.94535231209,30.035327395795917,40.57983589496948,92.23633606437647,23.765119923511804,42.84033915914185,41.96183864567524,0.40190935815176365,personal,808.42210366381,0
53,private_salaried,124681.5984732215,23.28054939765412,14.500153723624742,98.66647620886313,96.8475397185515,45.29611194425304,98.09884658436239,4.343144856104878,home,634.4562310733079,0
56,private_salaried,25397.756663865563,29.29852154734516,20.571673005082268,72.04386992905765,82.82175351921242,69.76961622727862,53.21359196441082,0.22774348050828735,home,812.532928734113,0
22,private_salaried,42958.126547520595,45.81034206791344,23.25721336016674,59.42120718367518,47.122581674197264,100.0,100.0,3.135497155556485,home,770.4059317063928,0
37,private_salaried,28319.78173029802,12.846126087021478,20.212571850819273,98.83798668827146,78.75039571674114,69.860094441088,39.34598880220138,3.4055188524217983,car,626.4463218334475,0
38,self_employed,45964.85355290189,7.838035991605484,44.66126718522647,39.081268973266276,38.470609129293365,82.31116897514484,83.15196963408982,4.473466601314992,car,817.2145433029318,0
21,govt_salaried,112931.27907449567,20.861629913121856,67.29557581419704,68.55943691015884,88.13580272737696,36.86369981004923,81.71808402329299,1.9724715821329177,personal,561.5875836862854,0
40,private_salaried,173199.30612774732,33.68847006834228,45.966392551089974,93.99189142728977,53.514620468187644,100.0,74.48469489070584,0.726458618415879,personal,666.4971614169374,0
60,govt_salaried,79233.33598452508,41.937254361002815,11.412617567347656,78.44508772822076,71.78827929322634,95.56062718775665,87.75007934828119,9.263575938696198,car,741.3015985173773,0
33,business,44902.164787872614,29.75841009174566,19.548625024875186,82.58306237452248,85.7555543912697,53.06051426557852,22.19391265061124,4.819762429766117,personal,704.914652447994,0
27,self_employed,42616.77989979213,15.814538956703206,45.305886432489345,58.3143637993075,100.0,76.41014416709032,58.38703394892098,0.105957315533316,home,576.6337703133646,0
55,private_salaried,74449.5509797496,48.472095812249535,13.491544463106699,100.0,58.29173586588469,67.58273906290344,66.47289327162635,4.172598327547865,home,891.8330132552768,0
62,self_employed,53759.849530038024,48.33757585301595,18.31373851918856,86.66885956996134,51.162799200775815,23.803900251833554,38.27796682356073,0.3665280545397793,car,570.4425463892936,0
49,private_salaried,37268.35488049151,52.47685609730202,35.437626411426365,90.06922903316658,70.43101135890954,60.08669448081193,87.23269325944293,0.848770975931112,personal,400.66258161725636,0
26,private_salaried,46487.569916416214,60.569765088922026,82.81532329535449,82.54184187484952,52.50075550457742,33.08726478220634,54.791636003772524,0.28057221570222035,car,634.7916757056912,0
62,private_salaried,37507.232548929765,52.66317087154379,30.74842744022864,64.58272669698287,15.48122956726396,63.77796172497268,58.95883996445197,2.154583786217606,personal,496.0225989864492,0
50,private_salaried,54650.207355536826,30.100647663716487,40.61064681110517,95.32187043293933,28.394462241612313,84.90422444954797,55.426951713596466,1.6445337793894481,education,900.0,0
54,govt_salaried,37583.41217841394,48.10442753111795,34.39194466939003,93.53733771503917,100.0,49.59234122567753,45.39723512483825,4.777175481383634,education,681.5843507596112,0
64,business,97248.20761195975,10.506832422644415,39.70635922878199,64.1979381280243,58.10391477428258,79.19568581167375,74.41617015776183,3.6347977056428906,car,528.7733117465774,0
33,private_salaried,26532.676536214756,48.138146929981765,25.667452248818144,100.0,47.853042595163124,32.759621986549455,54.417640592746395,2.455262235237634,car,630.4128286122913,0
46,business,48711.873764998214,36.89000778566101,27.589998049846912,42.92495888667339,45.079044481383875,74.37499568630571,67.26130022781192,10.636927638388066,car,696.9786047756601,0
32,private_salaried,50253.502659067926,0.0,37.828810258467094,100.0,92.44246290103658,60.363476615150496,43.476036887142314,1.6741506432962017,personal,717.0381098016572,0
53,private_salaried,68523.75328176808,38.02316002699132,19.719084368123138,53.700023497817,19.193783619502675,53.78909647844054,49.88292870502072,0.6828525518311774,home,444.88283656507457,0
55,private_salaried,44647.65586978533,15.712960489032127,52.475439920975916,69.04714853957141,100.0,57.38411137721581,59.153833277487635,0.8621957494751662,car,632.5698446894014,0
59,self_employed,54805.387502337995,50.842762094391425,57.08989970885266,62.966951956371204,49.84537998435593,56.99612997971255,39.299624746682504,6.7944171688662465,car,714.5020859624138,0
60,private_salaried,51495.47269807289,52.38851225426307,35.94143373615775,31.58276858332662,42.18580856389274,100.0,75.94111542983819,1.4655048578363095,car,367.1198930480625,1
42,self_employed,30472.162998461536,32.31717317737539,28.725174452914185,83.40306587972572,41.39091046227263,83.62681846366004,71.42648632248978,4.572925008030691,education,344.06923332983627,0
56,self_employed,36244.935572291004,52.12443296494234,26.156900595269597,74.64071423085687,49.88446780184136,57.25759147304887,67.04555909833847,1.4956667629934575,personal,533.3417122156807,0
41,govt_salaried,41132.65510785253,15.863057670500538,33.57216263378698,89.49193992884928,67.87636565880835,30.115157461214253,75.03850726618165,2.1008252131234153,education,542.8676568971397,0
26,business,183294.1363550458,34.00917501653784,64.91689835306494,94.45548793250032,57.9464663061887,61.00667147725204,35.856505489382606,0.9801220723036395,home,568.9023234760017,1
23,self_employed,29051.336480519425,2.7602967362279998,18.50600279286417,100.0,100.0,60.24198496461649,40.78081491435297,1.0661811929614176,home,572.1903709996592,0
56,self_employed,49631.53857699643,41.27865023990124,28.459726280130234,73.47220727466333,51.3120108845486,58.7926243283741,57.977037268080345,0.23731417024859716,education,461.49422514489055,0
55,govt_salaried,53567.05890464879,3.501901516714298,23.002516627983688,96.96658401388096,32.48926936338776,76.84203922086286,53.654324999338456,0.38738304260461853,car,743.0942788151864,0
52,private_salaried,146988.78510920622,50.85524424422203,38.975891766777075,100.0,70.54864527380525,49.857463063679,65.24577915708242,1.530763342826098,education,846.6550317600711,0
55,private_salaried,130525.95621722563,37.156542234740144,25.315462370360954,93.46244535541771,41.41017690690857,49.75809430108697,63.89467895269799,0.2812754870323509,education,598.3192039787472,0
32,business,26621.14937011514,36.276830859467225,66.89906902810641,77.44281428148095,92.91855720304444,89.04113202131899,81.84080473401265,1.2984387356947822,home,741.1907291656966,0
54,govt_salaried,104251.9147816325,44.084093489469694,45.17216746466884,66.39381360090715,17.898583376891622,60.830635789191845,94.1321630972783,1.9675519508676589,car,466.7398572092423,0
39,private_salaried,38415.797952221925,20.388172306754477,49.068558335746175,48.85260435538072,15.053196637629057,52.399500409322116,84.63911005019692,0.17615625419268954,personal,489.96181008994245,0
33,business,39948.47440885092,50.08886767694625,12.450078020939227,97.55817986507138,58.86234163988128,58.26894820243653,69.60252729263377,0.9988788294287799,education,637.128228102687,0
23,private_salaried,84232.97566113682,60.491539745130645,26.96409946116733,88.6272465315061,26.15769296650354,80.09466596135618,73.98847971973534,0.4250798856116962,car,867.6811017289981,0
25,private_salaried,32780.8776442838,43.232756387132426,70.45374536948091,82.75023616544753,44.02101822807799,63.971608911863164,33.82828085650195,6.635667297631182,education,595.909746900182,0
45,private_salaried,50198.816721935145,28.884835826382698,0.0,64.93271813498984,33.38494647205016,35.113073849972,88.26184061059558,5.75004792968953,car,686.8884283663626,0
57,self_employed,73421.95428498059,25.738155459249064,49.3203468672852,64.02161280389397,7.589440598508183,64.84834224157916,60.59393714792076,15.0,education,455.0262368723285,0
48,business,136084.98053670404,41.383913801941944,57.16085716766468,66.87515102260944,39.57922807194322,76.51808873864672,67.01137027977822,2.356433152256695,education,705.5291260045162,0
49,business,43515.152123190805,16.3843681819454,64.1727889700621,71.36727071405849,96.42856162319248,87.11226225897447,60.74087794783057,1.068442587696067,personal,482.92685829729146,0
51,private_salaried,94895.43395636951,46.39394286328605,51.16221123512126,47.72915657625154,65.4834117443491,89.07073163813385,76.8646759680015,4.885644793472903,personal,743.1975234072977,0
32,private_salaried,44342.598815366815,43.02567787555998,55.77873522872867,85.61005148335865,75.89552671812145,85.9062286020792,63.21245987403779,1.0503750102867395,education,632.2472837710892,0
51,business,51761.49721474317,34.93067466644717,42.41614371083372,82.80441568636958,70.21461613375446,100.0,70.79383514663702,0.3690095708918263,home,609.1281551708166,0
58,govt_salaried,44079.465481562445,52.68422598855001,46.935172926036984,34.52692043975666,60.01128760850793,58.616601707948114,44.52565198549101,0.5213523500540258,personal,690.2025554962523,0
49,govt_salaried,46009.754291671605,36.43603750799845,23.133502207401317,64.23077078754916,79.8232442323882,86.89343272760553,35.8269150571475,0.8012463571688234,personal,454.24706053182024,0
28,self_employed,28891.452558337227,44.449712605213016,17.614952895681668,68.14069667686692,64.57705392612047,48.90481306762521,47.071993865644316,0.2791461694998439,education,705.8927982188987,0
38,self_employed,78511.58389838434,28.082454019480714,50.1312934982628,47.11009862281477,81.34728880739708,41.1095412046793,75.71606573589466,3.1138992315310894,education,716.0991898611346,0
33,private_salaried,60497.04594728519,26.33118834750934,52.622934416267384,75.02651377468814,64.88552463470096,45.84862089969576,58.213355371452764,2.8755226134545304,education,594.9633636678699,0
25,private_salaried,92780.21057160341,20.618323157198375,7.949826211185552,43.3282322042484,65.32497280344494,60.718646045442775,77.58810795210219,5.65398533931667,home,490.9775235011601,0
56,private_salaried,12898.637972993973,62.03767788612133,51.689854414092025,38.22933755020524,100.0,100.0,66.39016682020524,1.5053737117986812,home,538.8213122359708,0
42,private_salaried,83882.0146011266,31.088452306158977,10.228736219306658,52.04128363581245,55.840032916099744,28.005917086560792,52.41673968757337,0.5065871352534245,car,739.0950696311145,0
39,business,44050.02894379782,54.69159676985089,4.793904910594996,73.84835966902557,58.381163508780794,49.46634279801769,67.69726793017405,7.054329709310037,home,540.598824703774,0
56,business,65654.21509421314,28.27949210849434,14.906058006914527,95.61315591974929,38.70344664915102,41.65502881011034,91.02926638016238,1.5300418178926412,home,585.482509066422,0
62,govt_salaried,72833.3807000964,26.44039354699831,52.04937286865901,50.416328043991676,91.30294247956401,65.28298529931517,58.071771840622404,0.7926659810076974,education,614.0981873087079,0
22,business,32668.266747054393,17.345568308450478,71.41087815883631,63.67210817570553,75.79041965451009,69.18940167295546,50.30931899036064,6.6043721134330085,personal,629.8319027342839,0
30,self_employed,38955.35843044276,18.802363283277696,22.72824789274411,78.92481881333441,68.64466783830889,21.56857190479105,69.837735967765,4.232820078838408,home,668.9707070387822,0
32,private_salaried,21957.874828075004,59.525995917912795,61.23386898545322,53.15716813142534,48.65809806144048,58.09670589100407,79.78509070152656,0.5940785806570391,education,700.2156630936553,1
29,private_salaried,78420.22335362356,53.64370073600195,41.586182904989904,77.80586821360593,30.67515008286974,100.0,41.643118565796186,3.4711834712288194,car,664.2480905850194,0
36,self_employed,116205.24648079331,14.659453322828984,43.29188701081232,87.79806801967065,22.102856441844033,58.85883362182576,94.01517923073814,0.7470275220319738,home,654.9682340256928,0
38,private_salaried,23568.151411938496,54.72221967266422,34.85752775583327,78.5634816953887,100.0,53.130546485272134,100.0,2.2061457616025506,car,603.1121702710174,0
26,self_employed,54286.68972680495,18.85991524791634,0.0,78.65031993162711,69.47540269486092,62.9627297980394,88.67492417675984,0.4046398101546638,home,540.7471147319812,0
29,private_salaried,70207.37993276757,32.63379525152772,22.166663597392354,100.0,33.59575398345625,65.71132148065988,83.0461230322046,0.2898809354193384,education,454.23978674995124,0
49,business,48528.749482944426,31.530485856054508,23.47160847330312,100.0,37.51261949580892,44.25867852860008,83.3073787006566,0.6827971819571301,personal,625.5412249855311,0
52,private_salaried,78877.64411622197,42.903468854986905,31.182555608936404,71.0360864724056,67.75393672287959,90.45140325857139,72.52628398966401,0.9237409815301441,home,593.7042974947509,0
47,business,57680.22356976673,56.104021188376265,25.317630108303646,94.10538474414412,54.03142762526142,52.83298470641325,81.85060614635523,4.0884180857547445,personal,682.8628736478951,0
51,private_salaried,70362.33941329017,36.67698737305082,55.14314401193339,85.35989552782904,55.65511881935089,58.9287134946817,68.38165324674624,0.18738324540902448,personal,300.0,0
61,govt_salaried,38618.22636428387,19.308183724062438,44.468148314249326,80.81894728678971,78.9459907777067,49.18236416610869,70.68016192456294,2.4643224555268985,home,723.9470934552262,0
60,self_employed,52539.60745492547,18.708105512278852,17.63478076803335,76.95626586186614,82.59833866754768,59.87438351496855,65.28166941375753,5.193929477962951,home,601.173770659475,0
35,private_salaried,51796.749449957686,15.950021039091862,48.376802610924365,88.43889215628995,64.60505180014741,45.111429564004155,74.99096379196155,1.3945391400625438,car,635.2030817594244,0
35,private_salaried,67696.77736624554,35.29071856547038,0.0,90.65259652633037,54.394179153257696,89.04902495966144,48.094589623143904,4.689782818612232,education,300.0,0
37,business,94755.26420077196,38.07522159306392,51.011077761734896,100.0,86.21979751373895,69.3929032056609,63.787861702008534,0.4674451002051885,personal,708.3421749874327,0
32,private_salaried,26937.09621262411,53.07990098457216,18.33556269094242,63.28248346104102,10.206764504153469,64.60277904384199,63.33410227276882,2.7268560917081457,personal,671.8229500362096,0
21,business,39746.72090289159,37.36632306740401,50.773433685217334,100.0,51.109801792176484,45.64314729720773,81.21434564585513,4.2997956358953155,education,725.3127557074197,0
37,private_salaried,38804.27279461879,30.05239135087477,39.409446415453644,55.07455807459602,33.01248819330121,88.138273813928,69.73077090828696,1.5108855229508198,car,753.7564620683553,0
48,govt_salaried,27087.612158747143,35.758045141893675,64.79605263142707,58.79022835253366,43.38351369488646,48.305593811003874,41.01698953774226,3.529646878042695,personal,577.4818062470194,0
24,self_employed,17549.48509252223,70.29638673366466,41.42752638162913,65.42923399154093,67.97655559012314,45.45050726122528,80.92256706387103,1.759780632663456,education,554.7804249997627,0
64,govt_salaried,60341.49995181487,43.234578755922,41.49377163270169,73.3979513005236,37.421973633359514,71.2278558528186,42.35394781726477,2.6212928594888445,personal,667.6322358064025,0
63,private_salaried,53759.33746437179,49.76832936446259,59.35267179465442,56.62093561682356,43.350951584330886,100.0,64.99970628129276,0.6895957058253587,car,544.1347044804915,0
38,govt_salaried,79531.86293742356,34.67860169410154,34.43184275413671,55.89027005457612,64.23327552890328,67.42093899761367,79.93163341099853,0.1,home,677.2995050878465,0
49,business,18164.089908955553,32.36643658285129,48.15872585506152,95.91558303204731,63.36150160242512,78.50781470585977,64.01990075835081,1.8359367251209433,education,588.8998676090046,0
60,private_salaried,40674.87573570993,22.821175113380107,29.50975400902151,57.077390640549744,62.5859296562456,91.64152385433547,32.779201413357704,6.057417337647503,education,360.11991446414237,1
39,self_employed,76516.45454848855,40.48864006872241,36.958274752172834,57.01974889231398,76.63112375859855,81.19913626705015,47.23883362689466,3.991557857903365,car,693.7375673415789,0
35,private_salaried,31748.606907219488,34.234090023275265,30.062292068626192,100.0,77.3669285609533,84.39096133778193,79.42704981655457,0.6066535648320934,personal,882.5065162354806,0
38,self_employed,59550.79382634002,35.01062941520783,29.188030453137337,63.117687390240306,20.183781055418663,90.66758330093302,100.0,2.6441182521257223,home,793.9204137113901,0
60,self_employed,108926.09430060639,24.053370752384556,35.296384631259265,54.87666175169737,2.4573917972549424,47.94915513881949,71.45763065941749,0.9022280064462757,education,712.7647559556269,0
40,self_employed,81233.35573898365,16.839755212896844,16.609550677210997,100.0,56.19052549906239,61.52756109430713,74.70559979815654,1.7525100389358554,car,505.2316099138345,0
37,business,15955.623443295568,61.444854730636564,32.50704523349914,52.788875020659816,22.709132096640218,70.46298634008413,43.05581039862949,0.9442509175980719,home,660.0927785466189,0
21,govt_salaried,22077.351652264282,4.413567301344198,10.418951048147605,97.4619472265162,74.5020180555365,72.66872525193227,40.84751026758846,1.3683401567931055,personal,564.6008507130625,0
24,business,63624.33250930646,24.0676535136058,41.085567832650625,97.48570736661041,90.70151942808116,74.81324313219719,79.22535886818712,5.066232484751487,home,656.8541408661409,0
59,private_salaried,50934.94632481004,27.323546630865447,0.0,100.0,58.883124979985034,72.96294530245075,68.84184500246182,0.6868982259941339,home,561.7859839130494,0
35,private_salaried,70469.77054693803,54.32113587278566,35.29017998525308,50.27728407939075,86.35845901893349,79.62001253570963,80.76869914432905,8.594489983031933,education,775.1673652753775,1
27,self_employed,110408.51035528125,40.747522846383504,44.981916322754984,41.15458336713343,50.7403558652951,48.7435281932687,86.56117629786618,11.67900616046147,car,778.5296600483366,0
62,private_salaried,54268.414686161086,56.13786542898684,39.640125662976054,85.17981041711082,57.29677333950502,70.95611763940633,100.0,0.1,personal,735.1223017346381,0
64,private_salaried,43133.823606414924,31.817008026949125,48.981991793310144,68.15276729482646,73.48658673087968,82.28361409683565,56.92977601333919,5.460709717971685,car,751.1247222438142,0
28,self_employed,43921.765515882034,14.907752670339953,34.403663666623444,57.060553918017646,76.23963161344722,48.827750022364256,69.64987101623446,2.4049641476682386,car,530.7692581287157,0
36,self_employed,29932.460872299212,47.77005865885759,12.966118948858384,86.44903870024552,27.327739886258975,100.0,85.26683249874077,0.12716374955144036,personal,463.27696654568547,0
27,govt_salaried,34444.79782308325,21.080093754972523,50.22931529968872,89.09308173998684,63.785619373549636,64.60990942918271,83.19636571889964,3.0293823062702834,home,557.9763154394537,0
56,self_employed,42871.799705881866,12.86313653225454,39.4800626666306,100.0,86.29225916898982,79.7925228800975,84.5542386774311,3.461881719151112,car,900.0,0
39,business,174501.88299896833,30.085428138976418,24.0280912666151,100.0,54.29102676856565,54.766428822595046,54.569063905397705,0.17015705795578745,education,484.32815529204186,0
57,business,28492.05830579629,30.93145788000675,45.98264111931235,75.57681743206624,59.77484369426524,65.8509651598062,44.46288447117838,2.0502753708886075,home,763.8210251916237,0
36,business,74751.14096041075,40.48242804636672,54.85845087037809,59.157471472293274,71.84912147380757,98.84796004776223,75.29130525068722,2.467548511389796,home,581.1079189659682,0
37,self_employed,41380.39625578307,37.849862910562564,54.043674868735394,67.53197957530489,44.50015057183261,59.15831049062697,48.04454364031635,6.485292911080107,education,568.0592645778119,0
39,self_employed,57687.102946860614,35.85782925787797,44.12939502857416,79.8678761181539,2.6640261198335367,42.04218176279452,85.2252858232948,3.4025659321574793,education,682.7612860993263,0
23,self_employed,31548.696347711066,56.062489101505946,15.159128784457323,63.92609693729055,26.278714751767797,70.12159757332041,97.37259244194257,2.053110461415856,home,530.1192520928173,0
53,govt_salaried,33075.04087791064,41.90081512169667,39.53010704230577,59.250493902244905,20.141108333269173,84.83500690893112,73.5814106291439,7.11421446505209,education,650.6303735971411,0
47,self_employed,29930.173731213603,22.394154404906146,13.470463800457416,65.41196572588012,77.73243065873051,95.52665456825387,21.514993521255988,5.993958233332679,car,604.5854415707051,0
41,private_salaried,45352.71247105798,52.39759949582516,24.880676020242895,54.482637880610476,56.558283740478075,67.14339830519192,48.42974517270805,6.89455445329645,education,578.5375051596825,0
42,self_employed,22464.611021427016,62.30772650329372,22.337019920855,55.50526018439662,100.0,71.91673315591127,84.01532014410971,9.001140817547649,personal,737.967213904658,0
59,private_salaried,79139.3916269178,38.05681329810213,61.25830079432273,73.47109745543003,36.11541056640639,36.155670522638914,82.96006370308079,1.3067259113858178,personal,740.1047335281598,0
23,govt_salaried,20657.897218405735,34.72965120905926,18.26599053165709,87.09518451476548,50.86498394616176,83.78878038935166,64.4080342651037,1.3137644751764601,personal,486.51445762045887,0
58,govt_salaried,23353.631695684297,41.52857205777697,68.44093764008682,97.6714658157804,42.04159975314785,90.30631961981251,60.4285061697497,0.9123299473082569,car,792.9303025728173,0
50,private_salaried,75915.18744950747,40.144452986667275,73.7922381721489,100.0,81.74323225501162,66.32306749086503,77.03532275628652,0.1,home,712.8568835705305,0
30,self_employed,26071.94503072188,45.15812782025275,13.408991767211411,80.5398904085425,88.93351166865436,81.45434749000879,94.48763340235124,1.098316726615206,personal,467.7676076490976,0
27,private_salaried,40436.236248543464,6.979971699938844,75.27397834662715,86.2450056633944,74.11195550764475,45.390609301562044,75.6811314105974,1.340816642085003,education,680.9089965067034,0
36,self_employed,73515.29432255076,63.6094675463983,6.278169749298868,69.79649300408812,38.589250909646864,61.396383372542616,97.42949564281845,0.6327267748076342,home,513.4302846852186,0
33,business,53508.05459097761,20.520854906006637,33.568330567950056,97.63156903079047,14.761975422975517,51.053816986019456,33.68916740949327,0.22606346920858272,education,714.4370836332489,0
26,govt_salaried,47627.09964785788,35.63592480108186,44.09952338238042,93.34979791569789,100.0,35.75932966464799,83.73724254572882,0.8465310308227527,home,690.3846058245176,0
36,self_employed,73123.35923058476,9.50871582353476,30.59166145003583,53.416061102114085,100.0,87.89100691488763,56.38064433429076,3.7665178116134106,personal,465.6033318860477,0
30,private_salaried,58542.76600550634,10.51977672460374,16.901043341238676,38.859172101363676,48.12886748325519,64.07477565467315,72.2820298445304,0.25797534300431724,home,670.9585616766761,0
52,private_salaried,96917.41349516225,30.445608906529984,25.222277619126174,100.0,23.94383666126927,42.48825771936062,48.0755935026287,0.6715487567857937,personal,641.8554341960622,0
32,private_salaried,68057.72824364087,44.13103383686625,23.857388548555377,63.27169702222453,39.50569679365306,46.824606583840534,100.0,6.70392505716226,home,461.0843181733336,0
25,private_salaried,96327.37990701095,12.312065520516867,8.385897373381475,31.440645356106245,37.51463649691782,68.23397053409506,72.05717155864669,0.1,education,667.9210293271857,1
31,self_employed,50517.3610141142,6.608567336149221,41.229817175955795,51.24469520164946,45.066918686215956,75.68729797272766,71.82187212511826,1.748278351402607,home,546.3901634218621,0
61,private_salaried,47569.146299432985,14.956857492776539,58.17220733483403,77.3312469848389,100.0,60.43598840995579,7.365123320594918,4.503001164255537,personal,824.9217440427444,0
62,self_employed,48530.639712889504,8.98455762119789,90.37384096518109,91.7165847565645,65.5146011755099,91.27771242027958,82.88384422077682,3.6233039859853995,personal,732.5519566461713,0
50,private_salaried,34585.56836282844,20.689183188431187,26.696494376725763,52.475235858278744,60.38051832375545,80.33102708675543,83.60767476847343,0.12419500570171632,home,633.4506497946223,0
29,self_employed,67422.81465406544,13.843591942636557,56.716426384574916,71.91252930552142,33.47721173516604,25.415882815186734,64.62167610604398,3.634336144666916,personal,554.1377238724904,0
34,self_employed,51173.581626700194,26.19268761453194,24.356550875131084,82.70946140913904,65.32451413812618,59.14090768472911,17.616955898933213,0.1,car,495.13727272504514,0
63,private_salaried,74021.80662099876,61.103966505693776,20.777783708938898,56.23824962483144,49.81644309358029,67.74745677596448,54.870542040953254,2.5724446040634623,home,386.6741036215971,1
45,private_salaried,59504.02070390455,22.597031658952574,71.08568906098185,76.41846400618284,21.179414372400117,42.13305427864874,91.05939389362857,0.10278766327299989,car,640.8183676869111,0
38,private_salaried,45666.543679378556,62.277259813037,27.156446335979815,64.05715722407088,71.64520972593388,43.359928095938635,100.0,1.149946813344745,education,501.25252567037126,0
57,govt_salaried,27648.17994528939,47.02640846532465,65.98340631558807,90.80252425237647,49.09519458458856,71.84996933820828,52.60443934389929,4.893095624136015,home,781.6649654677078,0
24,private_salaried,171176.4626928376,41.60779409571374,16.620617578904437,87.94665371026957,14.302851526119582,38.28486674986637,100.0,4.521530945897954,personal,600.2210350072965,0
31,self_employed,101278.28748101601,23.90878352595964,56.095556285533135,74.27957928491121,74.26922016087846,65.97738366610307,33.21196831626542,0.3188641813972314,home,300.0,0
45,business,20489.64426836526,65.2711607407673,39.61074255656609,66.06104544834669,63.43407665867166,56.42650406237389,71.85860468227975,1.7207278923207467,education,654.9475101133885,0
43,self_employed,49191.79457894926,22.957879475768642,40.9407894175975,49.51229731062165,76.00892059838878,100.0,53.2092152579866,3.62155862288681,education,796.0362635217584,0
44,private_salaried,40853.88132423744,34.889680195267765,39.03864402131912,69.08383133812019,94.70152103775648,63.444861341102666,66.2687167997013,0.9645611649959458,home,476.77315589795296,0
61,private_salaried,44049.1976303182,49.55474302682422,43.37519920254993,79.41167075474722,23.226206972692932,57.42840513573692,87.97338320678348,4.078881807172371,home,654.5235887748707,0
42,business,40482.88353659044,27.335162447064093,0.0,71.63230155054295,46.84968760457877,72.80732388790751,66.92189546050625,0.8305390341654859,personal,806.335991662371,0
42,self_employed,57751.55398118208,49.28717235429208,18.782121275995006,82.33628086570884,36.487747341696036,82.29648876982023,73.02806095903465,3.504166913285385,personal,685.8142176777728,0
39,govt_salaried,49289.87226385389,46.796093179937245,23.80907429421062,18.339394197145197,88.97973735410062,80.21012239168286,35.1410493902667,3.272306822789676,personal,649.8395605757528,0
52,govt_salaried,45914.53889584577,51.92359674903256,17.483151870097796,58.8840069023159,80.2568646709004,64.11277088976877,97.56934710907616,0.2545800120824098,personal,569.4185351623345,0
56,private_salaried,57378.13549084772,27.685498685675558,6.274922701437646,88.87846466382516,72.91473349399129,30.394745390313098,96.67771491001146,1.7425646361537663,personal,745.5817952951409,0
23,private_salaried,58680.89518821223,27.52049156317323,15.976312592240877,68.16356359507729,29.826815976371396,65.95650639569367,58.71607640279027,1.2078821307369705,personal,470.7154648052299,0
25,self_employed,62763.42080150154,29.00150014836025,20.09664459365299,72.90064584872752,70.31976853958224,64.490117428296,65.65682385726286,0.11791028765841835,home,615.396574253172,0
34,self_employed,92977.01921257489,31.035177668897308,0.0,80.34463901697525,58.21571726636068,58.08667250647994,67.32975754231319,4.183790117233383,home,667.2416534021278,0
31,private_salaried,43902.42433238205,25.588357467852486,36.46116384299125,42.52522835765541,45.75223826357132,76.34977442259958,49.32530266583863,0.1,car,615.6478335673681,0
34,private_salaried,32717.626489126236,63.34451638336312,26.788758501549218,77.90487900146908,87.58342165508475,67.20642726223376,71.5178207704155,1.0426558883795776,car,724.7195832734176,0
39,private_salaried,48375.955682889435,55.86458537002101,7.880593102800724,71.08429458062837,28.94321029881879,76.40842346721591,63.37137257436994,0.1035807438105668,car,754.3845941145478,0
37,govt_salaried,49747.49033759159,42.74966668903951,15.373481269650703,46.90366112144986,57.68019905100334,58.62307289010538,82.52869344907889,0.7059064163838606,home,640.410985680494,0
47,self_employed,111869.14621981152,17.269759288129052,49.48841409465159,78.3301408086956,33.01988263871705,38.31623295954003,74.5964630980865,0.14472618928159264,home,502.0951626535664,0
47,private_salaried,93412.6087176575,35.532836461669355,16.301583011875273,37.63955425841147,93.23727117221523,85.83701220639524,76.04153697543202,2.5944465788913162,education,827.3592760718552,0
56,self_employed,43084.23495982163,43.32698367575315,18.40548647464417,55.08704364293638,74.29017774018172,82.11517535128164,44.52523439025181,1.236093447358868,personal,373.494567686724,0
33,private_salaried,57447.62043237016,25.331347554924832,0.0,78.58911968554354,12.241797244093071,51.86089526158328,55.56546443806649,1.1265503053516626,home,588.9887462139882,0
60,self_employed,53534.15957944807,39.06828693347369,58.212228353873165,45.58678086125765,75.14071266759254,91.0468944679131,52.22079347924752,0.20869726698290295,car,669.2707319806111,0
63,self_employed,28004.261540050607,51.03805893561386,14.488186947257738,82.39481605280727,66.77737768327562,0.0,78.11606767071503,1.7114141198070174,car,900.0,0
32,private_salaried,26949.527283750027,51.28847574315937,12.44390258525559,66.69356955379376,73.78799184215407,60.91077963387769,66.72904505804748,2.394436273277295,education,541.1830728767769,0
24,private_salaried,58048.45989261729,44.68958244229306,23.013653134117448,64.2524645155691,87.10140616352348,59.47344399706444,71.45894757211565,4.929803926673703,home,796.7570804154002,0
24,private_salaried,40405.82319494888,43.595440040771074,44.1079634195643,62.03621705865312,67.72814987625263,56.419081042675074,79.38817712391409,5.578251444354169,personal,730.6752089648483,0
23,private_salaried,33904.73802158916,22.487227269010646,0.0,67.98443588796891,49.307009629106176,79.3098619353897,42.01843143631049,4.529194476666529,education,467.56558493112686,0
25,govt_salaried,75646.58163334704,35.563127622302325,56.836106781492916,73.59559276964767,0.0,61.96065235367922,91.2028763734254,1.0500507560882477,personal,602.8925968004207,0
33,self_employed,63124.71907283307,33.699482957776866,60.1523811271872,83.12112244856162,49.126893211975634,47.1296981496144,85.95701402764277,4.935245926536727,car,425.18704352544603,0
28,private_salaried,171727.80098222126,42.25931780633145,35.13036149957814,92.57232821203829,38.190292366243696,79.24712986587251,48.42753056661849,0.7312864175472366,car,730.6867205133659,0
41,private_salaried,17037.417414587897,32.71604249873758,67.36451921403655,81.42030016411822,38.29241908213889,86.63739031375714,88.14447235749117,7.992314497276537,personal,802.5894893587263,0
44,self_employed,22241.118282689236,10.440788908946072,24.577292084138964,97.09873954002708,45.47472909763571,62.090818977852884,46.684301337071105,1.6949450137880315,home,577.8648136797384,0
29,private_salaried,57678.12492637136,41.730086977882245,65.56641172136742,64.89851223179285,53.77452073795912,76.02319548846293,52.56985276683973,2.125571803749982,car,677.4859685902543,0
53,private_salaried,136886.76703226997,41.13127023305438,5.35948855969756,46.061974183832874,86.46773645495668,48.94393973301722,39.008378717096804,1.0464619809897546,car,636.9574740096017,0
34,self_employed,34154.76260763751,10.094142996580384,81.10327717508284,70.79584596013707,35.93170882310707,92.72616537658998,88.9151970682488,3.057543635327666,car,791.9355851975096,0
53,govt_salaried,118310.03008527118,41.52411557551848,27.12026637513759,85.75536380736968,62.65973705183535,45.0338644941789,80.37586034903443,2.170112100194334,home,702.2878786661621,0
61,private_salaried,30606.56808513252,26.78006271888293,30.716993785776225,91.74308972662769,46.97102403235744,33.28748586460814,92.8013569299032,8.870178789675016,home,549.5491839661952,0
23,self_employed,29601.26819258173,67.67843260987493,38.88666926676466,72.05319546756988,79.09813557638927,69.98901891860145,77.98456385878654,1.6765321207863673,home,770.9686433388985,0
23,govt_salaried,83763.94705232978,12.401989547144012,0.0,63.25769458759705,14.151926023517817,56.50337304948723,80.0499939225858,1.8068062061231929,car,543.1101363737283,0
42,private_salaried,44892.48501024487,42.64855847922908,45.32958960764394,73.09615096163989,53.10662043054348,49.897029245469426,79.72746508602765,4.741758369306727,education,805.499248612723,0
29,self_employed,42258.62315576134,52.62535372941257,22.00888600294229,85.5752505436668,55.21440005006078,71.61758642847018,70.78112605384423,0.861824036370244,home,739.5405181477126,0
49,private_salaried,66286.33330973955,23.42338029479716,24.368282330280856,100.0,75.10266321558396,97.12854195864517,79.3711153811801,0.3814832400937065,education,729.5075059855903,0
46,business,77040.85337798874,19.891091139197847,71.17722755785888,86.21538698030335,40.02768158461587,87.17303225012516,69.81621931938228,0.1,home,623.4313326807172,0
30,govt_salaried,41501.348118450886,32.96710596531694,50.446291688814114,75.67446205842751,62.57208191798256,72.96896091024001,74.90808122411623,0.37624505098211974,car,852.3636173290306,0
28,private_salaried,46336.109622337455,41.76237971861057,51.73951745386478,67.92043013357846,72.74433566112808,100.0,81.3507998838341,0.4433817394109951,car,843.6297757519756,0
52,private_salaried,34092.07890156738,26.060889540236396,33.54829579195429,71.90499842542496,28.501877355178475,100.0,86.15741828944394,2.769263558956076,home,705.4714957345045,0
63,self_employed,88071.57116849606,57.47146450231676,18.67690021943912,45.89890789818896,62.549022504294115,54.05184954466254,100.0,0.7156860751030419,car,654.1769048599799,0
33,business,95926.26042356162,13.810722426009605,52.6786940024154,47.40877330194899,77.39931650561364,49.55745566335553,38.25902691938792,4.783638672862457,home,657.6378873795821,0
53,private_salaried,93458.62583310132,47.97734825180393,25.220154208430493,62.68525083581587,37.06519590851421,58.10826928530733,76.32136284803262,4.820128053772315,car,582.0782500715874,0
38,private_salaried,66491.80835801702,36.385651874598864,3.707557453283915,77.86853133714986,76.78810965219836,39.97601726732644,39.34963446340673,1.3269428587293572,personal,786.2619549155645,0
31,private_salaried,31508.12007102752,36.987457152434686,27.370211703518144,48.59013113189937,63.437051868159976,59.733843862441674,66.85950343110585,2.3266032795008096,personal,504.78068679030105,0
55,private_salaried,91060.4634227343,34.08353737991198,20.024004079598924,83.33603148966228,84.17801970008244,64.53898887829068,95.57150335878748,0.3152170880002875,car,688.4911829739368,0
60,private_salaried,54397.58213580976,18.957700692809787,69.55988843882471,55.28114110395685,49.321097896651445,84.14817853923546,32.40144450632724,1.173606342777746,car,822.7602776136648,0
27,private_salaried,28322.963202356514,45.91177030659076,51.1448477554706,95.58451658491785,15.25848070083974,35.62129532341956,63.152487006829766,1.2301417119700309,personal,642.4071248123701,0
48,private_salaried,117728.33458879746,34.33773370439634,46.191319857345874,72.07724608934451,100.0,51.288182729418835,59.000513997336185,0.1954499369945858,home,745.5848825187445,0
29,private_salaried,48236.031050739126,8.988189657314923,3.1349201642112767,96.73791225173616,38.07595822706239,62.340973035806094,100.0,0.11422313540526975,home,684.9443306165639,0
36,business,81624.78753165957,0.0,50.83308412187051,52.62467674372307,99.17561235989655,43.71510576133552,52.94475669532711,0.20733510802895358,education,717.4908476157414,0
60,private_salaried,23905.29235511514,43.06118004230571,47.84602470022352,41.11488208009845,80.1651635258157,53.60602074148537,62.84344133117466,1.782135572254291,home,660.092562773938,0
61,private_salaried,29681.538976656277,30.029715513682262,63.32823583400585,90.46479973331519,51.0540622539935,71.16584127277642,57.99228614257788,5.60547036654471,education,666.7584427478421,0
59,private_salaried,101705.19035283709,28.95068312133592,36.69053967568649,93.2043156732949,50.411795696071174,40.816025775207876,71.13483366593638,6.368870850071397,home,705.6507353277276,0
47,private_salaried,101155.07902811762,30.27377108136615,30.17138870550014,100.0,67.63894633037519,73.7247140960211,46.18166988052546,0.8005537267884121,personal,731.4473683135303,0
24,private_salaried,50750.86375260927,50.50744475499092,53.030510122067156,54.407602516574734,22.29448643726318,52.025263906388204,67.17244061131778,4.302018363799968,personal,641.7864208800302,1
24,self_employed,64091.08148581812,0.0,2.721939597618352,59.07086384707885,39.21515879601234,81.79655669878467,52.421971370637365,0.7187178822190157,car,730.0313193628842,0
54,self_employed,94186.87333186068,37.0824812407672,4.051557432616978,64.24846117998511,83.07598244078663,39.3474113614612,84.34158073992327,0.2893113296725752,education,699.6592787771983,0
58,private_salaried,39496.92472826062,62.11385483288461,40.99065006086424,63.47476141943455,79.33414881214036,77.47791886153153,36.916471195446825,0.6680129289802219,home,525.8634371578955,0
24,business,39942.38451439381,34.800007294453074,28.145868927734732,63.00672691282002,5.899196050727255,30.34252696708741,100.0,1.3397041791404887,personal,625.6264821528305,0
54,self_employed,71710.40150898541,35.87042797182825,32.1943950351452,84.14261892190561,73.19034209190332,81.92151349383438,67.4688088036132,1.8900746817365341,education,764.6451867533985,1
31,private_salaried,24521.24844406153,32.37451192559785,50.944182391945446,65.20309429091017,62.86443868531529,79.78692076454176,57.854898984124254,3.5991633340158042,home,497.9723944488087,0
22,self_employed,33508.756171515386,40.630210453100304,0.0,70.7740476592315,33.36790319018044,87.21012283953307,76.92230906309898,3.9484039569595137,education,792.9495556868812,0
45,private_salaried,56855.921891788144,30.426057213806526,24.938612008898154,100.0,75.17923789483055,43.67622908126435,100.0,3.908807847624325,personal,631.7242425807024,0
42,private_salaried,43808.610698449455,49.98005175141308,25.93063118707309,73.09880789026316,99.6314216519125,73.75024484596045,63.103044661380025,3.7996438574282387,education,567.9963847036582,0
60,business,21493.634081805736,39.74139154352441,22.9285776171726,96.95611223298847,54.96651806784937,72.46873035170819,54.30619551771368,2.121899382971306,education,624.0674754580017,0
50,private_salaried,52448.92775826231,30.106494433379606,8.093290251695173,69.37671915070885,67.63342869118371,75.55678699831174,32.00659438282238,2.5409181214425214,personal,634.6083823419403,0
49,business,70306.0597046672,23.509321963994005,25.774658990033856,29.944132105373214,63.399204336014414,59.543109073197385,89.40350165135717,1.0199528139093819,personal,568.9715589338443,0
33,private_salaried,34574.409432626984,36.862635271169204,27.384731922763912,49.610694679743744,50.79248942070893,76.9820666372719,45.844812149132956,0.3396454608314855,education,747.0935348877655,0
27,self_employed,46821.33346772622,35.56362289003798,28.70618342423815,77.58736013407638,0.0,28.406363695838344,82.31934012093676,0.8742797492537089,personal,590.1528439911413,0
46,private_salaried,31475.976294046413,30.011309302251874,49.06280394472098,100.0,49.299856829757054,36.860450757920226,78.04536154402597,0.25485294030066336,car,808.5194947448852,0
42,private_salaried,43920.03591058831,49.95898351488309,58.63780085117787,73.67102049381089,46.048013845517026,89.54547644162525,45.7967899403823,0.6087987590654899,home,636.7236200869305,0
48,business,83507.20012219824,31.129317265832576,60.37166471294938,84.82825512711054,24.419494248451752,93.49255464154487,100.0,1.0481820654748975,personal,755.8743791119059,0
56,self_employed,48630.69906906572,0.0,41.78711625512441,68.03685206365374,53.126836097038804,57.62761268428601,86.14092833213374,2.2155886581192896,education,733.3558265697045,0
40,self_employed,65477.66193432296,41.900634857906994,65.80882479553347,100.0,37.858127060246744,81.4059674901793,50.98093233811056,0.10291492858881075,car,733.5118521129019,0
38,self_employed,68009.2088548682,32.30064947295079,48.04653071656463,64.38468223693286,28.667341853863437,100.0,77.3806345952826,0.5922421654684782,home,637.02332115303,0
26,private_salaried,53744.042187712,19.461546421845576,3.8440260705795524,60.304686105184295,42.685055130599935,45.255004108980835,96.5293356427712,0.4466925162382619,home,876.7532005567369,0
51,govt_salaried,25325.16536342054,44.27132024311148,42.683909842061205,72.15903774577777,32.59167964717341,97.0582046214727,68.74293005819311,4.4800631278373,education,680.44847561298,0
45,business,39939.68206937653,50.2645538818051,54.595344338827275,100.0,37.26437901016267,63.3392112724202,100.0,2.3393835698309178,personal,620.4305505074658,0
47,private_salaried,95233.11690896409,28.160431730291858,15.572374458918677,92.15370936701689,11.683816121810047,100.0,83.79794826515891,3.035848411118115,home,552.8330197079259,0
26,business,34175.74834226644,43.21494923011225,37.458407314958585,61.21518975469631,21.41862264759567,47.988219583257326,59.9340428872555,0.9531545980707992,education,789.498474102977,0
26,govt_salaried,159963.97074263837,35.91542875334481,2.5506933821488005,56.72413296832957,1.7668237207694375,43.19529839628498,67.15503142720428,0.12286461618930411,car,539.7250598360556,0
52,private_salaried,32459.789208841794,23.796084599417075,20.877427756277893,67.9692624750279,48.099723457087975,58.21843252746304,56.573515394630356,4.95913105766539,car,666.2063798974672,0
47,self_employed,41401.52381967675,36.58131919048791,31.349618607636693,76.25416747805045,38.67684390246681,76.25191896856805,39.21256027677122,0.7572545890247038,personal,729.0722425824421,0
33,business,59190.53456087235,20.809552604735583,44.32891601679612,72.58983606468207,60.78144367960209,63.29853650349736,64.45593769316635,4.06826368747763,education,708.1628935542091,0
53,govt_salaried,22465.382683064618,38.91238400951585,44.61491655112584,80.13202956286096,100.0,54.44070231643724,78.64586688239412,1.243709185930267,home,667.2517571730302,0
33,govt_salaried,59437.400423365274,27.047309370257462,26.898141685261184,89.01387305619897,34.77353676297193,28.230940185814156,73.14062713852962,2.3458484553676593,car,778.5018497081893,0
41,business,53613.544213277426,52.01371356310817,31.957191332064575,64.99442217990008,0.0,49.03392235252577,43.691641823931356,0.444159356257683,car,510.8455266152242,0
46,private_salaried,56568.082295564716,63.402125871320415,66.64961258649122,46.878426135251544,18.920469413294043,31.00927120400104,47.26041092499358,0.485913574452402,personal,680.1910962522356,1
44,self_employed,80859.33665987334,9.42946059269282,54.63449348419271,85.12069444924077,68.20658145075932,53.59051952138863,66.2539164041022,0.45697117285776323,personal,593.602091200399,0
47,private_salaried,31505.876180221192,62.00601675355728,21.625918704754262,93.84520547087446,54.40019737793046,48.417805731290414,49.79199893440605,7.625055702476948,home,574.537269501921,0
23,business,32919.24639293276,21.78267282646889,11.119157170795543,49.44617960495476,79.70072294849003,54.42321830758256,61.194482008884684,0.9373979483258752,car,626.3423142849905,0
43,self_employed,53657.14642289382,56.273127342464605,18.606719676255878,66.21063460019582,71.02650673529521,94.94592334363851,45.15379444247598,0.1,home,445.9035170182601,0
64,private_salaried,60658.996836261336,24.784735177210102,39.2316158415351,50.685855423713605,53.946793095617046,35.77736722919937,47.68312906047399,1.377125818128785,personal,620.0366993039847,0
32,self_employed,148847.53274250627,37.65612562649072,39.684402521253844,75.79370763495498,81.43086011710406,73.63407130475797,58.4982442641423,0.7514476226297715,car,783.8614029714472,0
53,private_salaried,89261.12167627738,44.612246176716525,36.597018904126884,95.23020982864703,55.318447665773775,39.19027934440104,39.83095356044886,1.3537734941275321,car,681.503361478799,0
57,business,21115.638723743243,59.260558521998234,59.276557413889144,88.69593824676794,54.98600667557964,76.44024493882755,67.02757882792295,1.6298718372424474,car,533.2086907418802,0
55,business,40054.419047830255,33.611752218656875,35.59979190955041,100.0,75.06017464954843,100.0,69.83795171983634,0.4016008452026668,education,591.8054687842084,0
48,private_salaried,25018.32030501362,50.72744497233191,45.783356883061145,100.0,26.970766990447306,18.319542827980584,94.98892734590783,3.8359202182702474,home,473.4399791216258,0
35,self_employed,20683.973195158476,43.80602727144527,10.668323864176891,100.0,56.27770087192255,75.36683172959009,84.21978035053725,4.686133231885277,education,882.0031697257228,0
45,self_employed,87374.94944523567,50.78160233711954,37.634736528949844,76.34932969169581,65.2152745742224,87.00122011906933,47.74756630334231,2.677386958733232,education,727.2914506690352,0
40,private_salaried,33970.8800214453,34.287538318177056,39.20492440004586,100.0,93.63094281909216,32.98525688110915,31.839041188608405,0.13860361743403943,education,660.6090574491876,0
25,govt_salaried,55014.31258434393,22.415473405337337,22.51830509925012,59.75916945224701,44.712718969467986,75.82888198779474,48.441882776968264,1.6925742172990708,education,573.1178007802879,0
46,private_salaried,44641.32965863203,39.0204798062897,1.3482622540286542,63.91864405142181,54.714152084190566,100.0,76.35824930198353,1.0356259616903594,home,738.0017879226846,0
62,self_employed,31018.5416449082,27.63495558645844,2.674311918238608,31.548460376980778,52.93661526697853,63.65404243312881,75.12923569073332,1.7794112220290588,personal,639.5030978329313,0
22,private_salaried,115506.51089122507,16.572801542548035,33.82303834734274,74.11551541235316,94.89234333741788,46.67820585755808,61.64544388183654,2.008302749484072,car,615.5609377050802,0
60,private_salaried,82090.69834880026,59.46351913448488,5.274365381304456,92.3823447396666,59.10781994501371,59.76139270326505,61.65323920241367,0.6756302436979031,car,419.4881796926343,0
26,self_employed,25189.712144119432,25.066979493134404,37.51992308607019,88.38952675019473,83.11919728094192,42.75129649280423,49.50323674175644,4.002099909221337,home,661.6092695526856,0
50,govt_salaried,50310.291555691634,14.610142899763414,35.83655541006976,60.652586102591144,25.842059335241764,64.78007903177263,67.74012740624636,13.034545636101038,home,746.2031885907172,0
27,private_salaried,34656.118020106594,41.95516752493483,45.96042454238262,86.09667591937284,75.10939493125831,56.0842033229508,79.91450876845929,1.503899698736877,home,728.4599867674855,0
25,business,27304.822835384904,38.05148262142846,43.18840972416661,66.47560452390651,57.37678592232691,81.9640634299443,67.81166989497979,1.274257911528878,car,568.9834994527763,1
52,private_salaried,37658.17982204202,36.10212524315466,85.94519379434384,34.728215269847304,62.8342857929695,55.96887429000977,50.879187590311076,0.1,personal,842.9498073342988,0
28,govt_salaried,43703.09568918997,18.1178218231894,30.029092609744474,79.61884154813377,56.80706075580367,71.60626109263765,59.47029581985617,4.953140084471786,education,688.1134353720732,0
43,private_salaried,59858.25839231519,28.89216493666963,54.77076821947863,71.2509372810098,31.799533549526416,54.198674940255145,76.24659164116763,0.576832446408966,personal,566.3259583436223,0
60,private_salaried,41302.84406577673,24.327335440771407,22.897543867887734,91.05051949924288,69.32996446257906,54.96290591714255,70.6462607595084,0.8144941520900351,personal,683.2045308622982,0
62,private_salaried,72026.00921688882,25.491076662262714,12.231651899275523,62.70504091221822,69.2203752887547,92.95651484247988,95.02198684484637,7.702893994420066,home,768.0849743485376,0
58,private_salaried,128083.44052278546,42.99212429685155,4.307384989201598,100.0,36.4144378722804,54.48235484549734,90.4276627816641,2.9068569587118107,car,813.4048536388034,0
36,private_salaried,33327.73314277463,11.591575960875595,62.614287517844375,91.9281425567305,67.7285190567675,67.63391377142014,100.0,1.5342599059409967,home,578.3804974261144,0
36,govt_salaried,80978.39916715461,4.776598925883967,51.57110457395778,53.231359531792044,59.8082841238917,87.88689701783636,22.21638608120142,0.44064381847790485,home,744.3030665292675,0
39,govt_salaried,66824.93438283351,31.69972958510489,32.45186255220081,77.05291057079329,47.555096094400994,77.66450620230187,62.24740334673507,1.6589334925692687,car,816.9708024243491,0
27,private_salaried,31196.844442646045,55.940320480722235,31.576872264992723,99.94770583949327,40.802063035351175,71.3529273802127,79.48084623024413,0.594744588760075,car,733.5278500492459,0
64,self_employed,28501.285168316746,81.42243680732675,0.0,78.40094809974241,54.415156568682065,60.83608464870086,79.25924721411565,0.2958158714665694,personal,736.9000689052597,0
38,business,29522.649520354782,50.71640546362069,47.561053261656724,77.29167381232149,69.90918706043398,80.37882900182261,54.7653591303736,4.352873679584927,personal,717.2816448178168,0
54,private_salaried,49152.60815706697,20.318461563259874,35.72337759726925,94.61265030219867,66.68011643114812,68.84057466898423,100.0,0.11541321178314094,home,577.5224136071331,0
55,self_employed,31976.395489282022,28.95401197944917,40.44473450654776,73.85459178355795,68.70167311767926,38.210212669426824,55.152272591385305,1.6729741976734158,car,636.080351321416,0
42,private_salaried,46563.594829184134,55.61916901364832,42.19361695372642,98.74155357483511,30.880256559257862,56.70738982371939,55.513949315846666,0.3907885750878059,home,615.200822366614,0
49,self_employed,81635.89195525405,65.32357819826005,68.97903487783984,51.889305722342506,14.73241459731259,71.5370481339703,42.917646368847585,5.305830738092236,car,418.82368157659084,1
46,self_employed,46528.5217859597,37.12298198224549,68.47053683435186,92.53374951750199,36.6614209225663,100.0,82.84731184100356,0.9748447116507424,home,715.5078940538389,0
62,business,116988.69977376467,36.279261030998605,0.0,53.26049492698788,14.405791198760554,31.797774801724785,100.0,1.7186773815791747,personal,897.1901490097368,0
62,private_salaried,84992.89710989626,18.412493831107128,19.535875912756858,55.873017281390354,58.473964732042994,61.08930972750869,80.17818875261383,0.6178547008237943,education,688.20475274176,0
21,govt_salaried,39474.03118806941,10.288810092409612,62.423191070763835,100.0,100.0,87.95302834979313,62.09106922419453,2.7864265137518407,home,600.478457486171,0
33,business,78271.15431968177,33.26687796552259,60.384658138404546,98.82869955438878,59.738696402021766,35.9671831254099,68.12162722698169,4.407121685755237,personal,660.0439278338611,0
51,business,13730.504263002522,39.87476861865118,45.01542588240419,58.141236142684235,50.19885498442278,78.15434051947899,76.63569602404566,3.9763680318706855,car,462.4811659862001,0
44,private_salaried,47416.20020310749,46.56669210204427,21.53815121643813,85.708975901705,100.0,34.07384841622297,54.06758240375352,4.325294685315063,education,630.6517694384877,0
32,private_salaried,33275.220068856586,45.82378216528684,42.537694065978656,54.16373263990804,34.16286439382172,57.79885554851323,65.21283379874501,4.597835064180501,education,644.9373300596507,1
57,private_salaried,126248.30041591696,32.66268416639275,33.690249239567706,48.490020640086286,72.59702319560644,85.57220622606755,55.122812217541686,0.9908466397462854,car,543.462853707983,0
23,private_salaried,64329.083260796586,25.126097859151553,41.60135621601031,100.0,52.67432305517313,69.67920305969757,83.69807712999132,3.5512689461512412,car,520.1498890006957,0
56,self_employed,32957.32663905788,35.49928741786024,54.565879379239156,83.71425280899349,66.22050227677029,89.44396315111545,100.0,1.5747610354296446,education,657.9125112113585,0
38,private_salaried,129007.22654733736,25.49060211962936,33.621204075904934,75.37151890325947,33.32573125429954,66.73437333511922,53.69323780324716,0.1655754449003727,personal,501.806788559516,0
37,private_salaried,36291.896838489476,22.31500560926272,9.330478587309333,84.0772031391072,98.89030962753614,69.17908904266308,86.53294893074145,1.6982004755014586,education,824.0104450610902,0
38,self_employed,56832.45390669446,34.989778858352075,19.20962321779374,73.60379219644626,25.86687920343187,34.781445402526316,71.33696499282057,0.370562555577387,home,758.2492428074692,1
22,self_employed,26588.030366199317,54.51187848872836,14.047526044596626,73.52140166530391,80.46727126061019,37.016448375455354,56.832535727471765,2.317150227351505,car,694.9329469342198,0
31,private_salaried,43282.911060461076,39.71194244675999,28.678340777540534,81.2867736626286,65.97875334251044,81.66358862540363,95.65589937677962,1.3585840368157056,car,659.360890217463,0
62,private_salaried,63979.9120107609,25.547857547864798,46.480838617680604,72.80271753796129,50.39782832460202,49.556152243912415,100.0,5.225022349492913,car,589.4366372305344,0
36,private_salaried,153951.87467403436,8.551449516447722,50.64054775148255,56.76765395692195,54.50204009250672,60.04239761842674,61.43363484404489,2.9033005500894298,education,648.7441845136725,0
43,private_salaried,36914.84832314538,41.91908126476747,16.512853327392488,65.98011965941382,62.34873469857906,49.54915776315528,68.84072000663394,2.279392845034021,car,673.2302407774047,0
27,self_employed,79879.31703268629,65.84676995983983,33.238086186749086,71.5760918259194,49.67484596011631,77.41211509598608,80.21557053299624,2.980421807751309,car,459.12065572149754,0
64,business,24984.280043565384,20.49677711053973,58.631262737641826,64.21203796932055,7.487757349556496,44.84011522263019,77.19707929509991,0.5235017144536007,car,675.6121875838855,0
47,self_employed,93380.703387592,18.341189619649352,62.310459608123764,73.86775825471086,55.66429908510766,82.87184081262922,59.18092193040535,2.9271189114469607,personal,390.3436398381166,0
25,business,30948.93484164731,29.595847296845363,47.450626878743876,91.53886920930393,17.199842198460594,65.45025948795455,24.448747863018312,0.11091749578434648,home,693.326281032324,0
59,private_salaried,47443.40333771789,23.153384889875788,19.06407179441524,79.54961761651327,70.74175427629478,66.27192565088589,71.89428503714558,0.15905903864346155,education,590.1806715156772,0
37,private_salaried,50541.147541768965,45.596084366507725,9.482487683877249,57.07126649436803,37.24004940827022,63.71926276467168,36.33694387927193,8.460841275923034,car,584.5976326082239,0
32,business,38899.09393900377,19.050840788479682,26.058070974216108,63.70615768484157,95.86666381299679,84.9403942316354,56.1858414814216,0.1793580337785297,car,669.8234409142948,0
38,govt_salaried,25558.14318537953,13.743338885400952,0.0,100.0,50.22344046325206,70.82650465749398,58.5152524936188,1.0310187686502628,personal,816.8399820238606,0
62,private_salaried,103391.76328860894,35.558659437125336,4.644018135992024,84.93168381671217,86.62461662481357,84.43333534966787,69.41737903030013,4.6329498265739195,home,621.862131604774,0
22,private_salaried,89014.25786965429,19.03051049671548,62.03676471490772,59.24352504507122,67.25690164166883,51.77144723364336,60.455522359332754,7.639253183904899,car,512.8885676615284,0
38,private_salaried,49490.73035869736,23.499923012125553,65.87676613829062,69.80110995054822,38.30076654822161,100.0,84.77779404884946,3.0763233493588786,education,542.387106343494,0
63,private_salaried,15080.443530683357,52.83839691883678,48.34490294858484,74.43564242125541,89.10815610427167,78.25072066797226,53.54288196963135,3.0075421297713474,car,511.51521448147435,0
54,business,59765.47775863367,37.54621651955993,18.070043942621854,87.15895134011508,36.11252792165127,62.96026690812644,98.9388829277396,1.2212067039323433,education,570.6998917027825,0
24,private_salaried,95663.16314042346,42.28039861329785,18.01790298019553,81.11331137285192,36.71863577967608,47.04681229449892,57.250251303499766,6.885990351418951,home,801.7588288427049,0
44,private_salaried,32734.168549789803,29.12645033965941,65.10124077216659,53.399947832357356,59.06991545249781,94.90060619471674,43.74062940105454,0.8468431659604891,car,697.2770271037283,0
44,private_salaried,66642.38584002489,51.52606792679313,44.83986973672992,42.87486423196084,64.87394925808267,86.45859229014692,52.93201051921777,0.12170953723045691,education,427.635160429608,0
26,self_employed,28316.34585283165,29.575578359411814,63.71141986327247,38.43188238316074,3.290607114224194,66.78790557863226,61.14821414451688,0.9386447346195141,car,650.9273471810822,0
21,self_employed,29437.69664872646,34.04915221947784,44.65580248120636,96.67166206219991,46.6634826704557,95.39904011828598,27.28400302530389,0.656471133935897,car,621.4495605868345,0
27,private_salaried,76618.52548902755,44.62841184287957,14.406075207338791,65.3196575275583,54.89817907196412,64.17480694699879,84.99490950876695,0.5207638668436345,home,408.211852099207,0
57,govt_salaried,123626.92808293944,30.624530814440796,38.19999091594375,99.43636038898717,68.45970971493394,66.12303308672834,47.865769061084556,3.774745297441669,car,590.0153083506978,0
56,govt_salaried,44309.27061202796,59.79123433725319,49.079316102572534,91.176408045557,95.19635842020617,83.0506592015065,47.37188779729925,2.911582490202829,personal,756.4858836969361,0
32,private_salaried,97850.19054946388,34.6964041805353,15.438232475031008,60.40732709329684,72.59307047248205,46.88359641154315,53.76892913047472,11.970645940929689,car,715.1277397453259,0
29,business,65420.8738535837,16.564730951702213,45.98859014871527,61.79943702178514,29.57790036130388,54.89310215599406,97.24129913854955,1.5630195768658717,car,606.265503806127,0
29,self_employed,44225.60057737018,36.03340425084282,49.24379837006553,70.4124862527049,58.74667728469444,65.2186602648638,40.37106040694418,0.1,home,706.5922359209063,0
29,private_salaried,71456.69992474614,36.94240479344142,13.892275573165325,100.0,46.33538545952952,59.36705235490138,82.83418490382654,3.897736836950321,education,876.0801365083829,0
56,self_employed,23096.010202416128,45.17430306060763,27.58152977700397,39.28905402236305,55.33934148460512,91.32535102999937,87.66229103316965,4.966929423154184,personal,646.5992185560248,0
38,private_salaried,21358.36686490578,16.25490777109603,49.58071971145439,100.0,65.43239327281265,55.053262532483956,52.989682828534214,14.102374918332671,education,612.162180368623,0
37,govt_salaried,58340.5929670189,60.70888700640491,39.00523743073015,74.00807277635917,82.44180264200669,46.29474409403963,61.11966045778125,1.2784039287644824,home,740.3239485290765,0
59,govt_salaried,25078.236551013277,30.202605831668656,37.886200388701575,38.32588464741131,34.16004292583984,51.40222920527627,54.08059252299003,0.14982027019859215,personal,673.0267454025977,0
60,private_salaried,75432.00380850327,43.656082757527095,31.43953419872323,78.10310685730713,45.04292416143629,67.35177259774404,73.02814792144038,0.508478032634708,education,574.0107008474974,1
47,self_employed,38288.50457477921,39.25766850954105,54.25005183906597,98.31189790288256,53.52917864671195,60.58136550120775,73.82248467672784,6.232817909747493,personal,512.0351032523113,0
43,business,124040.79744080003,38.2657730163075,18.50699319418625,89.0698429645005,53.05446409658817,59.48097096607724,62.76552327813227,0.1,personal,699.6122466461711,0
53,self_employed,31389.485372600146,36.04556404143921,21.9868675732761,68.46704873622777,100.0,58.84857165768402,77.20452074154858,6.975277187252997,home,714.9585552809934,0
22,private_salaried,44097.13992751595,35.82677184934293,50.59411049095224,98.0224523007567,40.820995531307055,27.501646111845936,58.19469653074658,3.2114162162506443,education,511.34578474188083,0
47,private_salaried,38358.75887218382,79.79494063364642,69.17928104059786,85.38139078744442,62.43085681243791,55.703532897457976,68.22174818193076,0.5152396631584323,education,567.3531012170872,0
39,private_salaried,22516.15227207713,10.815353960308752,52.72276306988263,37.11235608148184,70.74094007563974,60.848313097139204,96.42632405606808,0.9830988461660256,personal,759.2016933337666,0
34,business,45890.39794123037,43.626617314846555,23.712238025885533,49.73193674908787,30.008777892144405,54.684653109409254,59.51302767503292,5.019216410852573,home,900.0,0
31,self_employed,64970.57614548398,31.07319852616598,85.72462619055187,76.84807551554113,46.32611375162745,94.513388772191,29.234069404754493,1.40232249565537,personal,560.1232283275946,0
28,private_salaried,28917.691341081478,49.50229751718288,8.108284859730578,82.16994761628729,55.89035852715062,29.738908472571495,71.37884116192099,6.877972525955835,personal,683.8384102047557,0
50,business,42198.805892439945,38.402286338810654,35.17683544709767,63.668739660488065,100.0,59.03338319503823,52.69773273062434,0.1,education,759.1740014121395,0
44,govt_salaried,28815.349345524024,26.88462842905957,69.72231899790064,80.62890111443787,61.734264879709606,46.21037543744291,61.507568825664364,0.6968820907427243,car,868.7745825870204,0
39,business,112110.48496785291,22.408405192221853,27.62383502955852,100.0,64.80006458616603,33.619159773809145,80.20420296492821,5.987409785220713,car,886.7725841698286,0
34,private_salaried,49884.03219377111,32.85682665813065,8.278839402430421,96.41132616961734,50.28827408123432,21.580341296864617,38.54724970467492,0.9009622313247436,car,582.6103261780763,0
40,private_salaried,50131.319335513785,36.282699944593986,0.6858336272374146,56.42147035078539,42.39678315870841,63.5428462231789,100.0,0.2474607353719555,education,791.9216066079173,0
41,self_employed,57663.46827110336,43.70851530553422,59.18461294447876,74.51427008659948,95.97401318999583,83.16045325072383,55.85120910375625,0.1006281875985214,car,900.0,0
51,private_salaried,60652.26351342146,34.504621044206594,24.926994792488074,71.55250085092676,72.8682931879425,90.55713310061029,81.40974661727147,3.8303275030481387,education,666.9442174986829,0
59,private_salaried,46314.886802417815,34.16221726020784,27.452269650755802,100.0,36.67684904728662,50.195354949025834,100.0,1.6076830332380379,car,767.3417077585198,0
35,private_salaried,49541.9318373072,0.0,32.260208446121155,52.16116361677377,56.49763141991096,32.497574822349506,71.6582370634408,0.5093676785530764,home,877.8008451255374,0
58,self_employed,41634.86139729384,64.7807059289044,3.939294443203586,46.92882740872675,52.90542250277338,100.0,65.95322186259826,2.4883411118160086,car,628.0105708148861,0
41,business,54798.12828278972,49.29764381494031,50.781504027998196,62.415586543052754,37.33233079067486,39.13755499190059,71.67745003521867,0.9111619173904544,personal,711.321233452438,0
36,private_salaried,50997.09254068135,30.677659542333235,38.66025856622964,55.169459177907356,57.631965597741946,68.01204985689267,39.93906281285039,1.9515612467148766,personal,769.4832505244434,0
49,private_salaried,29925.060129790723,35.515000828532536,27.75001994235863,93.95023817151134,71.86737444521549,52.6326995991174,54.10212705996619,1.7966287982720741,home,861.9740311960278,0
64,self_employed,79782.6773969894,27.622707642757547,42.06012361092991,40.47530431975866,51.824077428123935,35.309369161378854,47.140457182938015,8.526984553479277,car,543.103488110645,0
22,self_employed,55613.12963305778,44.90631403911967,32.05279730487424,75.62854018707692,50.63530689430605,86.61440997773974,70.08083915646321,0.21935196514291605,car,667.1192738187261,0
31,self_employed,48124.92549656436,26.235574554792784,2.6804733256588804,57.628071387285836,0.8227484618560652,46.787149598240106,77.13940194790534,0.23202395283347044,education,643.9520059281174,0
41,private_salaried,37828.434572480815,6.095955676316681,5.364655548410248,88.27682722510933,50.11439492576573,61.550079312050876,51.25697684331355,0.25967455915306914,personal,595.6837681741011,0
31,private_salaried,44747.97656735353,65.3730341074377,26.501284205249526,72.36483623616441,49.93692506327294,68.49062816688969,79.36303959368507,0.6719450935908379,education,680.8685300811827,0
41,private_salaried,121779.74018228412,44.039147225518626,31.971785781780106,100.0,2.8190647395315125,91.75984742974298,63.12193240467623,0.7318961473361176,car,590.6958141004753,0
35,private_salaried,73788.03147483068,12.29953902437358,7.885880795261787,51.17570766634636,37.101250815162565,83.84151882199001,100.0,8.6454955075845,home,576.4887741271967,0
44,private_salaried,56405.31571954144,34.93880792743953,29.930802424869373,46.60368610195805,58.72607994811675,84.16751409296116,54.43444304519434,1.5888342307394212,home,553.0173610102235,0
50,private_salaried,22577.49407961118,18.96757654055533,0.0,61.43181603310256,81.65763918672087,53.80561680088638,43.836221403593875,0.3516503775380747,education,677.1963700978517,0
46,self_employed,48367.34697943978,23.10535479933988,73.25109378863883,69.51947538510444,61.235857605351356,77.9672991279126,34.26227929704158,0.705882741983086,education,900.0,0
54,self_employed,147743.7288361741,36.194743739208874,0.0,99.73664932254533,41.49059152532364,48.97032156337986,62.03109450021266,9.027702503734425,education,596.4028343822472,0
60,private_salaried,93151.13292578516,44.344160456199624,47.83083289872024,59.25927442133402,30.543358768344,54.86730332424162,74.7974550456945,1.3543467037010515,education,440.13175420184984,0
30,private_salaried,64364.16333483959,41.74150273920893,53.42051679461987,65.40562206467727,44.184062091661794,100.0,65.06857891480851,0.8462185864550744,education,738.215853566491,0
58,self_employed,44128.33655862374,20.65595873905967,26.357089468282027,57.018829525884016,33.41912417548774,76.2951838664886,72.88137162688831,0.12368970131260956,personal,629.1351415622496,0
49,private_salaried,42725.85051988698,16.84889806461089,27.172605338566996,74.36291536390205,55.38144837251897,57.70505457467302,76.66700600636277,0.4934436784627302,car,667.7358854614446,0
39,private_salaried,100073.91338520567,48.13240455429014,33.36870481415645,74.69825347850788,3.528233015419673,48.13117846686551,86.87388832705308,1.339068819415945,home,472.8011331778336,0
40,self_employed,29562.44543528554,51.311836080210384,68.53195863303333,76.28644013416051,100.0,47.851375765427896,57.22332260481096,0.170506770149752,home,727.9922660514162,0
61,business,35760.15282994232,26.205849852016268,38.78103252088745,90.18051041261852,39.788530337537196,75.33991619281775,52.65913544957306,3.7882680121125034,home,900.0,0
48,private_salaried,52545.39851826429,44.27306367775928,37.31963319564593,72.34804653041334,50.92094660406896,86.82358627189072,83.89879172861247,0.11021356613583387,car,698.5692564494555,0
37,govt_salaried,36473.734600959295,36.498797715873515,44.9693464522813,83.66368822813327,65.6370670765858,42.75850363246528,46.57031822904379,2.6881144436058353,home,600.6702058785819,0
39,private_salaried,104732.14944993655,42.596828697616445,15.616985345213472,75.48509107773982,44.27841498256831,81.15451456710096,85.75862504992105,1.4232169872822058,car,705.3636225296111,0
58,private_salaried,32336.7040238018,23.904686539825384,17.184126670680705,100.0,38.22805948100799,56.13664544373598,84.8291297398523,0.5075201579352735,car,648.2367496369328,0
57,private_salaried,40610.77574066706,39.74101804594927,46.67766044568002,100.0,17.319354490401544,53.86564204285674,78.57522517761528,1.9837446077823337,car,742.4556314824672,0
62,private_salaried,53046.63787516184,44.828504427706406,40.13994891171661,48.52700858315642,44.10246327273917,82.55095106902841,77.03324709948117,3.448980190460484,car,739.2167587313679,0
29,private_salaried,55536.99915734655,0.0,31.31421996334576,70.88320280157312,20.88822865956798,46.43468322688008,86.19315060296482,8.194677127188804,personal,677.6854098889955,0
32,private_salaried,29805.876330114166,59.45194947311616,42.40680534657692,63.21492538409865,23.664957042624536,72.91828441916091,67.65655990051249,1.467219993532074,education,764.1439862081496,0
49,private_salaried,54075.31013246725,9.860760281785073,55.26988326915453,52.38359713129533,0.0,29.61417678287374,69.1704668342283,1.124700408420448,personal,672.3809374688083,0
35,private_salaried,87771.79102619381,65.78109967132903,0.8808181021852945,62.45814350455408,53.97706162012327,62.07038658543677,90.1282208005311,2.2225624140743854,home,497.4864777680117,0
42,govt_salaried,47458.63982117404,36.39403479024467,24.001503350713087,64.79872099807835,62.181812850685674,83.87431011512089,58.03441331604304,1.6153092847999568,education,545.7478946512508,0
42,private_salaried,40385.130275653064,43.27689431202968,26.281975803390196,87.89043932487448,40.73827455029452,61.49233494628966,68.09434989398848,1.150644552360838,education,729.840144141065,0
60,self_employed,85637.01707511679,22.720047566967196,20.665345123556648,49.8739513300952,57.576015362150535,76.820974096987,79.66258367381594,0.9977538101542218,personal,632.6914448075534,0
54,private_salaried,49597.3462039621,37.757792157098365,69.79438149168698,75.79272130162967,64.02002421163024,66.42911612810524,63.465328800693406,0.39256000732157625,personal,504.9369362455134,0
31,govt_salaried,14176.280346100653,32.219841340146765,25.157625406169664,77.40520868604621,49.09408059170134,67.83035550148762,62.42667427944098,1.8115815953076762,car,696.3601638939015,0
49,private_salaried,25275.153309641282,34.82701038207902,0.0,57.47465301637752,76.19502560323298,80.82017649699176,44.012984545391696,0.3127734413616017,personal,900.0,0
25,private_salaried,36201.542410657494,25.53500966159048,50.58375154001608,88.18681990138224,76.30435453304763,65.09821117127107,90.68720196029119,0.22219722100395908,personal,765.3800113164762,0
49,self_employed,43693.98152302888,50.50443804168367,24.57327715065695,71.85797540020982,50.559324059417534,45.03792178104457,35.289647792805475,1.0719730729535557,personal,768.7458777288125,0
52,govt_salaried,43117.0043880244,27.411455894114532,60.58167738884844,63.18991702806471,97.86385369402521,87.78542798394203,60.51106017011042,4.477541216923665,personal,688.3773961755414,0
28,self_employed,62491.033478869555,22.20770905891604,42.773170447373616,57.00234765908608,49.73628750654917,75.40336197892033,91.22750673258369,1.7691496384144898,home,463.5623547956071,0
23,business,99076.41021449158,38.48329144513051,36.65226545586625,63.73985697039263,89.51882419465701,54.66431809577454,67.99701219101344,4.012039271815981,home,593.5744185761926,0
27,self_employed,40280.57777921359,34.114762158339204,72.02680238982157,39.630213442240965,44.46998154606496,70.01119013860185,62.48114061335488,1.7874189610411473,education,715.7685389659114,0
45,self_employed,93381.56736044631,30.877016556344245,23.63296718660939,63.295056857100306,79.66272934573196,73.31166079667929,100.0,15.0,education,624.1871460556174,0
39,self_employed,43183.70112535246,42.10112045068682,33.055151198719976,72.52967457816915,34.854742707868354,22.593225175385534,94.9675272839637,0.5911393873668165,education,611.9180999124168,0
22,self_employed,33996.20071683794,26.781859777288282,52.22169612407623,84.5791971833602,100.0,32.182298765642344,68.9480332686267,0.35385994242577656,education,418.66936887881616,0
43,self_employed,18292.736546362576,6.300359436084058,33.997028583875036,83.73579788048718,29.871343632896327,59.70042672955117,44.459007308079066,4.111359281621501,home,900.0,0
36,business,13516.752439573072,26.424945090849498,22.99548539778858,88.56547400779486,72.4014809294512,31.5579445814424,78.76943513993135,0.1442851037760551,personal,641.1243385519169,0
31,business,44512.396624916924,27.811949387056757,56.04511867487928,49.38424366665579,34.95075995542705,38.235772364292245,74.0137035010033,0.1,education,616.0428467623101,0
54,business,55608.83814882241,5.445371279728985,0.0,70.58868119465372,61.172651585415295,42.49604344524553,48.22613179047316,1.2386828721195084,personal,717.376715579136,0
56,private_salaried,42263.27998003782,61.674038589567154,47.80249751283243,94.39681729679818,60.90245410426776,37.60028455066194,50.405144879807075,0.601483830901528,car,674.2997608633423,0
26,self_employed,83038.8213182684,40.19078465130549,56.82597912590535,73.8372541100154,70.53475841345752,60.90635263759765,48.86428733700235,2.075769572798293,education,753.7486366996723,0
51,private_salaried,74213.35741338943,32.03871233723538,28.78948488715453,69.70412796490771,78.83606065632414,87.6118279532806,67.88729514605205,1.8444369814441266,home,630.7949357923176,0
43,govt_salaried,48180.89634468476,48.58576400746048,81.91248323792881,46.998575311965226,52.404687889925825,41.39079029535836,100.0,4.008289590542083,car,579.4714436816122,0
64,self_employed,24553.52615510665,61.164666721146666,48.27195737121525,79.09595754563834,65.22852306939984,93.29681325651109,52.516014599717,0.10277947339021253,home,577.6643589178744,0
49,private_salaried,27445.527988735364,67.79813757763685,4.081116362119161,65.28996313028983,34.10207038051037,59.55078036465513,53.02194249351851,3.1883844149017975,education,539.0336403808461,0
47,private_salaried,40590.45824752754,39.59558815949519,33.12461197957508,73.73924339941544,67.97916877267363,97.87048017586983,76.45949483909718,0.6113751914041731,education,827.3745471319381,0
56,private_salaried,41132.95024660656,38.592226036428166,49.88607633071882,96.22501427209045,76.89280408987622,83.05150059208134,40.63859974822694,1.923067608349197,car,632.048523511189,0
24,private_salaried,64234.438488374086,40.01236432809733,44.399470806637694,100.0,35.18961470417571,68.29005180087012,65.49789190640328,1.8999841211952404,personal,655.589549777113,0
53,govt_salaried,124087.04878763466,8.394213131161354,67.57255395762482,78.6967952872076,95.01406268424898,57.10435181609147,59.3839904241023,2.5143627181785364,home,504.1672908527728,0
32,private_salaried,73761.2850212275,41.228678514850905,45.58340733889465,55.26096976548468,25.304289665725943,78.11736358292497,100.0,0.4425279180516822,personal,746.74040129404,0
43,self_employed,40857.87875431807,65.3763662523793,53.03370244283358,67.37458587936666,15.187925693044868,91.38843575629744,93.83862472430145,0.9270787329283128,education,613.669655604588,0
30,private_salaried,53441.79117042086,24.271062210272312,36.10822511971532,73.57170043254693,18.327351366202016,68.84228534157337,71.8881390680832,2.9560738885460527,personal,441.8842548636003,0
36,self_employed,118398.29534156449,47.946316790078704,10.419942790111069,93.97896445614194,86.07002705149857,97.3543415155157,61.97016636785023,2.429704027339216,home,593.0659405437239,0
25,private_salaried,25470.310025407565,57.64173575603975,3.700472569998059,82.49559504385608,60.956370834308686,65.91615937063193,71.3759375667938,0.6479984140472955,education,742.3060031474167,0
37,govt_salaried,70205.69091876742,33.188948859005784,23.52243881982569,41.26808080586433,54.61468678479345,45.90863770442331,48.42997320843775,0.8799695375907226,car,761.1522516947105,0
59,self_employed,42584.07538291278,27.922928038664633,36.17506353753814,33.5035616408636,1.2368903241304423,100.0,80.13052436679311,0.1,personal,640.7402269746483,0
47,private_salaried,52365.349514712114,34.21858303814769,8.95267361870794,49.218999906547886,64.7483596578147,66.58433648840037,70.94334146526758,0.1,education,684.3249911016425,0
28,private_salaried,43102.857228864916,18.152074236869336,75.91309095354308,85.6068580334116,62.61230504200362,43.84970659413137,82.46684601349656,6.745815421333232,personal,841.8618591082104,0
27,govt_salaried,39659.398315683204,23.51583264454718,49.68212671614498,44.24584382939995,69.11940660785376,78.68972267105993,52.40712648897519,8.438205019711688,personal,551.5605846641039,0
40,private_salaried,66288.22970674811,61.444694788060986,24.845664617005724,40.69640058593159,75.64808957576633,98.6662915185506,77.8553672610225,0.10814298131152915,car,755.5722195134894,0
21,private_salaried,75319.90438564644,54.93428404627124,15.336826335525519,54.06381854436866,90.1790059892976,62.52811160865237,52.1091524174569,0.15086885033779462,education,775.3541467266343,0
37,self_employed,150311.22818436395,48.79804877529634,63.06285099925804,83.5533943951071,40.87197681543753,82.54222307063907,47.88589298198752,6.432356630442334,home,678.517118755995,0
38,business,21642.21847441524,11.67576764848776,27.030367097352908,52.501199562300314,46.656034862734074,83.12364314696599,64.53957565168145,4.963495324843963,home,613.9466074722602,0
43,govt_salaried,28748.29926591688,37.04887276097589,39.59125229711923,100.0,66.90631900218052,95.4487781951309,61.61830296025848,1.1622536338712197,education,457.0871551956226,0
28,business,70841.96798883403,25.438152135235804,51.16822353865395,72.40837777816036,95.86379230192412,58.32597510621909,39.22221485842823,0.5558288556591726,personal,627.5898720199181,0
21,private_salaried,22926.54520567401,34.71022543592247,37.03260107066849,98.34435466608745,94.7111794060028,51.30025641712505,86.02363527976365,3.605912522772395,education,604.8609297486772,0
59,private_salaried,44298.10211824805,49.70006354200841,41.10301671749945,97.96181732794865,63.543848017838485,39.03348120662194,19.583059868545305,0.31853376142742756,car,667.8570514015508,0
29,private_salaried,55820.7311467098,37.8294662235197,67.16134494345458,54.28791887909212,77.02647230143583,65.94597486257456,83.89338248237169,4.449439966354759,education,841.2940953826428,0
49,private_salaried,62604.29564862051,17.30334875938237,34.41296595768611,82.90614505298662,55.82558267982583,91.93882488777992,85.48045548142105,5.517411692992015,home,649.1023043911104,0
27,private_salaried,137890.84463740623,41.33487196174812,12.427309712415855,73.58189274945262,46.62082566934038,30.10934222787892,56.19447533525591,5.887016081238966,education,671.3892221220353,0
52,private_salaried,46581.02137625875,35.563296149908446,43.012832766796734,59.238474921926574,66.4088993283174,57.65850707963634,52.068289187056166,2.3531800488190098,education,718.8136992026479,0
56,private_salaried,99305.0015513465,65.8177233410714,65.85613547539364,68.284281220405,26.134141531778894,43.686346043608665,36.325348647719025,3.5793863686572784,home,763.7895756365384,1
41,self_employed,135640.8317633374,64.8814161124618,32.377773226390346,63.44931471961574,72.43095115975783,58.04950114962284,46.86889565865327,1.9606047259476433,car,803.7486384227576,0
22,business,7480.916099478103,16.53711153062665,1.9084519744363178,66.56430861343468,26.797802500417824,76.15812595078528,81.3051144701283,6.8642571556523,personal,833.8856459105147,0
35,business,56217.41583209069,29.475225152656392,11.012129772716687,61.9548847389741,88.00998203616678,38.26038207902848,100.0,1.0352840541080315,home,687.9030783870251,0
21,private_salaried,43744.80468286287,27.844339013636418,37.3549714892609,100.0,68.43985040675602,62.42622434510857,94.33688713480043,3.578861028890623,home,781.5341522491021,0
28,private_salaried,26441.21479667453,16.267953012654765,55.686388328036436,40.5579675065314,57.58896181243303,63.335345794586864,71.8426229666326,3.2202873974417874,education,816.092296249517,0
49,business,34334.261793506266,49.93122785674212,46.51123851660731,69.09887620388716,43.42859285714051,71.25644473533693,81.47534219803802,2.551031609360784,education,558.3642960405709,0
47,self_employed,78392.59374613677,34.0418325075298,9.91954695142967,55.021272475088175,61.81583785798536,71.84451158848691,48.0264125313123,0.6054065294925114,education,655.3483533067126,0
56,self_employed,45494.54312094966,19.600617756737314,25.83726020316561,73.09703753845359,45.28800233071298,60.67997156853773,76.6793029935238,0.5782958252927896,home,503.0350447104738,0
50,private_salaried,28695.863421306636,50.513958671493086,44.17795640396548,100.0,21.923711870834104,100.0,64.32631629519294,1.494722105333346,car,438.75878378703305,0
32,self_employed,58294.52803329671,44.11874777562382,44.70129642932492,77.23714102689364,51.72799236636544,85.3919546408955,70.24555778048077,5.441789345585115,personal,616.7898763066096,0
30,private_salaried,67551.5416674928,35.02001487917643,26.86121657372831,100.0,88.43585269788545,61.243256007698626,84.44750609638592,5.559547678730954,personal,381.3555425313729,0
56,self_employed,67921.92074180456,21.497596581895056,26.731025930564094,80.7277348791078,50.2851292713128,83.77914356469702,39.40451839781328,1.9094697193452934,home,725.7373651141826,0
45,govt_salaried,40744.811245356774,38.5347612528877,68.4244231888126,67.41762314774147,41.387591139507826,48.396888900446356,68.80756300633742,8.782087585655022,home,641.4555583676341,0
43,govt_salaried,28187.489003783314,42.18768739117241,37.90048344944987,96.16949544237927,62.354188450040056,72.05941499445736,55.754214283874404,1.3141869119758096,home,751.3948269088197,0
49,self_employed,62980.66907560837,25.035369434852846,44.916153963189416,65.5616433197099,13.98101171673396,73.61741418270233,69.80295156776775,1.3078984808194245,home,518.3362948178292,0
38,business,25614.59879181943,58.15365828286373,30.248241725428684,41.50743822779496,75.25005285547736,95.79087975379468,61.44777204808013,2.187273942068021,home,815.7111876561557,0
26,business,32859.0343814406,35.487428071806754,40.14713453208905,79.42178740717407,35.61483104115325,100.0,95.24490665644224,5.588016164585975,car,768.8495070499505,0
28,business,39682.71516882229,29.43064547854446,13.219284489312049,60.93136824094702,29.649415492400138,54.43789037154987,75.52951252266357,3.2928385435710172,car,451.2074097818729,0
37,self_employed,65758.33849193752,58.4761879584491,66.38601331056287,68.89205406706333,59.97485963942798,55.06930315973912,49.55872606785352,2.7506737321327974,home,534.3872834237611,0
22,private_salaried,40012.405458984016,52.66281490736815,21.460337474196354,57.83484064293353,58.70917979090943,100.0,39.23244733336374,6.006491971296858,education,581.0615953500469,0
27,private_salaried,43621.446155221594,39.390647390742124,31.098767070066756,100.0,69.81509446004375,72.66328046430144,90.55307238616743,0.7565725501904063,car,698.0963469697908,0
35,private_salaried,45211.93408576912,54.99692648964488,5.681347191187719,85.4133795595256,0.0,56.43741317406854,96.81867015483678,2.0772284332019404,education,729.2411665475217,0
45,self_employed,177171.40252855382,25.65171050477862,35.326056340562225,76.56230223304209,72.4645933444051,82.6102137643127,91.21830223579731,1.5147176129898239,home,768.5554591175373,0
64,private_salaried,23146.503059725495,29.95625858389699,46.54881998838739,54.3261588992194,53.054305750981854,63.5965276756192,81.09398677016972,2.58567932711712,education,602.0275386268331,0
29,private_salaried,40590.913615697296,32.330303767510806,41.25153150671129,87.89682579108451,97.16628384169744,51.1971832490221,85.4858211632872,1.624631680192451,home,735.0723741282461,0
31,private_salaried,31468.9147833127,40.06738873897983,42.15855399969765,68.88815464971168,49.88108602299614,64.42838496777854,61.97773457474141,0.6818676720764658,education,740.5127771374871,0
33,private_salaried,63956.76970096473,26.415689411085467,18.10558058464185,71.51240585192198,32.66876256204006,64.31637342339022,62.80602328053341,4.906862500066268,car,588.4903875503887,0
34,private_salaried,39362.25962896252,48.24479308192685,45.331140895996704,84.15029803690072,77.19777215629378,65.30060073821593,82.40167363223912,6.128141976210629,education,641.0702950491775,0
41,private_salaried,75461.45657754161,22.548942573061446,29.363103012058,62.262470515871335,93.56368028435293,36.60245671458142,72.28952117637559,1.483445731987729,home,636.9766588922182,0
28,govt_salaried,66283.44830997895,6.398047278468358,63.21315066616082,84.2926502359921,53.23944754301573,52.463536842976616,100.0,0.1,education,604.2042685504147,0
45,private_salaried,57518.41825416161,45.45407842187605,26.167851797327558,79.68153321544622,56.46248560942364,83.30262658949326,64.02117457462789,6.5653475217862765,personal,677.1885156421289,0
63,business,26244.652790174438,31.27115812121535,47.082951340314665,95.38983046057294,84.7928968336205,52.749976837951856,88.45491237595319,1.784081666120533,personal,699.4827162903138,0
23,private_salaried,47361.7101218088,32.754352669639935,48.7468687616033,90.58966101744065,39.97891828337961,53.46071350039124,57.572887190280966,3.9290304455255542,personal,900.0,0
23,self_employed,56073.88040718988,27.521029464887388,19.7411863333577,98.52897650732544,21.712292511138685,81.09159271475284,86.57320243035463,1.7827322323934292,education,482.73662398932663,0
42,business,58886.307721840036,55.479292038370495,46.64006708857232,78.9688305706171,8.890958444482841,49.32298830690566,61.90649763611623,1.3406924863221923,education,412.74641846546535,1
44,self_employed,21660.513356644125,63.607935900383026,21.90269682687947,76.62569894063267,43.98091720505587,24.984355200732026,84.03175462114399,0.562595003580821,education,754.2953044661833,0
30,private_salaried,70654.94139090418,55.05999320171635,20.74842674265345,97.15392705315122,70.56177290471865,73.26468161569336,44.128957085135774,5.755248125247708,personal,499.9885428112152,0
21,govt_salaried,116056.96775175785,62.01119103854179,21.755297991989273,90.42502828502423,43.38091904711658,74.45414625738691,68.74037668424323,7.706259349785739,personal,535.0373710777654,0
30,private_salaried,65679.07576186012,44.17430001669065,20.67304121728199,99.66783864818763,100.0,43.19939009052708,66.32612067246814,11.29163153076334,home,690.4411761078788,0
30,private_salaried,36267.009571056085,41.965486907665344,59.48554918711464,78.84349584126358,33.05002626905072,95.12834047162302,64.75266939537835,0.5864114408336589,education,626.0474393163585,0
37,self_employed,34443.80702764727,61.26810588583497,23.25743225555309,87.50508957592123,60.59123013230524,24.48887610078951,80.87806967089666,2.1910664908467012,personal,704.4949575404306,0
56,self_employed,142743.67448386273,41.115346052557655,46.61999079923384,33.816790326153594,74.9625334476805,82.53211759684359,63.764288534879505,0.10008590789714328,car,604.2667814175207,0
46,self_employed,30139.324314828962,34.43654735950713,46.39517839408358,68.51646277918718,0.062474868449257315,90.3742778915314,73.80446443689787,3.0338024703775925,home,604.4450603987799,1
60,self_employed,48074.37317098814,40.436748223917895,24.802120942687345,78.64341255424203,77.29694086425687,40.45971845422928,56.401882065063376,2.3985552955746297,personal,699.5293547866348,0
30,private_salaried,133547.3868927105,33.540332739476135,29.036949476001993,61.15869602670617,53.29493674168327,36.86561134880884,68.47521965358804,1.0217130072357392,home,829.6256328621027,0
49,business,39037.61217723974,31.74759424666785,29.144841624550907,85.03800467401344,54.27958496028442,71.29943743110664,74.29965634909095,1.015093861580956,car,683.6557384327003,0
49,govt_salaried,85966.55837852706,45.15491146062581,38.85723686300381,100.0,65.50671322641404,91.09925377580838,82.13885216773275,1.906289160742903,car,428.9697105282148,0
49,private_salaried,22637.824704522212,33.29617829568424,27.34832314555133,56.501483685614524,61.71939472871604,68.74214200250184,77.76849227355012,1.0001201747750228,car,660.6008422039475,0
43,self_employed,69729.80295418265,21.868312162188552,44.18242682819217,48.16102391648401,38.539221547572495,87.91324802572589,87.42070470621532,1.2946041114891935,home,617.5783987721109,0
46,self_employed,56763.12661015782,0.0,31.846748510478086,52.510035335433756,27.456573428372156,59.55540231260284,33.486832593979386,11.315720363955295,education,720.4469041513443,0
28,self_employed,34991.378389233076,1.7442141242980895,34.47338329060595,72.44758863146492,77.31975613035983,63.263745520787,58.23781404408997,0.7956772290179419,education,673.1222890766105,0
38,govt_salaried,26522.65790154043,43.21182711469889,16.308898794361586,68.47946923036193,84.5718623930558,45.43558292691202,82.57287415530382,9.055871513081978,car,511.4127156600954,0
53,private_salaried,64766.83717084554,18.62706336445761,26.297862987757224,87.48830277865048,65.70818535423557,25.120107466415178,81.88820707914503,3.7140345132996595,home,583.8811530987459,0
40,self_employed,46161.51068847822,36.961150188681955,24.178891881438403,80.64013973512122,47.59231493037245,38.17877162072391,52.251812743977155,4.595382651888937,home,504.77154537059903,0
46,govt_salaried,55018.90899643009,62.23366222392608,29.080564135754784,87.68567866364477,55.70338780503137,100.0,9.64706214505226,0.5755131777097804,home,563.8805268833454,0
21,self_employed,50826.31423211317,37.59263465924532,44.32036460026769,77.63578316422674,58.73531212302221,89.0486181155912,36.40188506990209,0.4247811916553338,education,682.1757295716933,0
21,private_salaried,24860.069519100438,37.66126232696675,41.29458939719058,49.256677017848865,36.562041611472196,72.20702951552688,73.5260139808126,0.7871048023868847,personal,527.7954124238578,0
49,private_salaried,59024.06629164234,33.272175068352816,11.338289695004697,93.67620852149993,67.58080961331241,100.0,49.6883724069891,0.7776999087658863,education,519.2603369414255,0
30,govt_salaried,28976.285863128367,13.28437027148496,38.789956138266405,74.01634987652336,28.10065709753771,47.025365153567066,70.64939981415952,0.4171275315676445,education,518.82539002621,0
40,business,49065.02573644475,26.40453610681668,53.20503363065722,66.55741671854418,41.49070949337477,15.286723968578599,49.20993262792141,0.8523108792952444,education,794.8839353496393,0
46,private_salaried,52988.33630242914,18.474771801069785,66.27984309693552,91.04313582325625,25.79782619730379,85.27334171733675,94.43416279039907,1.0748337338603797,home,512.9462315697664,0
35,self_employed,46573.530467831966,28.99813122921885,45.08304722752962,76.62451006300499,51.29946233663263,55.33653410150175,43.84088500073246,0.16571078299831773,home,438.4426811568753,0
54,govt_salaried,70383.01662296173,38.15342887367789,53.407027995438824,45.800304036416094,56.21981189042964,91.55926069370925,50.568800054481166,0.9134188703486861,home,784.470971873996,1
63,business,103739.50662442281,40.69549516125669,28.77065610201597,76.17217834743586,24.304285848575198,58.601854439941725,97.81667096353287,1.5781745249914199,personal,689.1524445267323,0
34,self_employed,43726.83668752715,34.31987489809905,31.427993411328917,75.67189266653699,42.17039047690341,54.64069231011032,60.899543214553965,0.9400287450313783,home,668.7519489943396,0
35,govt_salaried,39680.241186789484,39.801937474654025,50.060198421282905,100.0,90.14768879100689,51.09160691332343,36.607240139635685,4.014735570568449,home,781.666559560619,0
28,private_salaried,29518.415966120054,36.001483095969704,57.16477122199825,100.0,37.629947461533945,84.2161173227675,57.354700129538124,1.3240060483657092,home,815.2591842294461,0
25,business,73630.75426651706,40.55450950766643,17.863261209604193,68.14533802254624,100.0,65.77842693865267,30.56758274287673,0.44116689323086944,education,655.5964839879159,0
57,govt_salaried,83863.6114555782,29.408978188516706,63.612444114570884,95.87913616018238,100.0,73.22714024114858,68.76711916737443,1.2393329292021087,education,459.77153641477366,0
58,private_salaried,45876.26788014689,65.33261150131068,71.62354271131775,71.14037264478621,10.447122950379281,18.139217966963187,57.71923676901178,4.29639403748865,car,900.0,1
42,business,31416.157654415663,20.58830662632665,40.08255374142871,88.94101957679453,64.79703155613961,44.3080408078669,83.01335257584172,7.060191438618229,education,701.1093160521693,0
42,business,44968.11069129056,58.83720952454686,45.022585521291525,65.26737623621462,54.744859990226686,66.26766785275436,55.4321937351658,3.1716253139174952,personal,690.9497573777572,0
41,self_employed,113225.35265239688,21.48618322168771,14.746288732630145,39.800822357014994,43.85511715432958,54.925553263410926,80.51874560509302,1.254685153960739,home,679.2669129944541,0
23,self_employed,49870.1912359065,52.91321724520988,61.022041260481856,35.03310065710748,37.36708190210379,74.9153114603102,82.88776907076364,0.9687750743391359,home,708.9383385077359,0
57,business,92111.731339167,48.67103924149044,25.3121886371432,63.36407961399321,50.78744898678627,43.98301950966243,63.78416177889217,1.1700277208779917,personal,708.4103505875842,0
64,private_salaried,61645.71306787108,36.66344645245118,69.73105705532166,86.8331416787089,75.90548922628388,43.93671701659729,76.94092915193741,4.518946499927775,personal,768.596065321939,0
62,self_employed,34528.407980351076,41.48868983127272,32.135091087099696,78.38576047312026,49.88750853075409,93.26121687008084,51.499387055227686,0.45864827791754686,personal,594.2229463752785,0
49,self_employed,45825.26428237783,31.111672804938614,37.48769533815428,58.43412479303202,58.004963968651374,74.016246726636,74.19372127148976,4.171020319022371,personal,567.8792650952214,0
44,private_salaried,28219.6574300653,41.50312415708794,30.54850145550294,41.360624320291784,66.95094537980708,36.20783738402345,72.79642717036421,2.7447309757596727,personal,678.6198710807665,0
62,private_salaried,58908.00872910036,30.785173569761014,22.23573985390736,84.06333792601002,65.72541229657637,77.72710157765566,86.9426175471273,3.941372410502848,home,760.1321837354164,0
60,private_salaried,30896.39859370337,50.831716485530485,0.0,100.0,33.382507140808684,43.122727200369326,77.1249864139515,2.2082849809470235,education,605.2075091202977,0
62,business,27735.52180294708,33.2951473625144,66.98246481673468,88.46267384465938,62.62713511766883,56.99760677397738,58.336685654880874,1.9560459393955045,education,783.1762322782819,0
54,private_salaried,62603.99149262044,26.805106035321327,32.949164569800516,85.8155503791796,100.0,60.564295978432156,100.0,0.14949798914129567,home,414.9471606445288,0
44,business,72234.19736450166,33.978627606619064,15.330541505917381,87.61818637842438,90.4175772546549,60.60560490265418,53.024289993779576,1.7693300514436519,education,664.9728185493387,0
26,private_salaried,53266.894802587085,17.753878169481606,41.48691422389848,54.27341606323674,33.612932601860464,59.52744779213464,48.95341060793609,1.168238210804309,education,592.9358663917574,0
34,private_salaried,17425.99332073196,25.77583846225935,18.49668200508924,79.52476177334843,82.94834556817881,41.61369469827062,66.99704335965122,1.493353301444178,home,900.0,0
27,business,17499.029940287954,40.128824158839556,47.05800090496307,63.27175846344176,40.52345996651938,100.0,56.83571402315795,8.037422835983945,home,515.3742840398899,0
28,private_salaried,58952.452376058594,39.90034198012559,10.284171769871481,99.84818615792409,79.12244297765444,59.06796783954256,87.58934373622273,0.19586321672323267,car,900.0,0
37,private_salaried,67949.14091823356,23.684257109535455,39.77826480882775,100.0,29.605838326895977,64.39806585418934,65.13034356436535,0.9307268656778884,car,574.2306035895043,0
48,private_salaried,99502.45870199046,50.46406352054487,30.869359269001215,42.30440443831442,29.297713903753525,43.380271684518846,58.49427509828079,4.927613406118363,personal,824.5699442444707,1
28,business,62602.7996120026,35.82755956807196,34.98783035355421,98.93254241654485,92.90290450887608,34.848941107331584,70.20042303481138,5.117737349629644,personal,567.3566679865719,0
64,private_salaried,54994.2303954476,48.44749505300249,0.0,98.74854303364,68.03074976611353,91.32352163060044,66.0286162623808,1.9074259632243808,personal,626.5605973691751,0
25,govt_salaried,37555.753416811494,22.71100303715942,54.107771423597015,51.049353774696755,32.65458923545968,42.919487330552286,40.19504953401906,5.395591031367234,education,667.5697150211124,0
64,private_salaried,51204.17164716504,60.285526310524574,22.07515351706811,65.42891466564564,67.89151575208486,97.43747495570102,59.603317085495476,2.447647229573699,education,817.5386958184029,0
41,govt_salaried,63832.516485048895,23.473467246447605,35.98189462611343,47.96584935950707,72.147261410948,59.75532861234288,61.28578335230526,5.983813161351544,education,646.0550617817079,0
36,govt_salaried,56436.436957427024,32.77665666735319,45.105226863484035,67.65954770556716,45.23977033945917,100.0,88.79470963494208,3.362093391845012,home,643.3509785852783,0
59,private_salaried,58268.10696598041,34.06866952678569,55.84381153966035,79.66570082175744,58.03696448322645,71.28045204972229,68.12781953267267,0.10210613458169168,car,651.1072391594563,0
59,govt_salaried,75304.5075310194,36.546763736684554,29.57406873704719,27.885930197452844,94.36465894405856,86.72960245780763,78.91519702434258,1.395198898730443,car,642.9479694857428,0
32,self_employed,55235.932006759445,15.892440122986933,35.293881910887336,82.72332995996777,51.13274172163613,79.27754888180274,71.98028898974515,0.8024860311930565,education,587.3102325946988,0
46,private_salaried,22898.9516442689,53.34067689247897,1.6257227530773974,97.6585277460207,100.0,70.04007522403857,81.98168370589644,1.292666831350041,home,615.6321822198853,0
22,self_employed,33276.24010479118,27.010898649897555,72.9101469198271,71.9934325247258,60.0008446828082,63.65979916549558,53.56638347389955,0.5347661663161128,personal,844.8235053070167,0
60,business,54999.002387091554,32.72938883048551,25.828974595080453,100.0,48.12199267033377,52.61519617400124,96.37528156591415,2.0842452726407665,home,743.7410403545119,0
33,govt_salaried,45938.82213110765,29.306756978484856,34.12051847592249,57.50576833581234,67.08417352060245,98.05005928185908,81.25239757469726,2.8868019399290112,education,517.6116465877283,0
29,private_salaried,52116.94749648424,18.95003164235968,26.017535376934273,69.24292710838209,79.95917797177421,87.94998493157034,31.69735491312067,0.1,home,557.0876093115135,0
54,business,104466.37628655191,46.64622377957646,19.184665734899,92.46791072834566,23.912108191897698,50.63293922338714,72.3691909747844,2.248006148506781,education,514.1736345760883,0
46,business,24050.718316422943,36.905091279178194,22.301418083235454,100.0,73.57111235288325,75.43610548905347,85.40589516159207,3.9049875358461508,home,756.8458514918057,0
33,business,37812.973303501465,18.60116014332207,56.038393259759566,79.15979325849912,49.82174991244481,75.84764226999644,67.45038424961764,1.253608368374493,personal,565.5113933903505,0
26,govt_salaried,44350.6805367793,42.01549059383929,21.624661403401838,95.82812591038251,9.285092091401452,59.044921303335485,57.68147381447116,1.737196404644184,education,676.1711367753999,0
34,business,30417.722267352587,42.60373580204466,34.19590530927242,64.9601607963759,82.66154427030179,39.99567948210398,61.55008209135132,1.3917467489818005,car,773.326249853544,0
38,private_salaried,21322.078890461955,33.69477165022794,23.337543373514038,84.7348300431612,59.93283530725667,80.47095230214036,48.98117667622079,9.232409569579689,education,655.7742584159037,0
37,private_salaried,33539.02992243935,6.267159258903476,17.309435401426107,81.19454881982332,56.49162964116369,29.524345391724893,90.98693091194065,5.670696752195012,education,626.6514923026966,0
29,self_employed,34393.08819602355,52.715007965059186,10.496330028566515,87.3023771165085,96.08178319214836,61.452869027201814,73.8693074197648,0.9893574522326205,home,621.3181700314495,0
31,private_salaried,34261.02019537476,61.084877154902784,43.216639262483014,85.71190793688095,59.263878848652645,52.74021022132908,76.65083180912886,7.859910413628706,car,466.3743025012988,0
54,private_salaried,40603.585056276745,36.9056403802235,15.108815073370572,57.8034905842421,87.48971194163016,65.74588159641324,51.92389243128903,0.6002407302204124,personal,613.4688825434188,0
24,private_salaried,18597.90965728672,36.90453620119681,8.129985403509604,71.5355713729647,55.038599210306316,100.0,68.80445779215334,1.6330473530574594,home,640.588373565842,0
31,private_salaried,86549.15983492111,64.77819228254828,21.870821593958762,74.80539664983313,38.68240237161632,44.51497378744252,45.9566326565132,8.105196828243308,education,784.6484413876096,0
21,private_salaried,67236.47210042876,41.48653081484091,17.092309156168824,43.278096153621775,81.04485297553987,56.020803681196526,68.33843118072232,2.8439693289984906,personal,626.2886517533169,0
36,private_salaried,92839.50006710678,25.71411395001175,74.05063805190905,52.78213214327609,73.17978825874503,73.421871428983,96.82865636026276,0.652861736246785,personal,466.0384799290723,0
24,business,92709.99483651193,47.23953339967541,54.917391847612635,100.0,62.04995112239895,93.85710139622567,61.90308931940583,4.099518440943309,education,714.8853675998804,0
54,private_salaried,56660.16924739217,27.80712508052324,67.58637034883225,38.03779775222927,41.95583356752321,40.83035591461848,78.2416692974292,2.4648810807059762,home,556.1066343585882,0
53,business,59619.31015308143,60.79636364226647,22.668238215789913,100.0,39.833418901753845,96.30537485182134,85.01036968315107,2.9029024542698667,home,469.14463725018186,0
59,business,26013.259188797714,41.555414853551774,32.18399080716976,99.22038518748403,69.44624661669798,45.692894289287366,83.09983575724222,0.18529634631686384,home,690.3290495006415,0
32,self_employed,79201.66381324275,20.03467105452726,61.733473274366055,63.54866321691412,46.20521779642461,56.48150416038664,81.94905352433575,0.5700081722836429,education,871.2943462017349,0
53,private_salaried,19402.047474214494,6.690260535218915,33.46007374096084,64.14809583250909,89.41431083308905,47.88795556384518,83.40734811747038,1.1831643475351488,personal,694.8384086745378,0
34,private_salaried,64891.59251324717,52.08926945334288,82.88313485001953,72.53553174142537,59.27023809545001,57.763678219906154,100.0,0.8634388373868449,car,900.0,0
37,private_salaried,34302.69248270519,25.465885262059896,33.456991192421555,80.13420338705862,7.764213904834676,34.45122506177961,39.9285370083546,1.750841292115327,home,682.8337497398846,0
23,self_employed,54993.16254981004,50.81342263344802,30.452346309698445,68.79162739678058,31.37606787546485,48.903483698299276,83.7114854148175,1.4682435929389503,personal,649.5410611097515,0
45,private_salaried,21318.013124013294,44.00152807517071,45.85347570715097,79.0397691805418,65.64086009449171,65.72973532682398,37.17638522265108,0.1,car,818.5179538393943,0
64,private_salaried,41465.023260790025,40.82633755461131,26.304954254834065,64.97122927461176,28.303408282479097,65.50242177102537,73.31132385828779,3.020204356226092,education,701.4227954896511,0
32,business,73308.2160135031,19.395884349349636,30.61872411010852,81.03144272170928,48.53219431548254,33.76311099969579,41.14734811537003,0.7618930053335644,personal,778.225947014636,0
21,self_employed,58084.74793769528,44.056133138567496,29.38915028260435,89.76883821826497,63.401501987223426,52.210864697905215,80.28907422787236,0.1352318636526099,home,685.5260244961395,0
30,govt_salaried,34432.70951639542,52.66559531532528,1.5407678092572965,32.66194816087303,86.14784621546144,35.727470839354254,62.39856066215093,1.5214755632785206,car,632.4343247975438,0
47,private_salaried,93653.06680057012,54.17043787973192,17.73110787574843,78.98759725638003,75.99545117400109,71.0195542646339,98.92713418292287,8.923249499307097,personal,601.3944971358468,0
50,govt_salaried,33495.86845587715,48.911512159001134,67.09249416109893,64.63857695196657,50.88351550725241,84.35519183552307,100.0,0.2995029579751054,personal,603.5847994571209,0
51,private_salaried,32653.773957629248,18.824296949910376,28.100339668874227,88.19267096877184,20.769643853948693,51.13842424656854,75.47319770294679,5.172919749673634,education,780.8622504378579,0
32,business,13358.920593147011,32.82449462707366,32.56622628625461,83.16192117139889,32.41767223052227,83.68282884467389,78.66904883398962,3.4840668276679847,personal,546.8976442567458,0
35,private_salaried,14819.499298312436,32.81042713185876,24.87819740985611,52.98195229360779,54.7603433331901,22.58775088682473,70.82549878686079,0.3891891138333643,home,651.8477745333365,0
49,private_salaried,50891.12328715858,47.856081691137874,26.21149748427373,62.862939883374715,41.71938537303407,100.0,97.20238857822805,0.7339837470376103,home,618.9482705753145,1
46,private_salaried,46203.45983516743,49.72875744903338,42.76401227103913,71.7488076504986,59.93871570125373,69.0182187465683,99.52380199459608,0.49415665807968634,car,657.5185391334389,0
34,self_employed,48007.6338730728,20.392574961376923,20.170091451786654,94.99262087186968,76.91351280730757,0.0,68.37228611431757,0.29139421267639615,education,738.0866246003924,0
50,govt_salaried,37182.9105625323,26.070414534590263,63.71712928171796,80.69133580949052,40.9737286994433,59.983326563775385,100.0,0.6264919245721158,personal,621.7802146098684,0
57,self_employed,25792.683208206712,26.76310278515634,23.110045551465554,49.40704303301514,26.894997576325547,48.4135925127726,81.83142036906196,6.006719730146349,education,516.8984648135646,0
43,govt_salaried,92507.40854090906,54.42510724907628,29.3575011372453,62.38272978633182,33.38924215816155,78.85551539416475,65.90585532955424,0.7155358259248943,home,603.6206131612652,1
21,govt_salaried,39417.10619462336,55.08723012736312,34.57574050166575,68.11305292659058,30.17291367907115,79.14857068445873,61.45848522846858,1.6753087791245624,personal,564.6416107344119,0
24,business,32028.348946613583,23.041125389601632,18.172826066555384,50.386055482841016,63.0671488434899,52.151244794366185,56.00897673627725,0.8810679064132598,personal,552.3275716761889,0
57,business,34050.66705398968,16.323788181372837,44.38535605007267,92.74552379915167,33.54916741764004,66.26481028927527,76.36925676299255,4.752560153415627,car,646.4235461778271,0
51,private_salaried,30731.05685871868,19.632725014768422,39.36799290821545,69.61801362647064,63.26733066642139,40.815024910767924,52.886155996525446,1.6752282740459903,home,545.2947947869388,0
41,private_salaried,25867.870245413083,34.10150713528605,2.545718993083092,27.403714351392765,36.64400130770895,73.24327693007007,54.04438547851618,12.370380729499653,home,532.5040439983029,0
52,private_salaried,36387.541373424494,40.70983132040416,0.0,76.97558875102118,48.56959907888262,41.355071960231996,77.96997557456811,1.5231184673997402,car,561.3258771317751,0
61,business,65934.49876896308,0.0,48.1969922420913,52.66118231795272,28.805626346522523,78.75804165784797,63.056770351631,3.216531921736871,home,609.159700868743,0
33,self_employed,82166.09608288972,14.357494753730986,30.171603289635506,93.86031817135475,55.6981110669869,49.92060229419182,96.19626670384248,7.541517850912802,car,509.4302729487213,0
28,private_salaried,27681.040922652825,38.57705238371821,46.758565359957295,96.86626757336637,73.90119439952025,55.052517006994236,86.26742045258848,6.685158247734075,personal,481.451063400424,0
61,private_salaried,61302.855703633075,52.7377537650547,36.161276600488705,99.95424583719638,72.25145849521665,60.97569044215818,81.26671006117812,0.37472288838690104,education,597.8207850478716,0
41,business,52945.1583452392,31.41979832620415,31.542689228726964,99.78078059777201,35.27617634719436,40.731777983613085,100.0,8.363404014226749,education,439.78928998521405,0
59,self_employed,71342.53557391066,29.25909141003841,57.51345073368015,44.32531796659637,66.26665469915328,60.37534857618785,55.90713403753336,7.429878852898076,home,742.5613495055287,0
52,business,33845.89114438688,18.794432974292906,24.165074899790216,84.18582693503777,74.8469225393406,57.18087448132195,73.9570695905571,6.22757646086331,education,853.6149318488345,0
43,private_salaried,24782.793637665865,67.05088453572641,48.08232108932526,51.3626612177749,83.37826859441526,87.74996605674524,94.37448309850697,3.5657803134283816,education,553.0313965394234,0
63,self_employed,26015.537100169604,31.73548839635661,18.119816309757248,100.0,67.27643334636163,82.82495608764492,79.5271071140323,0.3555494355441625,home,498.77927832149686,0
23,private_salaried,48916.426102714184,47.891213821391794,64.10802675452383,63.23962961926066,50.335668673615885,100.0,98.8868682395989,1.7363535190839743,education,449.3114569025177,0
29,private_salaried,84272.10310082899,43.694624732884506,36.954707721874286,100.0,41.17813854613303,40.04933123715945,75.78693421887961,2.2416143351180295,personal,435.318513139827,0
50,govt_salaried,44838.05681146425,21.776880918892502,35.65372468877153,75.53014358750609,66.12007495048937,34.47442012330019,54.72594681642086,1.3148808814651147,personal,766.4656941382638,0
45,self_employed,41862.494224317925,56.50447016585835,57.38021536705766,51.9895859205348,77.04920164171389,76.2570213219342,30.765580914740795,0.5565701348898251,personal,646.63788531992,1
37,govt_salaried,44563.68755071865,37.75585927816507,32.51003863787495,94.30374585886364,78.47477110882312,67.35849135148557,51.91053912793956,1.4753558870930616,home,581.7453390861425,0
22,self_employed,23805.46402419285,16.69871310128253,11.956093978309156,100.0,20.78173842620418,100.0,51.522057669586495,0.3968467431915789,education,577.7256374397907,0
49,private_salaried,19040.96374426282,43.00453141707625,34.08052891393039,53.46543891132082,100.0,69.70699597766182,68.74301785254849,1.3023338703422163,home,704.480747071262,0
23,self_employed,81425.77687043576,18.30063020502958,45.02852733507012,72.28203979268946,6.968140048584644,46.632490532343276,66.36464026503842,6.961059088635681,personal,514.1265044546125,0
58,govt_salaried,27372.092101928192,57.05992985978434,8.49437256095118,100.0,84.6290757859835,82.9660509937807,56.124667850064995,2.6742840275552204,car,691.0941055012281,0
37,private_salaried,110560.50336592607,19.42188714446366,57.25596391225813,66.94333143050392,50.76677857212382,78.11108716576905,100.0,1.0747471624281746,personal,472.78392238208346,0
58,self_employed,25971.52117373222,49.448398008409086,32.8403262797478,72.74037753786779,77.36147107762822,71.68749493746597,46.2837017797011,3.5326484065758446,education,611.0309677901631,0
39,self_employed,57484.92532961748,19.6460183276035,66.45492366605733,88.28517915680871,62.63983209028352,73.41753515864298,66.83220210979891,0.1,home,594.0527129939466,0
56,business,38819.93057183585,29.47242181765848,60.76254577079429,76.62103695299797,62.04294712821686,66.20283951854391,56.64150139216744,3.4894625623040283,car,392.3814881399815,0
52,private_salaried,47994.13294802845,34.73696136974821,20.573944990850862,90.65613649984847,78.10027643142931,40.58304371874948,100.0,5.480424267676291,personal,494.4299577111634,0
33,govt_salaried,67571.36183252167,29.253576182603094,16.53855207368845,69.61012488592027,53.09304620651044,31.768380216440157,87.2066511883344,1.8443976471021928,home,317.92094928771223,0
42,govt_salaried,74999.28444625097,39.54457810380925,23.21679224022116,78.85238295173873,51.40000055745847,63.11454565538068,73.62922126961277,1.7822364314419663,home,475.75342916928525,0
26,private_salaried,41075.771381521125,38.409888602347856,60.94595067851091,73.41247719959375,60.36158168668878,63.07230727370206,94.74739587127198,1.6033853981505917,car,619.0730526096446,0
27,govt_salaried,70989.86045736694,30.429982493665158,47.41001798198326,20.41191230152532,55.13013154737366,55.80789402485039,48.73482626937444,0.53587592565275,education,900.0,0
61,private_salaried,54519.87512826308,18.64954176429816,40.378839254985415,100.0,56.562169219537815,64.62104455879422,87.0638613235374,0.1026979705110699,education,712.980267137199,0
25,self_employed,72246.39075709898,19.90350039242344,31.163084323758902,39.34825466894021,8.561949137768856,84.64542470743233,69.91056661141188,4.0881139935878945,personal,572.6124969626794,0
57,private_salaried,118981.54424656776,37.993560342771346,38.15271930545971,81.40320023459961,52.36186679836677,56.994390419806216,90.96672188561477,4.984258484450569,home,602.1284366000389,0
51,private_salaried,26504.19873772908,53.29495776413629,51.54055201661612,94.42688457472778,51.302909849408735,76.24430073796786,82.19283865000874,1.5323620230108328,car,563.25982457861,0
40,business,66555.12130782986,48.451962239079506,52.00286798316414,100.0,40.46796244683986,97.8503721297287,79.48552572205583,3.687847952374712,education,750.0857658170119,0
21,private_salaried,25480.22485738873,13.41752872448292,76.90532112875195,82.63639099889176,83.99926666603703,78.63634716594348,70.73170017932685,0.47522420454230696,education,695.6624366379564,0
59,self_employed,34877.20215341231,30.840128515371052,30.333393454885744,100.0,20.874248802404693,64.33938182026523,82.64692765484207,0.5787992644802882,personal,888.2641409401257,0
50,private_salaried,58165.62018923726,36.082070807775,81.2946460908184,90.79542057273413,56.234933672884594,51.19921428014764,67.78320925614543,3.891449029872554,personal,595.0072991247451,0
59,self_employed,118728.61062474131,4.757283055991721,44.255747730566156,100.0,68.68594428538877,38.343840423530025,97.78886267035588,2.424717925082156,personal,741.3618276048121,0
35,self_employed,136639.27403396534,31.37120511894254,18.772429982088806,90.15058278417229,79.65583488189003,66.1303110896738,58.84443040307846,0.2310509289759169,car,582.7888259422189,0
34,business,95323.18068065986,21.688768734547512,74.3889076266396,60.30932363303937,23.042549653783308,41.99266605273267,47.805583434135315,4.446697942694934,home,621.6084675155782,0
21,private_salaried,43843.2423478177,33.79189513062544,40.948013827821995,51.31558212212377,42.53271437975762,71.54021459951225,59.5032904179846,3.6745211286237565,personal,583.0302074823359,0
38,business,25820.992282514388,18.681164321095157,38.54758681168559,91.92318525480567,62.6380991556655,60.522254892875786,63.89222761591815,1.8562240871939681,personal,771.2530259391845,0
41,govt_salaried,57169.49924584773,30.83571951295223,35.70544385290607,60.45605102813851,51.245608715127496,55.209266560188695,67.9831036324308,4.50781850923933,personal,566.4952315300754,0
58,private_salaried,53765.0768608642,29.498958822244667,62.51103826726414,63.69931479067013,5.176592107995596,50.84081258736004,100.0,5.812595380739709,education,611.8755522719831,0
21,business,44991.289370718114,43.87021372862961,31.214675381263834,86.98422342292731,59.50656984753779,57.04016450221555,75.16183953202673,0.6571529143348992,personal,604.5991375457604,0
60,business,99872.13274409932,30.0464433346363,34.599456063129516,45.60747897706973,27.397667220736356,31.42554475302947,91.54987622292329,1.5043344361440025,car,594.8534822007057,0
53,self_employed,44653.35627302473,13.581913502621024,44.293166636213726,47.76550446848727,84.9188831077238,69.61396863843072,82.59322317752417,0.8149475769170411,personal,573.7242060966082,0
57,self_employed,34780.90162008271,43.035541674011476,51.797894685716756,77.65507476150135,56.78035518330297,69.27216516640647,70.87100754863995,1.461202969055435,personal,685.7337155804777,0
41,self_employed,60875.562037576805,43.395571633009695,63.546135556517356,53.37980788774,41.8120590529213,91.4816473975719,47.57874437319124,0.7630466896902155,home,500.0995256423731,1
24,self_employed,32806.487511264495,6.439998774547309,30.61071805310472,70.28344473508542,53.487413035065565,63.90034015411268,60.024543153336424,0.29652516080667346,education,585.4955237783217,0
52,private_salaried,39929.55206706132,39.434078654648715,57.17152560636543,97.9875554623804,87.23227181344186,58.318144493157625,64.99906016337681,1.342040469652817,car,607.5861165500157,0
51,business,65900.45306945534,53.88925567154253,72.25738242800354,77.49326786815114,82.48659428489134,57.9667963233157,93.70013967166031,1.9193319760675396,home,777.3810988611012,0
33,business,20917.236234872642,54.74517256279279,0.0,50.544994425236496,32.10919259103851,48.605699542652204,76.72525902371791,5.285551271627527,car,748.0381191984834,0
32,private_salaried,35770.68431968719,11.442874319480442,54.42688569082963,100.0,93.92902224246649,68.74015442949441,82.51864191945805,3.8660413936942373,car,814.3841868034293,0
50,private_salaried,122280.56538124663,38.352856438123055,5.320418810651649,100.0,31.3117314756972,90.06116420487828,68.19514237119355,2.8335723808598194,car,358.9828502829733,0
29,self_employed,60555.42307753171,4.792628655783833,37.366604377964045,52.6787164785621,59.27967859364158,42.14114907233569,46.300961175478506,1.7256029094561176,car,842.5921402104682,0
36,govt_salaried,26405.68552895709,57.0667272204267,40.779334019338044,70.29968341255089,31.431596945338743,66.73950819843552,65.64010818138549,0.9184356412751835,personal,585.5164892823921,0
56,business,84821.69206581867,28.579821019186966,45.44593683233183,64.48510033463907,27.924277385192042,76.10281621251139,55.06592207438209,1.2070819745888997,personal,601.9415306159435,0
50,business,109202.5763151169,81.30970716668514,43.485011753377066,40.2902492966471,49.677939602233884,62.47503704500824,57.727375232394316,0.1350622156344953,education,900.0,1
37,business,37341.58199645649,18.833840976044847,18.912769964747657,79.51576068171042,22.96272567827939,50.023766579528456,83.26546762528956,6.674206644345051,personal,900.0,0
29,self_employed,52418.06591222133,29.493287448915336,35.63178012305156,68.01150098728586,77.57645416842333,69.34946966028448,88.1570476981974,4.09852720644669,personal,722.602315258821,0
39,govt_salaried,52195.650009192286,13.826364723124055,0.0,100.0,57.38232797900586,96.11423955832498,99.97182193671406,0.1,education,738.1651601087594,0
42,business,50897.02169869396,26.1557110615927,0.0,73.3378938316679,82.41677218740325,90.18633159790102,71.0655742112974,3.3538713690515385,car,799.4147026385187,0
33,business,23671.866163318256,66.5564221541869,49.76796898121074,91.92497017145,33.42976840979736,66.59499334976996,68.37012268081016,1.1287743779758481,education,743.8513533223473,0
41,private_salaried,40354.30354979115,29.40410983426985,10.02450738650007,39.81301022432743,67.10319800098074,75.17301087094839,89.40431484542435,8.827823633548238,car,745.7425561450436,0
48,private_salaried,61000.9340653775,41.73105092339128,45.81604840797395,84.83199300517037,52.72311623724006,35.44740682035162,89.8415557732528,0.8806113225541414,home,645.387888831344,0
56,self_employed,12088.596494062442,5.671172613626418,3.9124384175279836,61.64630690613556,68.35755124325415,41.90354264547436,56.48398293143009,1.112243386656274,car,578.8409607143209,0
36,business,21362.616852856907,58.24727909492509,45.272185888304435,89.99396042889738,36.033369961430694,77.44758236946237,92.52786899444132,1.7531399586927283,personal,638.1669921194388,0
60,private_salaried,43430.86749225225,40.56580607323045,20.30049797485468,58.07203388444624,98.60257961164946,60.72459503875302,49.93396338049007,0.5399014322551079,home,591.3961700435465,0
60,self_employed,38174.523934217475,42.980336484091794,14.3982789019114,100.0,78.40950336541556,61.14787122478388,54.54332538222072,7.326675062164999,education,636.3204136592449,0
64,self_employed,20971.30985680936,16.616979166776467,37.69602846580407,74.6332386673258,52.06474249137826,62.82766690123315,67.67858379759033,0.20007308265232993,education,626.1984396898331,0
53,private_salaried,56948.20429265732,10.165409597448761,47.926403262716505,100.0,31.844022185286228,59.764385553145864,58.01288589894006,3.330026992707294,home,798.2518130908161,0
27,private_salaried,116242.83668880514,8.934707026319849,36.7068791104102,73.5990711254407,73.13547067894416,61.24596788251926,49.2253113167466,0.33970180459779764,home,623.9500562100678,0
23,business,65482.013859348895,42.00636415990362,61.058568438916225,61.699362193921495,19.222146430718624,63.59940446383911,63.04999400588179,0.36995137750885226,car,548.9245139875918,0
59,private_salaried,74592.8578080494,17.95437249944214,39.63296143221845,61.8793048351869,82.79078685352628,97.07732134535732,83.58762746023812,5.496511470812408,education,717.9536236126635,0
32,self_employed,94983.93776860632,26.724872929299828,0.0,59.79431122756813,98.2325216511189,35.17840152777053,69.99042563862989,0.5845460480267886,car,654.0972672008255,0
64,private_salaried,41902.74561795221,51.10049873667458,52.39145037306842,58.805290652203766,23.719302115558108,59.316242356904425,100.0,3.9417592746000683,home,668.0774454582511,0
23,private_salaried,37306.279694818,13.78305482950519,49.45993869248646,99.7547621149845,27.044201516099214,81.438429648318,100.0,2.067649646983374,car,649.7304557891455,0
47,private_salaried,40365.40459977222,13.341066162616592,35.385817607478856,74.55382922175137,63.588864425998395,100.0,72.09028072151642,0.5353108994826877,home,536.5470867977256,0
54,self_employed,82165.19866219742,15.350351684375006,0.0,70.73134605824151,66.7132814226281,68.04538751615,94.64408474827823,1.2107633459455733,car,702.4847209015602,0
22,private_salaried,30313.31409665878,34.00098459467039,0.0,81.73806527953232,66.30685944121447,98.51272587691125,66.1201041486675,0.3771712713108787,education,780.5125477537295,0
44,self_employed,51106.79160530261,29.999299165885017,28.370012234009714,76.6072465192606,56.013073557925246,80.22348078103278,67.5871393174033,0.1999074030076028,home,608.0137581052396,0
40,govt_salaried,80067.33643292397,29.187670050954644,30.05656775511201,68.3752138224321,61.98100253052499,30.79649797216411,90.7434294506401,0.6403886974506683,education,676.4630158322336,0
44,private_salaried,64320.16585797131,7.8861552622781375,21.20688990198112,73.93575127454034,61.342088857452424,38.70502279379154,67.30019544045877,2.1867115101942307,personal,563.8833034867351,0
64,govt_salaried,46773.34523774229,43.61579526700814,25.052609337194745,89.29099522927012,62.726360952607195,67.67883765904027,57.76613756596403,2.1043881427896673,personal,632.3040916442255,0
51,private_salaried,38334.92707459016,67.65940171323598,27.01486708108076,93.13741069220569,45.60179386321609,70.22369082559257,85.83490548017444,3.1004446377461847,car,581.3716580228091,0
32,self_employed,37549.65372582753,46.809144396843706,44.19150976622131,100.0,56.09770754692892,76.54524734401839,40.98174142811975,0.7445962957728991,personal,511.07719243349504,0
36,private_salaried,32349.57144071452,27.635765754022003,62.69742187588088,82.93255878442915,34.17146191677584,86.31927439463652,70.35664509059515,0.9891188237410726,car,654.5080230448702,0
45,private_salaried,104085.19359810044,36.168285904710125,65.8818532704809,82.70110335875668,0.0,70.2528397574338,40.99967287664934,9.67639181643769,personal,424.9545920098131,1
45,business,18393.986827200235,47.51048699409153,19.311133338687217,79.0500935320459,19.752990385416844,55.412456245171796,77.26497733861909,13.293772184262824,education,520.483665520671,0
46,private_salaried,76468.31204594267,51.88635273548152,37.46101573117559,70.49113745166,46.26232807603074,85.53651191174112,64.75352807401744,6.987425935787136,education,645.7839998458207,1
40,govt_salaried,82018.39325391252,27.92637944965196,49.446109675654796,79.14192360684724,31.2311252854011,63.26047804746552,26.187941671977256,2.154849643273502,education,560.7152190761778,0
35,private_salaried,39959.233841663154,42.714192990027236,24.62265664093958,91.12720201241652,38.887132021011254,36.80902239184783,71.58140536417656,3.545456503195622,home,656.2947520644083,0
29,private_salaried,48947.639048598765,18.658676792025837,54.84872722370248,84.01536889043776,50.46475065191118,73.67341064756238,86.35087084504315,1.3164270235015127,car,729.2247268375486,0
44,private_salaried,92273.02433382704,61.02144189685366,13.590635139598575,81.5382172847835,52.4648042569534,63.0399806643332,86.1972396974175,1.9219968412786594,home,575.7454482494112,0
29,private_salaried,27215.779878780468,59.341192309856226,50.82698261586737,53.67327460157071,80.57625933675357,55.688920226259356,91.10216641429838,10.274781593360284,home,476.8522946796491,0
54,private_salaried,54699.075873554146,16.483163253111677,10.194073782946617,47.692985368793735,59.71536640534069,29.676205049437463,75.97620714285102,0.85264701200254,car,709.5498279494514,0
56,private_salaried,57637.10721277621,31.37937241356756,0.0,86.86336953137794,32.208671567233125,40.25063155800714,47.25552719195363,6.1006185629014915,personal,711.2776889684802,0
45,private_salaried,51397.28837674318,14.573032043804513,10.641617229360065,71.71656200906104,53.57335872473329,63.90233645607336,68.93369640528137,11.187659559494517,education,798.3131842673724,0
22,private_salaried,55044.74354897581,26.367092471952013,43.04632872823154,57.97551116445138,55.66840242548472,73.01391555956425,81.01873299597467,1.7983669701727454,education,499.12210102100033,0
61,govt_salaried,85489.27640934061,56.924481614468554,32.33972873005243,90.60447569014455,42.27739790019069,41.37332038535861,100.0,1.3765886830588192,personal,595.2597983023929,0
48,business,67864.75280138286,59.62596304308085,63.9649203073982,47.2232154722917,5.1188354235587,69.91419874894468,73.38676092112405,0.8418922083408595,education,513.6608860794115,1
42,private_salaried,37726.587156225534,34.95907329912592,14.357717423924772,86.80777585915547,83.43097602240013,57.892498151400204,39.921794387772124,4.83152878155391,education,511.26471594187615,0
21,govt_salaried,40639.71932076566,35.65576177224625,29.207539455847396,59.931204181062604,52.22520910086858,54.82159476501761,62.84838050103612,3.9154634302928972,home,544.3498385629537,0
54,private_salaried,30482.978808837644,38.36364555610548,23.42074756914926,73.34502032376935,76.63189010902259,32.85256859333733,44.163535095299224,1.9565715383884033,education,640.8921457904407,0
40,self_employed,47715.88557067861,32.83755030295837,34.93519803144688,79.45959710628587,24.831725464873283,70.27188161044462,65.13347013252549,0.5257152531105275,education,692.8460978275631,0
21,private_salaried,128169.935070486,54.68524129024938,3.3534755348689593,59.45946100263675,57.905188111745,72.41542694016985,100.0,0.5089052556407819,education,689.7036237280295,1
61,private_salaried,44095.61559254084,23.409025433359787,44.04138795005069,34.88869504186272,56.98225593388952,81.48756368448845,51.048816001514,3.4820972606738647,personal,814.264372287694,0
51,business,39471.12703460982,19.6477432044696,63.43492969190984,78.58896783473149,67.08609170695796,74.1207917676739,81.81330593408757,1.1916214080888405,personal,700.3445952111289,0
45,self_employed,19633.229133356595,38.6396651008628,23.273099114815047,92.57529923319908,47.238900486408454,67.94384749917039,71.61967656148994,0.650248585530495,personal,663.5460793880652,0
27,self_employed,122940.19322418173,41.79311490192337,29.675740991870168,93.51932259704459,22.570892590856957,100.0,87.12096189551025,1.3437322289161304,home,615.2843341883181,0
21,self_employed,25948.814054750466,45.695387756494235,0.0,73.21328269057908,82.80117105258016,53.96968539794039,39.861554017239726,3.9992955406953516,personal,667.5457755653072,0
23,private_salaried,69876.19696279106,32.58642592585102,11.232306585198582,78.87597427534185,80.67675751610348,60.688641131621004,75.36333899643948,0.4567256829213701,home,644.9921053641385,0
47,private_salaried,44455.6603366709,46.87576787787927,54.23041197122137,82.14547124084923,55.07185927114887,72.28030882927924,54.14344261588019,0.1,car,640.0787733437011,0
61,govt_salaried,109206.55055996886,24.49008346905054,27.09752143438624,84.58394406552081,71.64124976459776,53.25135971422011,47.902608264289825,8.499120874894789,personal,870.6474576405,0
45,private_salaried,74702.03992007852,63.24892350300114,0.0,100.0,0.0,39.78177728646368,34.94705967734757,6.53601658403154,education,679.1658968416222,0
31,private_salaried,115911.76850995046,34.53888989958831,82.11720401296168,92.43814019923425,47.408458261960604,64.31854083061444,49.817682311687456,0.540323871562868,education,656.8876289550493,0
62,private_salaried,28320.162565208484,44.09075250898586,57.49012676334568,28.34909317494248,100.0,93.08174287430607,43.066485545266524,1.2827684195677573,home,749.2212232991415,0
38,private_salaried,34106.02795464036,27.226602438392554,57.85655156832924,37.76367657073009,50.95214865237374,96.4509380972211,84.07407101816281,1.4826595625896986,car,672.0735683001703,0
30,private_salaried,45293.17270488344,44.561884896574654,69.04784070295881,53.06501634666912,0.0,74.80027498826219,83.56654791567256,0.1,car,600.3083838791392,1
23,govt_salaried,72351.13710344775,39.42246033814542,31.08550041832234,85.75951939652978,31.17847398534249,48.106454734135,71.23469352920594,0.8396039056406281,education,536.21040480019,0
61,private_salaried,39208.71334888782,38.098247783328986,33.669071184258286,89.15687716465881,72.85861786894833,63.744028718245495,78.64514569201256,1.8034612842587059,car,808.566229928641,0
50,private_salaried,33266.64376364746,36.530343064930705,55.58995657849581,66.24532136749309,72.06026390250123,73.90062881114615,100.0,0.12407697124047114,car,740.84672021833,0
47,private_salaried,97186.11590834352,64.01071774155261,32.04829399621879,83.76202790590989,59.10022772133441,38.73881357209118,90.52519062900217,2.3675809887129127,education,791.054058660461,0
44,govt_salaried,53451.70550083432,62.313182291797744,9.291687183910025,79.96100861573065,57.21627078946725,52.92771771237801,100.0,5.477480181101492,education,611.5250628431826,0
40,govt_salaried,61870.3340477084,18.124264106790303,53.83306781881011,100.0,37.570792129594125,38.00712530274992,66.40182738396949,5.6997417424830505,car,618.1688260256275,0
27,govt_salaried,42477.01069915877,18.167713773372117,51.584300867765336,100.0,25.060071555515673,33.41494045135006,61.958231465042985,1.0178394580661645,personal,714.9324765548021,0
52,private_salaried,79364.88681672703,39.47425409789584,13.9536275202097,91.17418259371075,85.68111856486883,95.660337439556,61.246059885485664,3.006889421380929,education,702.3565826961438,0
36,self_employed,42464.982405520765,57.17770817860314,14.067617838129962,81.34725266510722,58.88115130145698,72.02182583353469,97.52463941271145,0.21842881381882334,education,692.2195571983523,0
26,govt_salaried,30940.481668989996,50.85588517034866,13.755193653134317,72.28253903272407,62.32893063307421,92.06903122952237,69.78887130238293,7.093646910040153,education,762.3384312953852,0
61,private_salaried,32377.690589134647,48.78891637521937,49.91713036197155,71.307780111259,26.057176901468267,75.21471099214547,49.641011077296994,0.4297789401437208,car,525.6718039911317,0
29,private_salaried,48897.40296186157,28.351719613584564,4.487701399095116,86.04249169459686,35.48988485178431,67.35035238316193,62.91562768166719,0.9854529777481413,personal,750.5812663519325,0
32,business,45418.486801562045,35.047969859229326,24.50281079351131,56.0000859296061,41.18123032334195,49.55702072576115,83.06736767591771,2.90871797388786,education,639.5871398231319,0
39,private_salaried,56108.47814511739,51.32138694812883,20.936870754883724,44.33215822162539,72.58045637141859,71.48731948487601,47.59602397117641,0.7694768795989917,personal,561.9930354903058,0
38,private_salaried,48242.03344794713,27.838209091558745,34.22429022050497,93.80990856486058,10.43128040207668,46.082595131093356,67.32681229234367,2.4134400108083782,personal,597.831803825097,0
57,private_salaried,47685.48712269974,7.2046020128672055,56.95793073466651,35.11224850117651,80.81314857634857,82.41677602644032,48.11229997255546,0.29619270556640936,personal,801.4345494096431,0
58,business,21388.585855037953,31.34489052362885,30.58053356054899,57.19368174694381,38.54509855695852,53.56795046713969,100.0,0.5273524397542015,home,510.4396570659867,0
22,private_salaried,66525.46675835669,40.222952795269684,73.11576468725337,77.186539659249,52.328532480272294,88.10385680562504,62.517346370179276,0.43340711877502436,personal,696.6497964308571,0
33,private_salaried,34410.80293222283,19.727038689846054,20.816170544738206,78.67374658757923,100.0,49.10269227908103,70.76821292409679,1.7945961762709592,personal,731.9246777296278,0
23,private_salaried,56815.35587887251,41.87720935702075,49.8589012576024,56.91257004200591,17.960831953153665,68.1690478319257,57.49741244350868,4.861731844260221,education,776.3309863956349,1
21,private_salaried,21913.34130308965,63.93904994931924,32.944650770248,72.08311134055621,30.86509474667694,65.47892764898522,97.73919780546561,3.0325257394045564,personal,589.4751653646367,0
54,private_salaried,43567.392353482755,50.73191659506861,41.1878088491964,100.0,84.93721350095436,55.87008780991809,34.09741606760263,0.29020521804188,home,816.2690280729778,0
59,self_employed,54575.68565353298,57.63860029741251,42.642343411850355,78.21370996251306,95.36958135618318,91.8937034646123,83.02661903990408,4.59756228561106,education,596.9959153122867,0
46,private_salaried,52489.75314419877,30.140287239491343,45.04469440703948,42.55358773412469,52.16613014731751,67.63103280354991,63.78741520326239,3.7679744119775282,personal,629.3128760228923,0
25,business,41648.51545555517,44.71408973850606,44.87074588407533,95.77454118884366,60.03824014456255,74.57362361301874,73.12181476913705,0.8259123615423798,education,664.6906309660694,0
47,business,14325.294344084312,32.89733105261984,58.445499192161364,73.13478668916471,44.874723213732565,67.58843353630601,62.93759639995107,3.7687309768786807,education,653.7019391308327,0
28,self_employed,43664.21663634635,24.66395098627042,36.89937474111496,66.09041793794438,100.0,19.294699561864036,58.49779966487507,6.615186754154964,home,529.0384132195186,0
51,private_salaried,52286.11116600055,0.0,54.91248684511545,76.44146784272908,74.25934822685159,60.495553232781155,100.0,6.657249488670876,car,604.1733627848805,0
63,private_salaried,61000.10082944971,42.53208693951657,38.18173051687732,72.54971520310389,30.340348217585287,65.36838372373082,69.71248773760708,8.351209730779534,car,711.8575239157998,0
38,business,32962.5000928275,42.036577548486186,23.24202208692777,72.17776426401535,91.32627746593151,57.95925329289516,100.0,0.9893568058543134,car,738.7897573682028,0
22,private_salaried,19326.41778161353,54.867718956327664,27.832123207782132,37.7721049211599,64.01174424909864,47.760342068565706,55.78661961775883,4.339344221344636,car,719.0610473308021,0
37,private_salaried,20530.147545469586,29.0139419113536,43.43937642866915,58.505320409952745,69.67004626839137,59.61917816223835,93.20165024797227,2.0490566173411446,home,813.4113096008268,0
21,govt_salaried,56764.45417992916,54.469102903026986,47.921664824237084,89.02511278886738,73.07675810338945,61.92382444237929,76.3765408715906,2.922190575984107,home,781.6698544029462,0
63,private_salaried,86720.70867020801,14.541980995559875,42.99559835233702,61.384671068419465,45.77991837027828,83.91881921278875,73.961138517703,0.1170127031282067,home,405.8772958538765,0
42,govt_salaried,47886.90970867753,20.353616904026026,54.506714697775195,83.97885436385995,98.70338931310711,98.65295188026595,63.15509739706417,1.7379760264116797,education,671.0057219922621,0
42,private_salaried,108812.44537737784,19.767388417800184,30.44231423236188,76.91215088225155,30.991173696447156,29.89795937457677,65.79284792446177,0.1325574926599789,personal,611.4704684648904,0
43,self_employed,32538.213345240307,37.556644980820444,49.53741047489872,86.08285853025498,39.63941188880395,66.92754246228071,80.95079640338106,2.8642396720377574,personal,591.2047677224157,0
33,private_salaried,41657.9316857213,37.8370463061961,55.44422285378338,76.24443699980732,100.0,84.017744676851,75.32253078934917,2.975747464904033,personal,710.4476107357457,1
54,self_employed,28574.30139407309,24.070194404214384,43.29855171605626,86.57869866788467,74.44632355081193,50.32201266335822,84.7614293542469,5.8440724631169285,car,683.7900086103001,0
54,private_salaried,31965.620483352548,58.06602922842527,29.421243291114777,82.69739695535428,63.40740570818274,50.71060810697997,97.80912660060326,4.941218620019809,car,616.6429041361446,0
56,self_employed,24342.32129178423,25.827889825262496,17.269023398207956,74.57521884845988,57.02746509779776,59.53770873923996,99.13956572392657,4.98951491593366,home,808.7872337329895,0
61,self_employed,68049.55189971307,30.000279579271098,22.204972363724863,100.0,21.693973655348024,99.38151551334228,100.0,0.48825079606615374,personal,623.3310715385182,0
40,private_salaried,65602.25039619187,27.84376384124723,29.537095611792623,85.81967644403936,67.20240004259594,63.1654882867245,63.94309145679576,3.464500753948116,education,842.7512456872007,0
55,govt_salaried,102753.8435468575,42.63144996573957,2.4349190456965104,39.60979527295056,53.39223874701885,40.7451877025039,82.97093495265996,0.1901286988303473,home,655.0715677957975,0
22,private_salaried,45963.866199562115,24.110423402441082,9.697904836541952,97.89020259369325,99.17502193976041,40.0883864472265,68.16934866479724,0.32762630297330075,car,703.3829864717986,0
42,self_employed,71241.88077759113,28.987078511433683,0.0,84.52751675634434,69.98602588506884,34.01514603142193,60.92141569057942,0.8689771276337823,personal,575.2393811601892,0
21,business,101588.5205705049,27.335590880102977,63.56594450981958,22.53700188851714,54.54612683520638,88.95197117232368,72.57617158254817,1.3048641218587196,home,755.6450507665493,0
44,private_salaried,51606.7828610913,38.003696389088105,25.77199849952612,70.91892425753645,81.95163908481516,64.99469256845389,53.85417012772024,0.17725348316569298,car,604.873782152267,0
35,private_salaried,42319.463773703836,23.542019105137587,44.70988990677661,79.44411647162768,71.26098780585059,52.87861616018558,62.6306965813161,0.40549028974332,home,610.1032096986089,0
34,business,54674.82236067742,50.10245814369604,61.88442465599714,77.08518618030776,40.36601513806493,94.28536911110058,71.89438508227275,0.4619144404856481,education,632.3362392190895,0
46,private_salaried,19808.22650362485,20.77867420433305,56.39218824913108,61.47916791793825,66.48217744218404,35.26863547480137,70.49628662633017,0.19388817196761068,car,607.1687775446178,0
37,business,95437.0277838779,52.37393443370051,34.38757737206355,48.39338294106593,42.82309462852866,20.41748207884627,66.33740277441319,0.1622816198065681,car,818.2104130764842,0
64,govt_salaried,20478.524746809773,66.96841214148007,64.75397207709152,71.99409478797733,17.95132467318306,100.0,55.423200824917814,0.7514593510829838,personal,673.3577604686968,0
44,self_employed,53272.175221744605,53.54307467389394,76.39895478139357,92.08738640698843,100.0,52.41251577587089,84.03764504118588,0.9506707895558607,personal,810.6223410297526,0
27,private_salaried,88834.34844753103,11.84258455876719,3.7258272404619355,44.763838849416096,43.880844183597006,74.10614950605223,25.080218546273358,4.714531487231361,education,542.2469617231724,0
47,private_salaried,88915.72306386566,14.050625512445741,61.81332461206783,77.86779492720918,74.53686547153144,81.66320988051615,88.56689949116283,5.977071408759106,car,652.6881905647656,0
31,self_employed,36908.14704034938,63.8130672490968,35.959654408932245,100.0,67.8864424481209,55.9307469926126,92.94137297041843,4.720709111776282,car,786.3593515332957,0
63,business,163602.0246962213,42.37100419317144,14.109741672042535,95.49323594463111,38.97413178977717,50.83524725581842,42.38134279242581,2.491789824012282,education,600.6302669475622,0
64,govt_salaried,57600.13831589825,7.226197485641201,51.37097432879997,64.06323089610434,30.30354815919398,90.41691242151096,76.5525243465683,1.375294704736547,car,782.6090167843926,0
37,business,39485.13950483917,8.039843476951667,22.212984050424076,49.9593324351932,89.2142335813792,57.03032285077813,76.00760219718696,4.917914078761825,education,608.7612344708705,0
62,self_employed,78474.83473306491,50.64658452063803,40.558340905892905,63.437526737908044,42.331399531699375,74.41804859979047,64.06795534093456,7.076692421391378,education,723.1890947185573,0
62,private_salaried,38483.51826277679,63.40412051643035,25.057740856551543,75.36794134279198,70.57284774247981,74.82601484287984,97.80385020444805,1.84905658101389,personal,730.0980331318702,0
32,private_salaried,55609.34277708889,44.721170168202605,63.19809310537839,100.0,24.348311838839138,62.08095454732946,69.0186894306531,1.256682874004145,home,688.4321605916255,0
24,private_salaried,32702.810675705834,19.66535515928098,61.308804364499224,100.0,100.0,63.5614881410295,91.10254343162359,0.481904704673872,car,567.6460661343956,0
51,self_employed,40949.298076633684,58.68550551638002,45.12930123856176,76.50776938468697,63.42484600241401,98.96026323006976,67.36126570212491,0.9950721354938026,car,488.700183730335,1
39,private_salaried,33485.77869521429,19.882172019778338,0.0,63.30698809393564,90.5294774199279,35.362953937819626,85.78034503624328,4.210721111223887,personal,755.5215856432512,0
29,private_salaried,46370.77890811478,49.318693716592676,42.35394506449757,75.0171466849193,76.30498782738798,89.97402545416077,73.40992614904572,1.928445413368888,personal,622.9328306366692,0
33,self_employed,62600.512895331165,27.452054173739455,10.477052709603015,83.95343981673987,100.0,59.20111867266642,49.17589725745424,5.740675905374966,home,879.8770424791271,0
25,private_salaried,118669.06979250061,26.205724256717723,47.50952000608102,42.90391378203874,59.23507687280174,72.60673300631765,100.0,4.84443589327667,car,588.1002691504799,1
59,private_salaried,69755.85878196511,38.8391656561752,0.39555747709029276,59.464521816258795,25.829430761648343,24.69983120985819,69.9416969717041,1.7045996154982714,personal,554.2613454268665,0
37,business,58142.507207855306,27.048656209926953,36.93795752068629,56.83692102784659,44.444982879881394,60.64098187512923,65.3218402911021,0.11660904336222694,home,900.0,0
56,self_employed,66590.23263682569,33.75669524187702,28.585072570423076,78.33632119036555,83.92009872283683,87.52476376872767,65.19203048623177,2.1981588228235625,home,742.1412433601733,0
55,self_employed,14587.364650381498,37.02923762828477,6.055644414840835,68.81512184734541,48.967127406381785,48.4171302911319,70.43330823407128,2.212916814816364,car,618.4139582720483,0
63,self_employed,35208.133845239456,40.985071388657786,69.15097778643522,93.33412945178037,68.6881632608905,79.51180350964643,98.79908082857261,4.104841982872326,car,779.0752152821192,0
21,govt_salaried,81412.18426863376,37.356479759657454,36.373614193010766,64.12179892973485,75.64631674569274,27.742728270975277,59.30455487884392,0.7818300684196972,personal,758.6259594881126,0
47,govt_salaried,33724.02849387713,36.496142512177606,44.48455547134638,42.15441198448014,61.6512359093083,91.8404850902493,62.99018382682939,2.760208776158847,education,519.7950006997303,0
63,self_employed,49463.23560259739,20.846793552755756,15.22503593342029,92.19638179308997,63.922795633958046,63.83561128906686,73.44776408941115,3.9808820325155163,car,770.3975975377882,0
43,business,39706.447193800195,45.68869169915092,31.445682674597087,51.05828636899401,89.32605823462004,43.27416686004143,68.1098691546184,0.16061087143238667,home,688.6116271356682,0
52,business,92309.65041687593,0.0,20.949726203533245,80.9258069696687,52.272669793093655,75.23332600331804,90.42989972814878,0.4444047943273759,education,763.795400126076,0
28,private_salaried,44821.59908144407,33.56887727350028,45.19751965813519,99.74443285768767,32.468394360502955,55.07766443636952,37.92076497146781,0.7493265048166703,home,614.43537274961,0
34,private_salaried,58080.19127556081,14.602159632921463,33.19335388979684,82.16773226256349,52.04825610194636,69.62226542099025,56.58647527189803,8.958720734344661,education,733.771545499521,0
58,business,54271.678857662395,46.649637340066846,50.45668098532803,92.14742730351273,80.13315064165782,74.94163882006404,77.1265165914612,0.6761001436084275,car,883.1553721813378,0
26,self_employed,50965.732649521255,16.242887845947696,49.58843876700672,97.69372039855124,70.2184224022968,73.31451019959573,67.34378782395048,4.755007796435142,personal,582.616920820198,0
54,self_employed,63282.65515906622,29.843028706232744,42.25616553105373,77.39728955510157,27.066142134766263,52.26760586225856,98.94801996699758,2.235246938759177,home,900.0,0
51,private_salaried,46109.46826394668,26.622322338654897,52.96567601100747,68.94713507287219,87.03508026181103,100.0,74.26130441957444,2.77770315926937,personal,682.855031034344,0
42,self_employed,34266.00478660942,43.91398017514324,20.230431459483608,68.67981249025212,86.86919238195257,73.6590713105717,46.42344821669883,1.9761751618825758,education,698.9642981091105,0
42,private_salaried,35024.248227883654,61.53444287938616,41.98138396852135,81.35047524498512,76.41688495336466,41.53676191986349,61.09779518834513,3.568164411403085,personal,667.230779057539,0
61,private_salaried,29612.418561087306,41.56419266301761,36.89049099624162,89.96442438338485,0.0,57.16921204334041,62.451905081538975,11.534612907345545,education,656.3161147002625,0
51,private_salaried,57235.52048779902,40.715978595535276,42.302606246479215,57.91290985874876,87.88211862721971,68.24071878353203,96.17493117932284,0.9071287939649855,home,900.0,0
33,self_employed,87913.44830866977,53.445981657718185,35.385696221377664,67.66136295117056,52.70804954206033,76.02853141467381,75.54076909659078,4.038818386815345,car,430.49828706982396,0
22,govt_salaried,71662.37170235805,20.219880311539534,17.888488909759314,58.07445882248645,100.0,59.95711819215016,55.947232638808444,0.1,car,756.0349458765166,0
40,private_salaried,38395.12190123255,23.67573164930348,19.005971953860016,89.4728964681589,71.99912907718442,84.15240190787333,46.746040511783164,2.072712700350084,car,503.3813889751595,0
57,business,69806.15776304784,61.720995749012864,46.332156656701784,87.7579663251985,76.7515054226871,99.19416057351037,94.19787920038209,4.730642080317324,car,526.9808521819325,0
58,business,20255.927500151138,44.74878311114064,64.27169818093894,58.469790080647,23.248658719039,52.54550661040945,75.81068226700165,0.497850552375361,home,589.3640083310187,1
50,self_employed,71831.55548810058,30.572707234545756,28.74087586945402,36.5602808242523,78.39214055808475,70.04738714619369,100.0,1.4199624860377924,education,437.47318371953816,0
58,business,36710.072048856826,67.02623013395196,14.596895549462268,60.6914895884651,44.26045886020708,37.839798819169886,59.24979458309912,3.156826702140618,education,587.323000703237,0
36,govt_salaried,29025.479564842128,21.14802505163071,36.51789263680185,81.42926174605965,90.05454684503476,53.22810030875451,100.0,1.2011100250830007,education,635.5540963451981,0
21,self_employed,63413.85300190995,45.23955321819334,41.90847638080943,54.84306901865715,60.864561676883675,54.88308661494089,50.6317457258,4.95217547640221,personal,612.6356910474808,0
58,business,31662.36135345555,40.72327363833892,36.55936944387884,79.05463376479379,28.024388518302537,67.44653372329712,98.55724764170591,0.2387079658882876,car,694.2837447363654,0
53,self_employed,27912.0786857387,44.71707457926236,62.69260916353086,65.39596549309925,6.784656740330988,72.31143109276276,70.654952950588,2.3290778701951123,education,464.2861383968535,1
42,govt_salaried,127964.5009476108,36.31731672280686,0.0,58.500749963810605,70.8982609671229,76.6533486644121,45.0324925085222,1.2050196148532608,education,579.0380744242067,0
31,self_employed,63798.43987851487,52.37306866215627,31.214744933073554,64.56258668152019,83.51538047995788,70.76919124092397,34.095248511934166,0.20907519385363618,car,795.9893475341389,0
62,self_employed,51722.22918844315,20.646791905314046,31.858244193210357,56.83141874501523,32.95138191858342,5.144872025128834,49.720160844180576,1.4202904866038581,education,695.32541121366,0
30,private_salaried,24193.721295357725,32.641509165388634,1.9327019520974744,83.18875108643277,46.85615002345671,46.6465168478104,17.110009452577764,3.2335201886191065,car,542.7361333601024,0
53,private_salaried,37883.940496152405,38.723135291352136,37.458105885252465,54.59487945607494,99.56486585786463,94.31867371869515,100.0,2.197608015326393,education,624.2574859596909,0
63,govt_salaried,62749.130399590395,40.47301999983923,38.195054919122704,83.63925527564737,0.3594351618865659,59.67791172188978,42.33536406689774,1.0708979001364192,home,645.1353635842584,0
41,self_employed,35563.57107856587,24.9635485979343,51.07972991781005,100.0,37.78375228408082,100.0,59.012998175973394,2.5126232342141814,education,518.5684659616591,0
55,private_salaried,22910.94860162054,23.92362491084204,48.378377526874445,63.07478230910093,78.29325127427123,100.0,70.496411092496,0.5304566026059616,education,648.0476286908403,0
24,self_employed,74440.32884841926,46.994967730213624,23.261547891098104,68.68072097294603,0.0,83.93102722846947,86.41817042338215,0.6243546698317906,personal,701.2510952914683,0
64,private_salaried,34481.62243139423,46.1331494363975,46.24184524165235,82.8034438576017,62.05001356386277,72.52777123778398,75.4388118188108,1.1934515061070239,education,643.7697969468727,0
43,private_salaried,41540.49572815045,41.06107576473569,73.36764821008022,60.10983120728486,54.92978729823764,99.95443581807838,42.53487567274376,1.878176381576295,education,592.7186169867399,0
58,private_salaried,57230.236011156805,34.49228609432354,61.17892266192412,48.10289248666589,64.65083608619402,77.4322451050974,71.00685268694097,0.36471617797893646,home,409.17271773863683,0
40,self_employed,51278.189865329026,47.50762469343892,51.87762376145146,74.65091321068478,69.90846712606653,84.52719536769534,80.50092947739283,1.6325885316838453,education,606.8113355380102,0
56,private_salaried,33967.52016825184,32.92303564053296,35.249368755727815,70.74086877850858,88.60203558554515,57.50793553540211,84.38701288660482,0.5458278702510698,home,658.4312704216838,0
29,govt_salaried,35707.130335531896,69.61532341603177,20.126001661896332,68.63714734677146,53.70755151561921,51.25291131283413,91.96471607046853,1.6109723374565217,home,515.6063765808292,0
22,business,32519.023013490187,41.61135131658146,53.12686470794304,79.21270890430117,34.96949100467792,74.12406638303486,61.959013994504204,1.5131894285249448,personal,739.4224258272593,0
56,private_salaried,44224.23270807535,0.0,76.40506169734391,65.42474961830331,100.0,72.54728732270495,65.94640649857651,0.19960966833570318,education,836.238995706469,0
32,private_salaried,34204.77652036017,32.47878523392776,74.53220667761211,85.52923626823736,73.64183808683961,66.41692792104568,100.0,2.266460777840412,personal,536.0433505891092,0
35,self_employed,28866.88391716118,68.46227407716727,37.723917256109964,60.837462719831045,0.0,71.01094896801996,25.271475929896724,3.775059230398083,car,551.3113255087308,0
37,govt_salaried,36002.66221031518,18.51725658498974,64.07018603910052,53.30914446017189,0.0,76.37529592499519,64.2064018005928,3.6799060125925545,home,646.4794873656369,1
37,self_employed,32050.375049625243,17.364094074463218,37.91927016835384,86.7836430074052,80.09089108672215,67.74587750698643,58.78917839744453,0.33288995822913886,personal,651.0648150622895,0
61,business,70179.63224173593,56.76456438109865,33.59137545909258,76.53866551559354,45.75836630060393,76.03022479700442,69.84767331842228,2.2592399334455098,home,788.6071601262607,0
42,self_employed,65375.206263565575,30.895508902348794,40.76886451455993,59.5155611569022,66.27322798863655,51.19619892216364,85.4407129484684,3.346788302181137,home,342.5898125530378,0
47,private_salaried,48099.76893259641,61.092568948070955,35.964873761684466,70.71746163462375,42.21315859314134,77.8436559019906,80.41513546762923,4.259086831483925,home,489.9158445417788,1
59,private_salaried,52355.39903944108,37.94365775353093,36.7429000543319,65.72025430537659,99.18465831648712,62.01978767362798,44.70011687477919,2.3333874536904378,home,569.5719965343876,0
64,govt_salaried,58337.09535157424,14.51687216793826,25.88596782052423,61.528194251214984,30.86576334275337,57.48667761608654,57.52399415871184,3.207723126732019,personal,754.7585583089962,0
34,govt_salaried,61499.23502702536,27.414507268267318,32.79875696510801,80.308237042452,49.09076691993263,85.83828650841579,72.094919564953,0.4113130714895802,home,610.3580904138234,0
51,self_employed,42371.246347819186,48.86369006047096,55.23137247679837,79.90897241709165,53.131226572804415,35.09825496066132,69.35231052470465,0.7286545005640179,personal,717.8268167508422,1
59,private_salaried,30329.421827993207,32.196839803026556,31.85235898241991,78.88345756302162,60.938471589844355,67.6923602067738,77.8640156347608,1.56173411574411,car,612.1666175057427,0
27,business,30533.529219912736,28.53622196408562,71.02018219240088,100.0,41.44460241368777,54.056237957283706,67.82437733288435,1.4272762546122733,car,798.761409497668,0
46,govt_salaried,27300.730386513373,39.964415806775655,26.792073993802305,53.73112009107377,50.364900600786676,68.7871342362741,27.51110042078659,4.777230703442032,home,900.0,0
53,private_salaried,141551.16172359008,30.897736500425566,71.67607718727562,61.246307584734225,5.627624223265009,53.41444054107613,54.84589997254787,0.1,personal,449.5786169100528,0
64,self_employed,78974.16343193932,44.28391420392856,0.8513417910223282,55.67715942420328,49.66422337004397,89.18239619901192,51.74919965158854,2.366899960194965,home,737.3690203406317,0
36,private_salaried,37844.209267267026,56.038721255646024,46.60839512934717,92.61125788615335,41.560398620301,81.49030312037192,85.96954020890493,0.1,personal,712.3386648977615,0
55,govt_salaried,17330.221549864043,23.25700234553763,15.79106092032237,80.72546673554885,33.8815647802206,48.78684888602655,51.218937125960586,5.712811009840852,education,632.9873438607037,0
54,private_salaried,25860.117010907783,38.13847591858615,17.04746916445477,81.24874924632431,100.0,62.582730622521396,48.427329248829494,0.43997422812380554,personal,678.4500464033734,0
44,business,41002.9319608407,9.2227996074413,16.322812649425348,74.03296633045323,43.61716140926982,86.5498790071164,80.34226147370964,0.7780775726441896,education,739.3773259036112,0
55,self_employed,45790.12887686317,41.88620087753554,62.73322405287886,60.884977303096356,43.362146377496416,64.13666892101502,67.38634576815622,0.5688049960367076,home,745.0831484769395,0
38,private_salaried,41266.99614505346,36.98637564009105,24.186413144440454,93.05220315870378,62.533235079337516,39.277576760768554,82.19184912412845,1.5802065339099656,education,544.5422505154256,1
34,self_employed,86634.6652252533,1.6109687306288336,19.24897118742587,65.60084253653697,49.10049752832634,55.20111958052075,18.99947416967307,0.11462903037495759,home,696.3229542450272,0
47,private_salaried,47662.00414133279,23.175361028375548,17.596736844401956,21.400310280710627,47.660829085227846,83.02223562124342,57.76464275614561,1.6418593383265172,home,724.3689665007851,0
43,self_employed,96726.79258230132,19.70046921848467,38.21124236594839,86.27633118773008,66.05704095825774,47.69401449730297,22.160362208877196,0.14673997409744532,car,691.6352356261377,0
41,business,58545.75488520813,15.21207420848301,0.0,52.42073469733669,100.0,79.45553547865546,73.77224683950024,0.28114223604389965,car,569.5772107296793,0
52,business,129324.27850376276,46.13432761367456,59.91113629367251,63.31180450623523,81.45340281418555,58.748451492106184,72.20069647865698,2.1223849359326694,education,846.2057204743351,0
50,business,70805.49561032519,15.576021719896097,64.17770777264938,99.30131211183277,100.0,33.2354580258436,52.623370242205795,1.3064476988460614,home,661.3076776765021,0
24,private_salaried,57279.322222009956,42.043947249416014,43.824796443405425,71.4402758409731,6.122847152046255,46.64768021787336,98.40542170534924,4.619726414443235,personal,672.448272557192,0
36,private_salaried,32793.61882639103,15.074723127306989,38.31230250193445,100.0,47.97442006809864,41.57033740058027,67.46024373590039,3.2168347194948392,home,505.2049907723351,0
52,business,70108.8654741233,29.10145386255732,35.67913770330337,67.77131607299376,74.16139899624272,93.65976553419156,85.97296414382286,2.9443879014073486,personal,760.6323921542427,0
43,private_salaried,176271.5751112737,33.692287425012026,40.691810193864036,69.15353289379671,29.093878217378656,100.0,68.06697396814658,1.7573785234291281,home,554.5539584755153,0
27,business,38852.91918296672,32.290199269314186,0.0806193505003634,71.35516351642923,72.21091299686671,71.79566044278461,100.0,4.629465446529672,education,618.4430103181155,0
22,private_salaried,86029.87037042624,62.98591033952685,28.54902579546757,91.82163077212832,85.718201380723,85.34131087940307,72.51117044947156,1.4897186616093996,car,620.1606851304914,0
40,business,57928.94915405091,29.301380501891344,46.107593122995375,92.20170135485641,64.490251410362,48.276257709233505,66.3718793056562,1.3340283712998526,personal,763.738493169496,0
60,business,36901.19523863668,49.78888725631681,52.94819271282884,63.57585871129655,84.27137993707046,50.78768961171541,100.0,3.1501217376253337,home,459.88069065819235,0
37,private_salaried,48764.226132161464,7.608477196749231,51.467678581817566,71.79257027241275,85.36780230651557,51.32679162153749,94.72841563612505,9.908599973558218,car,596.1162916569291,0
53,govt_salaried,31612.950210864816,18.99848667973008,39.723683105957804,72.64340564813492,43.78523446374844,47.71016776486725,75.46815579500787,0.9397457361714707,education,814.9863309372679,0
26,self_employed,52837.552779921665,23.52265819533298,33.85618890318352,80.87521835106742,19.98363478392732,66.59188505527041,94.29755836997069,2.2040732611663034,home,702.0581760044147,0
41,govt_salaried,23433.016763239306,30.86005464024162,21.43443208388134,100.0,53.183867298872684,100.0,76.87180961025992,0.9609679539570422,personal,799.2254721317368,0
43,private_salaried,58846.34638342632,45.349905840960936,65.53369155051699,65.57028334439121,82.84731461320064,92.87203858588782,95.87801587074495,0.381006198808459,home,438.80830275113965,0
58,self_employed,60638.57698286479,36.78757644402667,34.52010393291786,81.87518855690121,100.0,70.14634582733129,44.651582155102865,1.4452787239227283,home,824.0408310510875,0
60,private_salaried,29485.52100349413,64.24563988155703,75.89828937564359,64.49093347523043,26.91684547988131,54.3998367580512,60.468918326080306,0.5401746144874562,home,783.2420592754196,0
30,self_employed,77476.25339160337,26.00165597249032,25.18557749048689,79.9747014814441,27.423838813091336,49.2420858864431,65.49173806262617,1.2765077173086856,education,858.5776109991367,0
48,private_salaried,59127.64397279795,15.790817819583374,17.92142170857285,97.76562889779159,62.73540462855126,53.713941083787475,52.830482176547164,0.39961076901045306,car,588.1527442261495,0
33,govt_salaried,52292.03754783843,49.55950508917165,9.53489096386281,77.72622591127336,32.444044932130836,59.76865553546929,63.10466840252687,0.47242460201745806,car,745.4841094908273,0
42,govt_salaried,82728.89210683735,23.57108233918576,19.317972529967847,41.73888970238961,42.69606063019908,60.34788194021485,71.54056041691744,3.8759561638281115,car,733.6820893565681,0
26,self_employed,51252.767264712464,45.313215719318364,55.972814182412876,57.14544057925438,65.90820487258048,57.80133657038273,67.5766821439399,3.177747950361752,personal,654.1235589526004,0
22,business,36285.20681543911,36.03496341743727,0.0,58.66207823643721,86.2147784062338,62.09309371024522,60.43931974736502,7.901775036052824,education,670.7563769546992,0
47,business,140010.65224407133,62.336950144906865,16.063998116373366,100.0,55.794597621766,28.288590462582505,66.41594691361718,1.1289691072159798,home,563.8556062457773,0
64,self_employed,31933.593200298903,42.37721601631944,50.467996321352224,53.87459184503788,37.35489862210876,80.13284930213875,52.823114434020816,2.278372187699681,car,520.1410237006406,0
32,private_salaried,37001.39148696834,26.511565059716112,65.21173549615114,81.0168378463228,43.33395737138589,83.30640713546714,81.90208153506704,1.0524258193849874,home,790.7473134357774,0
45,self_employed,34696.98118698524,63.11419480457378,25.001672909943625,34.3631080723728,81.56238158867126,92.22604382381977,65.28499393903498,2.776933291725416,education,398.67199715519524,0
33,govt_salaried,42567.39991297414,47.40218060460372,54.4258695880542,100.0,82.00302509514513,63.38565995641447,47.68251529901548,0.912601486258744,car,688.2945010242249,0
57,govt_salaried,30650.25090040987,35.597906026150355,50.737116049654,100.0,36.617254670372866,83.11651965634081,30.439670579131423,6.362497081109899,home,649.0952549856011,0
39,private_salaried,23056.321738830215,51.62625673191372,12.455434016697527,35.829573256358096,81.98794855120896,45.04977252247129,79.1390185252305,0.16398688305839698,education,791.947392665351,0
24,govt_salaried,43262.51382302405,55.427871506740104,48.34254727336039,60.38727523114653,76.15169279320672,95.12836450240616,63.698321445953816,5.8690843907802615,education,707.5498213385755,0
29,private_salaried,94660.2766409413,27.473363743870614,43.800725809963765,87.70493816776825,100.0,59.68531071917482,54.45709949645269,0.22140958114514134,home,829.071741137007,0
27,private_salaried,66053.7506934321,38.74059769519918,48.39017538012676,69.11197467035679,4.931496622135228,66.18526324580208,71.56584863013542,3.9833051496512266,car,605.5812502077017,0
39,business,55559.7969081386,53.28169861428644,13.519835610697953,68.37247817699597,79.94548036024426,75.71550077954082,65.29940992839168,8.73819987469807,home,489.7272000024367,0
31,self_employed,93520.34407500665,44.91358882725045,62.27260815408414,46.14722989155992,0.0,21.350812324822513,92.32113310560902,0.1,home,722.4424929575816,0
32,business,30738.291017088002,35.42091209575869,11.327342067710063,80.02772077715032,100.0,72.76043610597262,54.16551452221809,1.1657306940812326,car,724.2439056670711,0
40,private_salaried,44908.31826139218,22.86808822375353,0.0,100.0,44.00794977703876,87.7007371420348,55.17489264981034,0.6618469000513562,home,834.5918769094442,0
47,business,61819.06067125768,44.41553591827882,29.179570538294122,61.6978525796239,40.41098630259816,100.0,74.50341864453871,0.11336242254475036,personal,615.4306946925695,0
52,private_salaried,81989.73684160637,21.174232452771275,83.36711507144902,74.37679270397045,86.15824527687361,41.899830052001946,22.03673809498205,4.8356277116858495,education,480.98822115579674,0
50,private_salaried,34107.535342838266,38.21799378329624,16.507119631039373,84.05248059960242,59.73335090450415,77.41866791227983,94.19062802272538,0.31054387305611914,home,813.297707336741,0
24,self_employed,51553.11446751125,67.6633128302116,26.243557542766958,57.00284056729463,65.45228568766504,51.501242861730034,79.91033048289792,2.9462125674348694,home,550.0390092992673,0
63,self_employed,75126.0872977043,24.60585154779398,46.53122241017989,93.76822847746584,85.51190977702686,50.05556335559031,81.9201734597224,0.4287220745252889,car,776.2806450658996,0
51,business,28699.15078194737,49.49139283034481,46.20561787357907,35.27418776259158,61.93552778093358,49.54053131666758,91.94150612825256,4.489522841282921,education,476.55201958630903,0
31,private_salaried,20435.139727051133,12.223670209860664,68.03828673734756,85.50289317576542,88.9929553250224,82.48480338466483,69.76779771089913,1.1834917045455755,car,781.6916730609246,0
27,private_salaried,57026.97632507037,30.453041603776253,25.862751316806264,82.80967212965558,35.52798316233685,59.6911844425597,61.02486656042035,1.4464959027345967,car,756.2535187269908,0
46,private_salaried,19922.691730416234,37.37586511505771,77.81005742000252,100.0,38.708399775374275,39.71958830270532,57.92164208227591,4.22127424479522,education,503.9857230702299,0
49,private_salaried,132647.46284348896,18.545715845816442,33.55131185988668,67.8037430373168,58.63433062096514,41.055358782498246,71.76247539102755,0.1,home,796.4939728092047,0
37,private_salaried,29072.194552013523,42.33216793912242,42.50352229999627,68.33041224272188,71.56226146853695,39.855313942072534,88.29147366699733,3.596673978436548,education,772.0197066815422,0
50,business,56649.39606248414,37.47926591761369,47.89801252416345,66.0879374832691,37.33571788259239,88.63632749080152,85.73423619056011,1.4780548866192422,personal,549.2771835335619,0
31,private_salaried,29251.28112771525,54.396462818616385,31.885549570653147,81.01318897771934,100.0,62.4474764269903,66.31508042291905,1.750724301318452,education,676.6710864077791,0
56,business,20553.80191289126,29.623307160399875,31.001401537631665,89.85806610867198,3.2431613871651237,65.8235903389787,80.27350431586612,0.12984122866289552,home,570.6214537662177,0
61,private_salaried,63402.6446849811,23.975721847469334,16.941799859041453,100.0,79.01850029560089,27.769732786815993,54.70463420294933,5.389093413009277,home,720.2096930676958,0
37,self_employed,96602.91979414209,41.78434988856377,43.971617585036945,100.0,82.53048951819272,48.16985082176937,82.6639035734383,4.081084406427188,education,570.2878562049701,0
31,self_employed,58331.336942212656,39.72064913586139,51.11795554002138,74.38813871538488,60.61498691770649,92.6684815711195,79.46393166450453,3.333209360912623,home,642.3832745931722,0
38,business,93140.99663260952,35.70317814954967,0.0,40.997582623434766,73.39201909399333,53.59612804603694,78.73535502220994,0.7266804093962478,car,663.7079173402827,0
42,private_salaried,80053.35943013009,35.07708141135459,45.16570355166034,49.27840491502904,50.711913673034665,54.88041839814744,100.0,1.1577212565073038,home,689.2198651380224,0
23,self_employed,90302.61281799614,16.805395406023855,52.58124616338367,56.323588444188836,74.7309988415748,50.2529728484454,77.04046251859216,5.773505366483419,car,834.2224414241082,0
57,self_employed,31022.192818146483,27.332405480911895,35.837401005337696,83.6488826295499,52.76110871663482,46.57438721013586,91.27477132326175,2.1407380892827574,car,603.184617083186,0
53,self_employed,18377.983643061838,33.29544721576854,42.27363127735251,52.862902190535415,85.80643705946069,89.16038875748012,79.35831851345569,5.895415360358809,home,485.2621959446317,0
25,self_employed,38642.26975395685,29.624082754579646,0.0,100.0,51.2603671170656,85.77455799829823,45.23677711329083,2.5896888898862147,education,730.7836441139863,0
39,private_salaried,48100.92321117014,47.314507089694935,34.28484711252972,69.31720890622066,68.18920290280083,77.08049693899105,36.80188874989635,1.56413567723491,personal,660.6587554734546,0
46,private_salaried,34434.44112878729,32.719685204228476,16.286443125522865,69.87708581274863,41.2210137021021,68.31766153136488,87.81885947976266,3.3938148055288755,personal,560.194018317076,0
59,govt_salaried,54958.565997611935,54.62378643535341,35.140762801556114,71.47194380039208,15.650433408617147,48.865541805024336,76.17544386890661,3.5955811251475724,education,675.1584614287741,0
45,private_salaried,38143.89964289111,35.00858309357508,34.115093388030246,100.0,88.20466786754398,55.42441279628315,57.56156275240717,1.549843025681347,education,687.396115856891,0
40,govt_salaried,35545.528457605964,35.36925584438537,28.332076497773034,91.22994042956584,66.00795303569875,80.56130187634669,54.95992986286464,0.6460977494990272,home,779.5163840510321,0
43,govt_salaried,201205.79212709115,16.2538802320016,52.47191306195003,58.77679759714823,33.6510542407505,64.99918307386086,87.14607581312224,2.767651428898756,car,675.4759541192572,0
57,self_employed,77382.65913731948,40.78115265398072,30.738191961326777,53.117292015925884,49.39203837773644,48.632950758298605,93.7370758100975,0.15443506736392743,home,661.0109992106624,0
34,private_salaried,86287.0389034525,36.67148499086468,31.396176206721982,100.0,44.63634714280533,48.833609228049525,78.08179228433828,0.3854665092420613,home,703.0728356840239,0
34,govt_salaried,39478.32419034312,13.221895746902458,38.857393529962636,92.8918296513846,50.23478660601948,75.74254417474607,49.05328211326842,2.4080648759484786,education,725.3911361464893,0
36,business,26563.40779493718,16.468282518157203,11.158434708483654,100.0,35.79646516267029,80.30247947887412,72.36751770664773,0.1,personal,733.8592502403449,0
32,private_salaried,21014.760681451626,22.29921008110241,38.87618016662236,74.87198494793724,42.46905106249804,69.03774388582966,90.80053439725376,5.71357397525855,car,697.2951812520978,0
56,govt_salaried,143140.33032718409,31.983680965994477,10.260934831143093,66.60251675431284,3.1260079776174265,100.0,51.25172423127374,6.919084500449567,car,853.871138555211,0
52,self_employed,65018.82134243305,27.668003024736027,39.15859383923349,88.00979279976872,71.61381035985455,80.49546780148714,62.63334579921647,2.1517547732658264,car,592.3568393010374,0
36,private_salaried,26444.970669476956,29.460001109864535,64.60111045974458,75.12086521917008,75.00191909564808,68.60091898471549,68.83730610350835,1.386864869975151,personal,654.2963120043008,0
33,private_salaried,53723.74317962226,54.163036817380835,57.548928549712556,58.08171919323777,55.0289890942424,98.6975719436543,81.26358453747264,2.83525994709714,personal,710.3262755794045,1
27,business,88486.9902274459,19.787028947299287,19.089746126102682,48.54406495521616,92.46730793320671,35.61518838519256,89.04175541636549,2.4053017648312105,education,467.88857512074634,0
37,self_employed,66212.09267672195,62.92872317225259,30.740426868995776,69.87288714293707,70.26099998292123,58.41207088074914,100.0,0.2920213953237798,home,673.0630699350435,0
35,govt_salaried,62451.94407081896,39.516852650726406,21.275319971912303,78.11567565313084,37.476271016588,50.85223285874826,49.781062759593766,0.3471108524241679,home,642.9671509061034,0
38,govt_salaried,68257.55992791921,49.58747036357578,52.763362618309344,56.46608283178547,46.648351923876035,100.0,59.10722511858529,1.0219725506886395,education,872.4657939606533,0
54,self_employed,72208.48347539442,47.4240046791277,52.86295650173949,100.0,0.0,98.13659241361262,78.81804004616525,4.449572062241077,education,586.5858802519531,0
56,private_salaried,47467.6216881649,35.56190715305419,42.12905828093983,83.52079063950116,38.21270298968741,65.7990096385675,100.0,0.3248453552452949,car,698.7383255185331,0
48,private_salaried,70785.23209920079,45.603999883744805,29.023909903027153,30.35694374277682,27.094913773010916,62.69754650882897,62.19151279698758,4.7365919256162545,home,549.2243111181559,0
24,business,101377.35644659656,43.40868111242361,48.42799050068209,82.68290670833592,82.43546890140505,57.37808183474701,86.56653449507718,0.6233692287803101,car,730.2201383356988,1
64,private_salaried,67243.51185689414,21.277164869611262,58.78632807135452,100.0,75.63972291947252,54.290982217406054,100.0,5.500105071939368,home,619.6254108457025,1
44,govt_salaried,89206.71534779143,45.42939089996578,40.26530975150793,74.94109177334809,28.52854977855014,21.376495246686453,72.26320022785566,0.1154004273298479,education,745.356944428839,0
52,private_salaried,41021.26531679315,21.208640569164753,0.0,61.791942009047325,73.09722292873585,64.53255891707566,71.63976437326664,0.4630154668469718,education,900.0,0
53,self_employed,23117.149026193834,8.71368827075899,51.34133073463285,46.20603670829581,81.5426298222016,56.08029765040557,100.0,9.4806346734345,personal,596.1657375833778,0
48,private_salaried,47165.11748152041,19.329200807631665,38.726687352401285,59.983097375368246,49.861432246519314,37.49667020791805,87.4459210674117,5.026545496892093,home,625.6241544411886,0
29,self_employed,31534.475740782753,47.158552234930255,61.948669967013316,75.32420943327573,30.760761051561808,58.64138081800714,100.0,0.1,car,489.9733988458128,0
35,private_salaried,66936.89003205068,7.931537948024385,40.76440956843436,83.66038250201076,20.845817867300326,76.1326031756627,56.69731346427055,0.6529854349395648,education,707.7375068918224,0
43,govt_salaried,68241.82347581223,9.892393439467433,3.21301548867444,63.156800668577844,41.060444677811674,77.53227513263762,68.17721514750775,1.558806490513981,education,639.268813029789,0
57,self_employed,122665.40787847475,40.63007220633315,26.219086433937324,99.64230523904521,60.70034323015172,44.22720578813894,93.4194479010295,0.9636066037907015,car,671.04382887864,0
62,self_employed,39624.28365936484,35.984710627286695,39.89045094705709,61.4873213913592,88.66361158192761,25.45573137854816,83.53882026255138,0.6954171952404049,home,503.7962547494791,0
23,private_salaried,76375.81212034433,29.01387266502263,47.32810915155357,74.79477351887755,69.44820565213325,43.1611758740282,71.77615603727217,0.36850222096642743,car,300.0,0
59,private_salaried,61801.201098587735,37.6924004418687,29.939853047977806,62.851182094335726,11.42780065457351,21.492371359216527,63.86624727246447,0.1,personal,828.6734072139602,0
28,private_salaried,27112.852421343545,24.44469851762004,20.15440628982526,89.89179206214332,51.98882511597087,37.28931604421676,71.96059164887338,0.7734144716716165,home,719.359849248136,0
30,private_salaried,44614.628463706475,33.26775655412553,29.67925497712507,61.72220988773667,73.6766829743458,83.85391334998548,90.98001402130802,0.8284497474290442,home,689.6129612138183,0
57,govt_salaried,65719.5211120446,15.752764318749641,12.402579669346665,67.43214614612397,76.60285980124932,71.6865650706705,52.729478739106554,14.21062033697537,education,600.1257534695842,0
48,private_salaried,31832.368660810138,10.142354595476483,43.576765956105625,69.34385469775746,51.05693887325248,81.118742489737,50.05497531085814,1.427040258966266,personal,706.0099080944344,0
38,self_employed,44339.44736630081,40.828779335489045,69.92584401320183,100.0,76.12264806554272,82.58593051358865,79.29113802974301,0.1,home,634.9014191434825,0
55,private_salaried,76426.03282304089,48.140686650078926,4.0283393275721515,90.90042918538344,57.38258497884044,80.62017909214303,57.30957353132117,1.0541416743437972,home,727.4220195777083,0
29,self_employed,77025.51956982801,21.16963512234227,20.683481722504997,77.53541202284227,73.8332792944553,38.283463096989564,100.0,5.420115719789878,personal,566.8023480786005,0
24,private_salaried,48826.85296971123,46.505753277390646,26.323049532948556,78.91281056624632,34.90199139401447,89.33056465099074,53.325055185617686,0.397070690392263,home,611.0024666886409,0
54,self_employed,45540.58736470192,37.54066204914061,19.484280213748,83.41945565062933,54.60125682558075,61.89875910603043,93.76949933007047,3.730723962576408,personal,541.052005303345,0
61,private_salaried,47048.2277633903,62.21973750984617,37.01607740919548,100.0,60.50808229227295,57.258315110501215,100.0,3.4862633163808265,car,702.4421146488103,0
61,private_salaried,77880.00980268918,49.03959738898426,56.898681112838574,100.0,65.55359230488156,60.02553151834935,86.69978854757171,2.923217662871064,education,614.6523492736219,0
26,private_salaried,34276.92924632635,43.06193130087803,4.034766635383296,90.5217474572513,69.69587804664474,76.70140404916744,72.7645047300368,0.8371672998589862,education,833.9573897037302,0
25,self_employed,57029.909083762206,51.25088215375028,61.459466166910865,57.419674620990975,50.36128663517866,65.33241962724827,87.67966320939335,1.3062849805805294,education,486.52978625168805,1
47,private_salaried,60711.26059861318,30.81981645740664,4.107576627851728,100.0,61.65444663010451,67.2338826021335,48.041472738659074,0.8815270296251255,education,681.2847394365531,0
55,business,95271.67187960962,33.70180758979096,56.8195805523893,100.0,87.52741733664054,43.67273849230362,68.66082219369508,0.4673229543965636,personal,528.0114634905843,0
57,private_salaried,41576.045357333045,14.539502527410288,42.164691880289055,100.0,43.07560350114852,78.73693954127438,83.91491584945285,0.25234525051451473,personal,672.973045681353,0
60,private_salaried,44718.285661733484,33.453079064729366,24.61948562163703,57.18029116093139,71.42014571273701,92.1671433286121,91.26871443734919,0.736606012041441,personal,675.9281710704263,0
27,self_employed,47677.01707331476,40.44647648991558,19.756830739475603,28.815919571823024,57.470601125410795,49.244834847591214,54.323165218306315,1.569600860617896,education,607.438356808309,0
54,private_salaried,15565.453919723957,8.638649443958673,41.22078130736156,17.874491733176853,47.76274798915951,83.38372307353907,48.81318625450347,0.33809199878348517,car,623.0465321036601,0
51,private_salaried,11638.959021991737,33.22687331643581,34.85657578037346,25.34912028178323,100.0,70.7203161526925,53.019531358359295,1.3341292644059237,education,825.8455312998221,0
28,self_employed,32208.198241796403,39.51501850877713,46.47535522289169,76.56155427791978,61.773033567686035,67.15206872445901,57.82816388861443,10.259958032797172,personal,413.4584510770171,0
41,private_salaried,93251.18208132479,17.610523427857878,15.520701869807429,48.33139565707175,12.708627510835605,63.9029780230896,54.976641378204526,4.391123071456372,home,433.4369292600256,0
31,private_salaried,123558.41377759566,23.429636965761624,39.65020067314917,46.12762885465801,74.45813810363771,65.75218892607477,63.11593841953223,2.159528902665583,home,740.7077283266868,0
51,govt_salaried,30502.396330183245,91.6623496419218,37.98842741385349,62.706244149251546,70.1439699387511,80.00123594213447,77.89197870716528,1.0484366181675835,car,611.1779067869134,0
50,private_salaried,46548.480582312906,44.09450275020644,60.93277539838632,75.97029324439119,49.606657305736256,36.80374194644514,69.20952307670352,13.651048051425636,personal,460.85184817893617,0
43,self_employed,44442.4271652283,43.96655975504714,34.853736394639,100.0,70.7201537696177,62.033357873976,7.595009062030833,2.790167361531108,education,769.5424005314366,0
34,private_salaried,53866.05463334093,35.59772359272986,10.143478833403499,53.08124440659195,45.97143913470427,94.26834895953448,77.30781568724287,4.898168875195959,car,702.1756834385117,0
39,private_salaried,62162.879456877774,57.25750669960475,26.614887593341678,68.02484374808485,75.77293866750028,29.10174226873344,99.80623888710696,0.31279899121602117,education,858.5760102738819,0
63,self_employed,96543.38448363537,27.768135735177957,39.73293825345699,57.18336639738436,6.290537331696214,50.22569468915228,59.197219210727795,0.37394137589470605,education,727.7031417141992,0
23,private_salaried,73386.10804920447,35.04913532051183,48.88712130327986,64.21938510561013,27.03599380546528,46.748627246833124,63.25750140654809,4.033160390086843,personal,664.2344898156842,0
48,self_employed,37924.15243428164,17.48620339610683,35.903913582080555,90.92904774202266,70.68279752532136,62.99331215729418,78.8950106156293,1.0302235090223908,car,688.1791192891862,0
47,govt_salaried,40960.120007771504,31.867637825097077,25.754115162224604,69.8650995349471,0.0,72.71384894350363,61.887700565810036,2.45947791266011,home,601.212813538257,0
60,private_salaried,64304.6572074268,31.46704668966362,53.555852677507055,67.8293009003961,39.84660177693833,51.57828942390265,76.25409713765445,1.850556493123767,car,668.8278489438217,1
32,private_salaried,42878.37570345611,22.112495385247357,14.08631466802618,89.99859672949661,42.42662585642832,72.43629638694271,100.0,0.3634588175132455,personal,587.0797795697349,0
33,private_salaried,57332.28169902313,27.21553388569462,39.736078672931285,76.02223006795175,66.52845962259944,52.31040377847814,61.99664724336948,6.320059534656677,personal,768.7519195508564,0
35,private_salaried,70682.7929454175,32.98773555885263,20.727817979248442,65.4406041922147,95.98348505270086,69.43460596450925,90.26782690837011,2.761944941812155,personal,553.6288881165497,0
44,private_salaried,41036.88865228787,30.654692408696732,38.66019900747975,93.77486350113145,54.57071403529477,54.502904401313444,33.645092250029556,0.472654999631765,personal,732.5785829574197,0
42,private_salaried,67337.3498209601,53.81418864438312,61.420680514369614,88.46841490851446,72.17698991597354,41.77572374436312,56.57328257519371,0.5645635051688438,education,629.7985641824496,1
54,govt_salaried,61289.01772258313,37.05663589406429,41.67736998882981,59.439290478592255,46.988302529425454,55.609202832573914,69.98128126282027,0.40605212442657634,education,674.347205511935,0
22,private_salaried,58433.67554472676,27.276475074935615,16.17854522919486,89.0770632789787,56.92954736805266,100.0,67.7145189012626,15.0,personal,622.8529076422867,0
42,private_salaried,45570.8483767287,30.07342963985539,48.15276557123741,100.0,75.04873041980937,76.360640251768,91.93751171528942,5.645548846975244,education,566.4068378969307,0
38,private_salaried,92146.79869150199,20.680913479527185,16.29644473769957,78.39859132041677,100.0,79.69781457869821,90.83352379939339,0.1,personal,517.1838408818488,0
42,private_salaried,39936.590532952105,29.913189307213088,0.0,57.30575600131658,19.384835314602135,78.02365945215799,71.88777099423768,7.384177126055032,car,861.3213476400823,0
21,business,65962.76167963968,53.488156793119444,85.26652748381235,72.73200301755654,73.44931880200608,71.84308127897211,78.32163038696604,4.351938722299302,education,827.095993709885,0
35,govt_salaried,48862.68044266932,0.0,34.418642807023666,70.15688110594917,76.97574747817238,89.49270577864525,100.0,2.392646236397125,car,502.12249687727615,0
30,private_salaried,77428.05775620155,34.58822304476045,43.49832530980736,75.37139257432715,56.11666456660829,69.3843777512748,78.4416580736531,4.662979970748483,personal,762.8864268184699,0
53,business,53380.838683644215,15.677901526403382,49.02845005842144,81.40456633297703,53.08486631307435,64.24967575090291,72.73830439834944,2.9720386978099556,personal,754.8769371238056,0
53,private_salaried,16892.93396177939,51.859057974680056,6.061410013355854,71.41752635497532,90.10853644188528,76.67534650304195,77.40000398660821,0.14732279467658366,education,643.4694949726276,0
22,business,55781.68439098926,39.7630931226697,0.0,80.13467450068157,47.966542357282336,69.36112361228352,100.0,0.1,education,512.7060573651754,0
62,self_employed,42585.47077552492,0.0,53.54205931663205,60.85798828247573,78.99559881855923,98.47916219332112,58.44885950953977,0.12126507380850436,education,573.6058854867065,0
47,self_employed,22242.042360515246,56.573161644220775,28.88526136738472,81.60496178670049,79.55643803009805,75.23005998264587,91.4132005657538,1.3788999028646676,car,705.0724168114235,0
52,private_salaried,53688.51044468022,37.57001533956459,5.743648842697738,55.56308778102599,65.58540109942957,71.12038601474045,83.1096454782214,1.2073931676988467,car,672.8242045734344,0
28,private_salaried,95981.49723842609,31.362638350624845,45.37117404014042,89.30719676374568,29.905755126259354,72.43879687987538,89.87387031110917,0.734192529274031,personal,662.0533396231738,0
38,business,72711.11014703853,35.61621296142131,0.8554801085889494,97.64574749677877,4.926289653370183,56.664166977233165,94.14851498313297,2.250282006910736,personal,607.2149085628657,0
63,private_salaried,44515.90786621466,39.11770981239925,31.341534031748182,50.12653771622316,70.92381349987176,74.28975211154467,62.80489966788736,5.60507784952872,home,708.735209994935,0
22,business,31065.005606270865,28.06251270200046,41.857069315632955,100.0,42.89950942009304,81.09574887054798,63.4388709864648,2.3513387913310053,home,663.2562507063362,0
37,self_employed,48769.024705235825,17.767398205762046,18.62095110052558,89.06987045422343,79.86025703044075,65.35710602964349,100.0,1.2040542161508712,personal,485.41119438063964,0
56,self_employed,113195.521018236,56.994677043767894,47.66133094994454,51.420076540862084,38.19452818618987,90.11355051482201,58.73867600409796,3.5484746789140953,education,784.657008070343,0
46,business,17825.374156757032,41.75075956259985,20.78809814232217,78.34444536146597,36.98089878279234,58.761694887348014,64.34183942305509,0.1,personal,540.9842794972668,0
28,private_salaried,22398.197188294376,59.151306540223175,30.792244725782883,47.941278561585676,51.94225294534722,69.79773372318287,53.63854223032055,1.0575715097416776,education,606.239191598818,0
38,private_salaried,40247.540948410286,62.34921414931885,48.163131219079474,74.00869705263742,37.048247587868055,49.639815299130674,64.61837383324992,0.10594209721225237,education,658.3763355004073,0
63,govt_salaried,68496.47939582894,28.68599653124351,33.59052852245089,64.77124942434921,49.74180567836273,45.65490524037868,77.8096858774867,3.33668808020406,personal,779.0144898778108,0
36,private_salaried,65893.98890804882,15.9012906666207,58.92826378620923,50.600946311663705,73.7326056517762,47.767705372410575,97.14827183554401,3.9073553615626073,car,611.2706536731989,0
38,private_salaried,72253.82509326577,36.30704128324712,59.47221475973526,100.0,34.20769276700082,16.528343743375437,76.84798699991698,2.350828494447055,personal,779.9012471314693,0
43,private_salaried,30673.970573372604,21.214703133965873,15.389073457673945,52.90738015163023,71.68772306204346,52.513560468034036,75.3949787498384,0.39808277869380637,education,684.4990832274578,0
45,private_salaried,71316.75079827521,29.735931702410202,9.185794135712577,94.82845224473058,80.66189801020485,63.01947454623894,75.53764082780836,3.297111398908705,home,734.1492251354013,0
53,self_employed,80310.87784371963,41.675263968521286,53.594994146552395,98.02247399213485,61.76798593639845,83.35058537382235,56.473822910196716,0.9440926902221938,education,800.2640786665494,0
64,self_employed,34960.51133171415,45.6899304819051,38.036950992831414,61.27876946912642,46.19548879701031,63.589608945451616,38.70291150089079,1.418256797311472,car,741.8771727779234,1
64,private_salaried,26972.213409425483,42.64252074236609,14.190653842208679,45.85452683601094,98.14995005235843,76.58997475201289,64.7158143001127,8.68457133130756,education,512.7819795658085,1
45,self_employed,44600.90270133994,37.41039301197357,34.86642853894656,89.71133796605143,67.17716397788985,34.836615812556445,42.843535858691155,1.3777149679315652,personal,605.6339978288848,0
57,self_employed,15983.387912186708,35.94364595892177,28.32335851079634,88.70138741864878,71.44089161811031,67.37556813605592,86.19244854253817,1.6448516630874348,personal,563.7477962994707,0
34,business,31739.232641600884,56.10627250283652,40.75100112928235,53.07622345368917,68.79366387173252,59.4187970756558,34.683549273652126,2.2201804578132296,car,590.1189793885121,0
23,private_salaried,29772.91136378469,37.193529185335414,46.825791785869455,88.36496247882705,82.35417089037827,100.0,69.57275255117047,4.344657679574149,home,548.8755207607104,0
47,private_salaried,80089.0899398422,29.86993597586411,93.71949749276219,100.0,54.250764398262255,87.8284684939672,58.410138643977064,0.49195921708205936,education,680.4698863201766,0
34,business,72191.48479895585,36.02424913907958,34.45729534761715,57.03797590400515,94.70844893068377,69.9747645945709,64.66068107632876,2.593136687406198,home,716.7725863232125,0
52,private_salaried,40847.65564104661,24.92733732887453,34.017545547548195,82.50272144351126,50.784177257702275,0.0,74.99252051209457,2.957788242948925,personal,760.7098356153397,0
35,self_employed,44038.70319559802,48.12306312963826,44.375504122270186,54.71823333634781,61.97171048895194,72.098598467853,68.36153850306887,1.0813373310800234,home,628.6135533199595,0
51,govt_salaried,77811.84675450633,57.540467995162956,9.362956852408551,100.0,71.86163561227744,47.13842798790036,63.40232229679634,1.6678674748240803,home,684.0785383655054,0
45,business,44407.32683610326,68.12375643495261,20.73535978750891,61.25909868089383,49.98765586608808,96.39455078482153,36.9519082921446,0.8461905558382978,education,570.5098588988574,0
47,private_salaried,37378.1077283102,0.0,0.3217520604605113,81.73445963193,86.55566884813356,100.0,88.49107315146604,1.9721698078486916,car,588.2363106420515,0
63,business,76497.58827328091,36.427244074882104,22.20023954926058,70.55510667461678,65.96433088568219,56.51647294509996,50.4142965777077,3.928383159503526,home,675.4692185535375,1
43,private_salaried,78152.66576787134,36.08540584862577,2.41581921839893,81.88000212610072,72.4520866229417,9.909567432032546,75.03738896636051,0.28952040506998866,home,599.9969615845117,0
24,private_salaried,49092.466548844975,18.64059503732291,77.99179516089045,100.0,97.4784280375233,75.6369659466223,57.271681408920806,2.0268422054495523,car,341.88978584794904,0
40,private_salaried,19404.351447420395,38.00637990483492,53.574889531550106,95.25322257400228,75.84073982601049,71.80922513959186,72.5544074747876,2.886556136113941,education,758.9570306743503,0
61,business,14607.78849560951,27.510368793200342,13.40783409790265,51.61577334404619,20.720080942482298,79.62218288441817,61.801372841504765,1.0851090550196203,personal,563.6401796989312,0
51,self_employed,30666.007555890043,40.35743878551906,17.081059928224423,80.42068505722489,36.59836953648376,22.53242923203544,76.13239573963844,5.613003081504017,education,667.8156417856267,0
63,self_employed,39580.18144666778,41.36877644070717,28.568246311485854,44.127389562526304,79.18573547885146,83.16828478172323,84.21548050350388,6.791427423804956,home,680.9850251272239,0
43,business,25485.714851881523,37.33487446507612,40.13154791698615,89.18059550636607,88.84729648308564,63.09698975886442,100.0,0.1,car,438.88555759513076,0
40,private_salaried,40001.774338227406,13.14240952368565,31.771442039343665,75.69538496188913,82.96353523339873,34.84829730472125,88.16890331291545,8.505315792046222,home,743.3949950310172,0
62,private_salaried,39502.7043255815,15.016331198548318,10.650013475682677,49.16385092665768,66.94535382301638,94.538440444294,58.70096946689559,1.9015997875496122,home,725.4962357909341,0
55,business,57338.78218401503,31.94174796530218,49.318342809711304,16.32458705541046,88.38632654254357,72.07358751782097,84.33455295434686,0.8147105856660288,car,667.0659122028788,0
24,govt_salaried,49814.31780006267,51.314104777984305,50.241277477251955,100.0,58.846355721837476,51.175751244177654,66.23166306182547,7.026313983677957,car,699.8796047046327,0
21,business,39949.92798830578,38.385064489447814,31.432712055730384,98.14981462404997,46.37884916031109,45.31937165499107,80.42554744432425,6.254040801395898,home,609.0342516623709,0
46,private_salaried,93283.21818213596,35.21479261695844,38.12754383985233,51.871194527371685,73.26986475784246,73.5621478690327,53.29523269749901,0.29726897798494295,personal,880.759214579419,0
62,private_salaried,10474.513347236478,58.15815741584003,53.66361544724422,84.08070191751261,97.92114826380492,44.23538539016157,85.51795097982931,0.9727069565053182,education,526.3656316896787,0
52,self_employed,51231.46531258546,66.60018410554683,42.38632600424566,82.16376997840987,46.85524389628516,71.27621865275076,71.51355076765685,12.427472994933877,personal,714.8393842771973,0
38,private_salaried,75204.64144302254,34.935772180780276,39.432831590077534,82.92659473135714,65.61267558248117,40.327569626257954,86.36793268643262,2.678906394543681,home,632.0256539455877,0
56,govt_salaried,47027.414660233466,40.5847084790003,33.076554656288394,92.4903534908274,41.66091627960094,73.59423356841526,53.35023272701091,0.38105846642192365,car,863.9144244104582,0
57,govt_salaried,64557.23553181729,17.930426308751418,12.234594600805334,99.16827448864932,32.538115352927754,38.24859285446337,82.71482264741985,2.308053308668833,personal,644.190408894552,0
37,private_salaried,83802.03904564506,39.152880606057984,64.12942955610903,57.691274481444054,41.28275480901445,76.87157317349254,91.13288396704795,5.902744269957186,personal,453.80660291609684,0
37,private_salaried,40805.81362824566,6.118004803066775,31.354813306153076,69.22342244442963,35.09966367041673,82.86188956437587,47.04825942631766,10.029477758225266,education,654.4631934344803,0
42,private_salaried,76173.77404628253,39.879367067910266,7.269186870280933,50.65211117328951,62.37058651143714,46.61090646519289,89.10570239306043,2.1254038403048723,education,687.0974032970232,0
60,govt_salaried,53581.57323589419,41.33818473957569,33.26726998689582,94.232794016738,29.549818935888545,87.94139760706085,83.61994673613559,2.4919064355320013,home,589.4441612979692,0
47,self_employed,52769.97506324938,44.336746090677636,49.13282914193443,64.88457556534789,58.91891863644324,81.97333093936015,72.65849403417798,0.3916759533001162,personal,563.9008410434114,0
47,self_employed,47463.2525777058,45.15735207129148,18.52657293760597,81.03374046483123,0.0,63.00713506988107,88.80393044760653,2.4611974552874236,car,696.4123883636953,0
46,private_salaried,35982.988839358855,38.103237946351854,61.61607831279724,68.21328311167879,75.6662949358108,36.29262345906221,41.12563260809891,1.8051381249917584,education,592.0639173578061,0
22,self_employed,34480.07747984563,45.324276627323485,18.3823467228974,100.0,34.99022239258275,47.35221393842758,80.99339626976099,8.955294572644517,car,625.9579410359484,0
38,govt_salaried,126339.26684599918,55.53326877964899,16.812606547275568,100.0,78.25092993058203,44.02855063503502,74.15349560968495,2.857268727653036,home,707.3194565714601,0
37,business,81825.82665627229,37.429825154843144,29.372589289455142,81.56777083106005,30.619555159550004,55.44910415329942,30.764583696491684,0.6072917695296511,personal,693.5744958002041,0
54,govt_salaried,34312.4992143632,59.831496213546785,18.130290074458447,65.59852560384088,29.660061237231673,42.99551240638282,70.60125926366493,0.1,personal,500.5411753857261,0
41,private_salaried,63049.56072260067,55.00942088433998,40.33166670856837,80.57148052876312,49.19843278504998,81.21786051509008,88.75990690182392,0.22701343196738274,personal,593.3219148771798,0
33,private_salaried,56034.14507991486,26.7702565678925,18.96287810913097,85.86076721496421,53.10408199386951,57.19758621157213,100.0,4.151104557965241,personal,730.5850320141785,0
50,business,24153.70294068572,29.156084441995286,49.63885426915061,87.4967760432408,66.15783578691193,42.2459599614102,86.26711904429911,7.6887776833626,home,624.40418804638,0
46,private_salaried,50627.8431480397,36.15779766223682,78.28661698400478,31.701308495622314,38.20750061428802,54.41674570738013,79.72932526142391,3.755495977948782,home,713.2005027603229,1
31,private_salaried,16246.34607005332,15.267401475597474,32.06790883980505,68.36578189215906,74.65593757836095,100.0,99.8110146358294,1.80895349844835,personal,619.9484801347614,0
33,self_employed,155937.2527845403,31.702666520286055,36.56184654754488,100.0,65.49792203914717,53.05807492213226,50.50415345900869,3.0126165235675613,personal,675.0889541092279,0
41,govt_salaried,27702.32435522971,48.58355593402716,34.001671779554876,88.04945090878732,72.0606875615342,52.78058418200956,94.57867652034017,5.358065945127965,education,518.4034989633417,0
36,private_salaried,86166.14488014793,22.74517178987184,15.039856379370878,94.54939317390355,25.40662995325604,45.30394398863835,77.3813739277115,0.11845373213482288,home,584.9734033517879,0
25,self_employed,54863.094150320554,50.66789644727211,37.9199182862528,100.0,70.52074863224665,52.64407453037944,60.057319522601276,3.563427511785977,home,637.1162559201078,0
57,private_salaried,83095.92614502502,42.90813748892632,26.89502709431192,73.16412010794039,25.711641869494272,74.39877760105719,76.72368118332186,0.1,education,625.2131692929505,0
57,private_salaried,35125.31601700595,25.720370269557073,0.0,80.83384034780195,70.5902154383347,84.37531204295664,73.32328365774687,0.9761388287579225,personal,571.9887493629614,0
46,private_salaried,57626.38881217454,69.75430844869337,49.56679436874909,68.35722940014999,44.38181984039864,51.7228612941597,91.19795317068787,0.8337627893542549,education,620.811977791237,0
50,private_salaried,65494.17893697095,41.36014837894976,63.69389141509008,83.52335159766638,72.6643944995265,76.35160901310415,36.6996673587698,0.1,home,734.6757480566156,0
41,business,75671.27497458993,35.72710125630136,35.848638899407995,72.05536554282145,39.26749963111556,29.359176894596793,75.43368036534163,2.0659365405813572,personal,663.6302654916102,0
55,private_salaried,51960.393227569395,55.091801238432936,41.378723241420126,91.06432540407877,77.97290983193227,45.325446216319165,63.18990266778688,0.591153204888666,home,823.1940238938341,0
41,self_employed,61569.3117305993,26.65921163780895,15.520659115017985,61.47368272845275,2.938200582433211,92.06870125815502,25.39739494170773,0.9845256572274301,car,618.340612351924,0
48,self_employed,68152.56531257243,39.131474337550685,10.965353605197912,77.75712924539576,59.66665298113166,67.49591134991779,24.002480967735842,0.6620931019745281,personal,692.5781741814072,0
35,self_employed,99890.7921902758,52.81258280768983,52.13140227528095,94.18534917345372,84.6175002067252,79.19651977054528,38.29198726121916,6.086768375311764,car,709.7173774236071,0
24,govt_salaried,62622.38701349615,37.85156092175812,23.89797450761663,76.1452422868069,67.83130724235616,24.79451464803377,71.49553693243108,0.7416075009960844,personal,497.6570725898305,1
41,private_salaried,62535.66526136209,37.76100115712497,25.850264577283404,87.4970749361826,69.37649495977413,66.84151290261197,87.7456407299091,3.515233479724142,personal,783.2598784682934,0
41,private_salaried,76134.53769623871,22.63385728316765,22.24434428383486,84.93238142558437,76.39239600257818,64.71124822856486,49.79779949075403,1.5726427053116019,car,779.635130974573,0
35,private_salaried,35943.0847779187,30.747524578312273,38.44290817324538,85.39165655370026,65.56399944831719,53.80241748844534,72.00695183502705,1.978024157758385,personal,605.0256572528514,0
41,business,92486.189559251,26.727088998475555,36.058789364696025,100.0,51.27793009947793,63.23690262259218,100.0,4.916173008503254,car,690.4748162133386,0
42,private_salaried,34182.80424293483,47.83787573363493,56.808978015820095,66.54271545666218,31.086883196701358,79.3393095446278,75.45671121688143,0.7634315343282315,car,635.3516561018885,0
27,self_employed,29784.27330335313,22.62153222782682,14.182077045559058,63.35086910666149,62.651990913271206,78.56847762272588,68.36911759210476,1.264477722553039,home,346.61058796235426,0
60,business,83737.05631347727,33.0132621921522,48.363102396208134,62.209084793056306,67.0148193098204,55.40644117673839,53.71495087838863,5.642107384227344,personal,677.8396671084784,0
61,private_salaried,56809.98420704353,62.84275459728461,41.259628173244764,54.87784217003383,89.4465686839601,87.10166089457572,29.253595454878713,6.455982974027238,personal,581.4933199736897,0
33,business,30486.176631007926,24.95885275571849,10.97773705630171,76.50839061670824,73.80759502018503,88.53345411408365,56.64033448533772,4.447907785773434,home,607.5459512734813,0
30,private_salaried,85031.52295607513,62.25358527280746,2.3997159588021404,100.0,87.46422622446072,41.488962088115706,79.27559364926014,0.5891688763169093,car,478.71500395099235,0
57,private_salaried,28567.772121120885,29.916250421874466,63.02354938977393,100.0,27.410426755411155,11.705286726646818,94.74715592854538,1.172064334686008,education,868.6895426149136,0
21,self_employed,31669.772423160888,39.12587102474456,26.305789401891094,90.07871209966912,3.5289438186833806,72.93345053081538,62.6810350554992,1.916430547352488,car,846.0369188484297,0
40,private_salaried,40957.45869789832,31.36603592997014,40.25926327233645,40.73490956773101,41.88961359703603,80.77592883505561,62.127112817944294,0.85122739434882,personal,900.0,0
35,self_employed,34438.103718555896,27.508637814020993,55.703153647257054,43.330281989119065,42.868631067576636,53.0596020578423,96.74078251810039,3.518136345455192,personal,800.0946434435464,0
64,private_salaried,85352.90233476716,33.42841982477699,24.730232724518928,100.0,38.63885666121732,77.58952994228954,68.83155378960278,1.493385979756723,home,429.01212602185274,0
57,private_salaried,39355.78593686008,45.60463196705899,39.99450974107194,74.08714293332409,55.5210370534443,74.86508352386063,69.42196953004279,1.9814727937098882,car,714.7467743740166,0
29,private_salaried,47738.7314817828,28.611869398523467,28.4670368171653,73.755661957288,88.44782731440975,80.12201474374656,65.76771576765447,12.026428680590328,home,426.1005345099052,0
21,private_salaried,66824.71966132346,34.161818682659245,36.82087941397204,83.76818771078523,7.628518687380989,68.4595562703982,74.91300254228668,0.11192841766626621,car,687.0965824801757,1
40,private_salaried,91589.54516455065,9.858452691311367,46.665185219330596,50.288599733814834,53.94006479250767,62.48109668233471,85.12836101340808,0.7289555480788512,home,722.9505381315973,1
55,self_employed,43719.95523645076,40.21018583929465,30.814563282705556,96.72983355359355,57.08962390541984,83.00780466518414,57.72868776104252,0.30164674857358664,car,737.897183508572,0
41,govt_salaried,54283.89128306468,41.46486828917582,69.89310123817378,44.50737360557916,24.86882088752604,16.16168874150354,53.16046941875797,0.6211069087365553,car,596.6999094363543,0
57,self_employed,99739.64939355377,21.728977437903907,38.02111513834543,63.536083850622276,83.91320214950235,61.72745091831961,63.00071168988238,0.9705486188177993,education,858.785546559614,0
22,private_salaried,131013.03752096096,52.19590513308708,39.10642135108008,64.23901701010028,87.24993092573216,67.21000785493104,57.033427173051436,3.941667263921399,personal,579.1297111175288,0
59,private_salaried,33962.180985828876,34.676644493993074,49.94948424064283,68.32980341583243,39.58856354671887,60.38556917453565,86.57233797812505,2.56345773812368,car,529.3165895218168,0
64,self_employed,43580.47084597663,44.541074967847074,0.0,54.29356296599941,16.927196538067626,53.44038094391522,90.75463798681123,4.3306088782884675,education,745.7917393557088,0
35,business,47512.26256228577,47.628723016555796,49.651292357352794,74.9496013067393,43.515044516758906,53.51264934108276,70.70856295835057,0.9353929776452172,home,740.9154287117053,0
55,govt_salaried,174220.85421380753,41.45230714242966,60.244827141468136,61.318328756798664,55.547182282784334,89.57351630873936,38.39115339268052,1.4824630701190196,education,621.9902212491226,0
47,private_salaried,85837.23072060509,36.869413622801005,49.51707303588155,67.75736886091335,16.000544927159872,54.75925294316649,67.52468249655807,1.7866516037426172,personal,661.8797669149757,0
36,business,45140.6391946602,36.675855954844515,23.98097041905889,65.45652062707295,72.6047186002993,60.31007681441238,86.53204548382989,1.0174360429127773,home,644.3853640723723,0
42,self_employed,41069.817312253675,24.87441482870798,58.949890331287264,76.73389142971068,73.57488527347878,95.58202013346495,92.35041097549214,2.0602420132906167,home,863.6929028405941,0
36,private_salaried,55724.795691079504,43.75594042282729,32.4400604957321,59.770888864722984,71.41265207938068,38.73455425495504,99.17638271712939,6.223841138252925,home,622.229832655401,0
60,govt_salaried,125211.5170216236,29.989203769147316,9.025166267790162,100.0,92.1537831285836,74.03400401951879,65.53203167315819,6.165700243547042,home,734.5929279788689,0
62,private_salaried,20058.94978001102,19.872037876210307,30.062842149782945,43.79133064389938,82.80372657016495,82.138105410102,58.50413545569366,3.6165550068761116,home,803.5536943013298,0
57,self_employed,10562.65518977511,27.415691211212174,36.60319520975107,95.7730857463947,5.195360841269661,59.23938521121558,97.6611479716321,8.050834453224185,home,701.436972092177,0
55,govt_salaried,185777.9172430941,63.11636670399866,37.50781943613477,62.83692896759181,57.92602588953158,69.87653853233529,45.13282524781292,1.2119874303057567,car,659.6049523058313,1
22,govt_salaried,33986.63570534658,45.165241676287245,47.13952184761338,100.0,24.969608896522768,33.85340007516583,68.64467975675406,3.5809952951488677,education,751.8566549277739,0
46,private_salaried,140619.88308832064,17.878964728062158,0.0,63.52040413113474,54.0767188068739,64.16958553416752,68.31589983114857,3.201989911653494,car,747.9087781843263,0
37,self_employed,39632.450683177754,32.516187477859454,23.04688742138488,84.22369051888288,58.07357578468087,63.94814218010314,63.432183249456514,0.27555327423226716,car,728.4637405570853,0
21,private_salaried,73855.35097022209,34.231905139967544,33.42282286911017,77.87902585754097,79.58383074565158,60.500041433775614,79.25839846855642,4.026805333037449,car,694.4692245874708,0
50,govt_salaried,35337.44655326116,67.15323142057949,41.21880891533291,66.40254531575815,27.493706929975886,63.00386577692139,84.90717949580537,4.055593303475493,personal,515.5024403740687,1
22,self_employed,24038.560570783055,32.29446135112172,36.00475377052209,66.91262363564631,45.37098819090316,56.65438540860645,34.30589249846004,0.801846471127463,personal,414.4959820744452,0
23,private_salaried,32639.30898775044,31.203059446924737,55.62117092819762,94.30598729427803,79.9704801812013,44.79350969242853,65.55435104277893,1.1615804536311485,home,491.5929720910649,0
34,private_salaried,106244.31051829566,53.36877112384566,31.4448734728117,91.28790058957708,12.091746738280584,70.56705712493866,63.90651326290398,8.304749804214604,personal,632.0677880688635,0
49,private_salaried,28610.537518951307,31.156080395134477,0.0,77.74498805765467,75.81795612357628,92.8428565250765,71.92839260688497,0.1,personal,483.9447762933088,0
21,private_salaried,56123.67457707972,37.98911618776334,54.33820318810545,66.40083456614536,68.46811300967623,70.61733038408526,72.27890901290608,0.16884146490142973,car,642.1154225233514,0
33,private_salaried,73784.10620124705,14.631724827597736,23.869505842049627,65.53149320566556,21.49219327697736,38.172836309515674,28.161166548460344,5.07680724498446,education,705.7475273198113,0
39,private_salaried,48219.2343418563,44.2350266621833,18.351830521846622,96.10819429784604,37.77779753748934,86.69996565707356,54.384080925070194,6.521518117171935,home,330.44815487445334,0
33,private_salaried,78340.09920752142,21.659449395393466,6.742001898352676,100.0,49.881299303588044,36.298151515961266,60.737440925850294,1.775289336684664,car,516.726376800159,0
41,self_employed,37336.00920177397,42.396296030719064,23.416277177061396,91.45684146432716,60.39156968715161,73.71366223849006,94.81931197477064,4.94384383206715,car,688.3787675136879,0
52,self_employed,19195.20076541696,27.14821355248315,60.86296150042543,80.2773204180589,45.133007283487416,70.56771390641765,92.24653648780526,0.4395671579280375,education,809.5222908888577,0
36,business,26136.92406890321,52.79273524207995,17.484985375447938,100.0,38.76472441676604,85.6166366315635,72.03466709614925,14.638163665918494,home,449.11579942909106,0
55,self_employed,101488.90296430262,59.64223695185029,33.41560892328571,69.16301256407219,79.70422224332557,70.03999020320376,81.1503814450623,3.341083035566361,education,750.3163909126732,0
25,business,24837.617179769397,17.559174996414757,20.062608515265325,70.21312973037595,21.676281878924115,77.74563204704313,61.23434555751183,1.5338005472758078,education,800.7164885296261,0
41,self_employed,29165.749316955877,54.94091880121992,29.566393106612956,53.68512303791735,24.238193937176906,61.45350052452082,62.9627419820929,3.1554326501413614,car,848.7587009364269,0
33,self_employed,74316.53096245354,32.700466988431224,0.0,75.21509317246549,25.705061607265936,24.46151308514917,64.505729193549,1.2334945313008627,home,662.2115297499184,0
42,govt_salaried,15670.05013073802,39.02074198768372,29.626263516528176,69.96060668906419,66.3568375061827,52.14357171361404,73.53506763980182,1.197756654947916,home,818.2651507403924,0
43,self_employed,157687.92916747046,23.687118218072833,23.79617638651388,76.06655931698877,54.46839869969632,81.69246364495656,80.44928234780191,5.731365530304703,education,607.7741391031458,0
53,business,71861.25470196594,0.0,63.93152907003571,74.59053596061419,23.560826753492087,83.4083860662705,65.83383686060594,0.1,education,606.2810742775275,0
61,private_salaried,33362.69432957446,19.607906336129624,49.71104270960445,50.03287044576622,35.06233548802479,67.02308589399128,99.17766574632506,0.211702302406031,personal,665.9479983830507,0
49,self_employed,75975.54423816441,26.367547935268117,28.62140054099951,46.552243242510755,46.65666846945599,68.51392999251485,69.49579819103107,2.1340064472379905,home,665.8897971864361,0
42,self_employed,18177.456697796802,31.09446166784152,7.044614946009837,51.40103858704864,84.84056963562941,43.469160228501885,43.52686535860026,8.735422326702258,home,696.7495506953812,0
21,self_employed,78850.76328698327,37.52601379187536,15.969724962602264,89.94852640128087,18.410243494881612,78.70762878318321,55.79851002103482,0.6454257552026237,car,774.7714747525738,0
24,self_employed,53815.6722893832,18.703218514271313,25.789957624314546,60.463332438568976,23.52108894648074,86.18498313655513,72.06903875420974,0.6303572101862799,education,584.401078570563,0
45,private_salaried,81089.78818181613,50.41479691040042,46.16616992252902,61.612558167094946,57.98340947565371,43.18031009527084,68.25445123333358,3.1368215308591525,car,792.7140144127571,1
48,private_salaried,67077.44802081368,31.390933747942626,49.92234426521564,99.52558118452494,76.26646319728948,43.92631449298727,64.43700145581559,3.0614929802214452,education,697.9542388860666,0
43,private_salaried,57718.64058783133,45.58764081537824,51.49612046638288,61.722570668475186,91.73168287593316,57.26092908751113,54.06176952576526,0.5383679040699995,car,775.6611986003596,0
44,private_salaried,25639.35227767581,40.531794394361086,51.830797725813184,100.0,42.70340522894587,56.74690158389144,100.0,4.636584529202784,car,812.3778609760798,0
64,private_salaried,66065.16541488313,63.302145976240666,13.756063408761413,100.0,51.091157764201206,61.61482455587231,77.79662653158576,4.2714220483586995,home,640.1064849021016,0
39,business,93808.00007868052,0.16030716660541344,36.4466787207675,96.53212961960911,11.118530008400924,72.32119184940818,83.15794787331834,3.2451679615562643,home,643.427996402134,0
48,private_salaried,118321.50606892233,12.582082597075573,51.622199199642225,84.18552322609611,87.54295082431719,46.03718012373997,99.53425514063653,1.4072191150634892,car,511.5240570932157,0
27,business,27402.999187565325,45.87102229050626,19.761337336966818,97.69445020540097,12.797219453915304,56.09473953828976,100.0,0.29305018904071356,car,558.714601516057,1
33,private_salaried,60208.74272634985,26.390980503886997,35.185801366133894,89.51847223296804,92.31524868660088,83.17778072738574,55.57118500339589,2.177127161680476,car,633.9148145688333,0
44,private_salaried,124037.12177753805,35.48639906280506,3.1163464054919885,75.60537342217238,24.657195025668745,82.27211013772575,80.49729983450257,0.6875666457546528,car,629.4907935830308,0
53,govt_salaried,58715.689223936046,39.27922926751241,41.44040959310428,51.52364005803152,13.103995886203805,53.226149506160155,77.91423064833907,0.942247737479393,home,742.1708518966675,0
57,govt_salaried,33606.77632796107,63.449061028608924,34.10802656009553,60.88029669002179,84.219222925278,66.10460872962223,63.03383209911988,0.5866575010575475,education,673.0842712445013,0
40,private_salaried,37718.65533503166,47.795906840774165,57.55849971033655,66.88526996735497,67.48536519847673,74.85046892412713,76.55637431631968,0.47037574632221907,education,647.2228530842059,0
60,private_salaried,25129.526499553533,21.84299092328863,56.93448415258568,88.76216048808539,41.15163290394394,79.58739590259502,87.75245926760793,1.5151476874553316,education,630.7202181950335,0
21,self_employed,79997.3225437956,37.25028059539856,15.161917533461203,100.0,44.81319067019233,62.89641166415153,59.2710592207257,0.9578271442462725,personal,674.2142128845144,0
26,private_salaried,109150.35097344274,60.585984936278166,14.524808556665274,76.57872690547053,71.09629798045457,52.917855318879155,100.0,2.1093966281985836,personal,652.593371774548,0
56,govt_salaried,32062.10803289498,28.253386547144284,19.419389471813354,90.949334809485,12.6893271517092,100.0,74.60778340816441,3.8964379954998973,car,500.17019730802826,0
30,business,19978.330417316636,21.44626045438113,32.26384877040282,60.89807886628864,43.088444137344446,51.65828159728403,100.0,1.5519122235959426,education,664.2626012529392,0
29,business,54004.77018022262,31.85236834986422,35.31815239647783,75.49071173501522,48.28135023740662,32.53564610100403,26.899861662005932,1.2787510335051104,home,649.8871782564657,0
35,self_employed,47305.97546044666,46.24933199231522,39.87939694273348,72.01179390137632,0.0,50.203008408635924,50.45593119496354,2.799522302339775,car,426.6330412168671,1
39,private_salaried,55539.75797625319,46.34078031127854,43.09996398365672,60.75762929134974,40.08388967762522,86.62573585320906,100.0,1.4821342610675496,education,659.6032506017056,0
59,private_salaried,19284.94700018642,35.42703410657616,54.58071650935034,62.13692005597777,24.335985502450864,61.283887798004436,68.7862913359616,1.5635111690385126,home,540.961726170145,0
31,business,26609.58149353879,42.283908800660036,17.569788113336855,100.0,69.04277569796108,85.9540313775522,77.3032126495034,0.7079199032665449,education,672.7663035447548,0
36,self_employed,55540.51502875771,28.53584299272159,21.059370612702768,80.696793907109,83.5240733091352,74.03324946568388,63.6097510016193,4.733012279478459,car,711.7833415922192,0
40,govt_salaried,34392.920875862575,46.9587844781005,4.218901568590631,99.56655421088922,39.074359753178484,40.64657244787032,83.90538454177495,0.39435231645368213,education,531.5388854168028,0
35,private_salaried,51938.229395267386,20.51192548617355,43.53078580053086,100.0,51.28611462748544,67.6030212397117,100.0,2.8175414523083733,car,507.4878659147184,0
29,self_employed,24235.319523791033,51.41859936830851,57.656844234257896,97.10627802986576,56.11255205798091,50.67610972773347,73.82724508223222,3.243320946563582,education,692.3720931188026,0
28,private_salaried,33135.007194111015,46.77883039357321,12.013908452196766,95.62831812868015,63.04587975056926,49.372846087661074,83.8271276216105,1.090661230803309,car,579.1565969833603,0
38,private_salaried,42902.09440020889,44.169302161092745,40.01723518744703,49.161168287446664,33.44757390638019,50.205953529413605,53.49603735693345,0.3623717871443832,personal,627.3815768289405,0
32,private_salaried,72357.64496397438,26.841004286743022,24.995343672513044,52.5297055910721,81.95966919265264,68.26041826465551,33.811589463765806,2.1659995298241324,education,475.5894365914186,0
40,private_salaried,40896.459895231244,31.139570166357675,53.996805444699795,59.156967533453525,36.63476327962796,55.893330220274684,86.6751694683339,1.0333513790092035,personal,736.473265841472,0
21,business,43261.98867416549,40.985977809416,27.075696854444757,86.55261450691948,36.30453757703195,84.78019448968195,85.13025840572776,0.6467087533331106,home,581.2566832314267,0
26,private_salaried,52466.0133430373,51.79085364598042,28.326007287130196,44.32737050979759,45.95293609572101,89.29134278306199,73.3968979520877,1.4192731825311418,home,571.8144107628541,0
37,self_employed,58982.11886926339,22.9398050306863,21.81401926299099,70.27690864285547,34.90154058182091,80.95703650956601,43.03931496909941,0.8257031759110202,personal,661.9075548057288,0
32,business,65496.36109493894,45.153323067210735,32.81367485527918,75.27305824150113,61.29134672466384,83.53999257468337,56.485639951689365,0.43383292666971945,personal,606.2379244488535,0
63,self_employed,36307.38769104461,40.59150836414603,16.869844381344592,60.49319918370486,88.62399165435372,52.73248743053627,89.09333632058774,0.1,car,800.6387827437127,0
55,private_salaried,65935.26164214758,36.81550817754113,30.88696176293227,82.21160031772604,89.92358640582053,81.34969961540638,79.78479550824713,1.940471697394286,personal,628.081862091747,0
21,business,33803.512573043074,28.751305238958835,63.617569050461924,73.60919549023977,100.0,51.648649989279356,59.8772348789597,5.123398364285659,home,481.35961770052427,0
47,business,50885.88317286812,21.49669214226264,27.827466699146896,84.70916279817439,34.32954038869245,71.84534106485708,87.98942524338047,6.603023105925311,personal,719.1431300394106,0
31,private_salaried,42820.91126184796,27.44228506163325,10.092390146296047,86.7353714552213,70.64156008340086,69.36411946055578,61.33029434453553,3.903609891996201,personal,666.2145783003101,0
22,private_salaried,36881.645877024974,10.967611129111134,40.083771579748,100.0,49.27323391916243,52.155330119158734,68.7841371906275,2.928192250442776,education,900.0,0
23,private_salaried,29937.783975332743,22.377541957404016,68.88861853802447,72.92079280621749,35.76426608417373,37.746364894878326,72.79394659234013,3.085416864827499,car,600.5597208339293,0
49,self_employed,61804.420983261116,29.428490620551283,38.52099374504557,54.18515951210301,53.657958406169556,87.10669379061852,100.0,0.1251638936225025,car,658.3736842658262,0
42,private_salaried,116666.41785131734,25.89270550546433,35.49727265506488,98.7354380797068,2.1308775886953057,59.933325170265114,90.1763071008779,3.141211147914481,home,575.95402542077,0
55,private_salaried,16936.21571954432,54.41949955610194,47.05001939617736,93.58257725063115,32.9676566577498,76.63987608834347,79.78729970550876,0.9381264209481313,education,635.6743157736514,0
48,private_salaried,27353.864710368653,30.64242259191844,55.96729771270846,82.10095342910186,96.9875460637298,58.990068687497185,60.20066095054926,0.6599340511318773,home,561.8653411034204,0
39,self_employed,59996.620967727824,46.16413739919095,34.21480632249502,95.29695456294162,31.364303396391485,47.47994219592594,84.52318243151126,5.838380935260274,home,575.5958879633365,0
43,self_employed,44602.88454730474,34.92647784604287,15.757298884342646,100.0,37.70762941809238,59.604136395854454,56.21003379586088,6.847672085453839,car,566.2410055354078,0
53,private_salaried,97222.26920007056,34.905623074249036,7.659894432102359,98.66522638847842,42.350897725530054,55.950763771299904,31.07702278170936,3.1939187323558444,education,572.6397220505443,0
53,private_salaried,50756.80805729576,38.018194562897186,52.91278282326125,74.26519388868172,35.705224774939126,63.015990016610736,63.15479470187158,0.1,home,712.8373484043054,0
30,private_salaried,44742.871950681074,43.503497278081916,20.222849973816125,68.68006710233377,43.40204899195349,69.74445928068249,42.57434219483456,5.1625469685996785,car,750.6095726091602,0
37,private_salaried,57445.404054469494,19.70478232758331,47.46613909650892,50.24714441558665,39.389538099608735,54.79627004167986,100.0,2.713623783708812,home,821.4450988859196,0
37,govt_salaried,43534.17046390984,62.56876421957076,43.95073541459544,95.60294923596085,14.754303831011832,79.4375164981129,48.91333831939281,3.954569143347482,home,676.8650814162683,0
58,self_employed,44690.20505947779,6.109803997390827,16.2943402514293,88.60485864324247,63.367842760426974,98.24869876667283,72.53206364889806,0.1727754232700457,car,542.8634868585175,0
57,private_salaried,23383.315576648114,16.09259334921091,38.254265095835954,89.52887866358395,68.79684262965618,91.80777047427694,75.01461326293104,0.3430353804873676,home,710.3182181123985,0
46,private_salaried,60822.56961572004,0.0,74.23097446488018,40.58432484711742,77.41152300425607,79.81575986543861,47.38920693637742,1.2651053140819313,home,717.135040252047,0
49,private_salaried,20385.203014726918,27.083190025841912,29.432893675616107,44.70213001847406,64.6141713485517,59.78215461026403,71.22195270578197,12.640445224811403,personal,364.6088454938,0
62,self_employed,32789.57928852507,37.47560954806609,38.17099306319285,98.5090802467827,14.859164923430306,63.47902184605915,54.79475200593041,3.247684655165398,personal,754.371446981155,0
63,private_salaried,86926.16751574377,15.861935001471139,34.33050379346188,88.50328801976588,0.0,91.45485663759573,72.62224392356869,1.8210785217108836,education,734.7129619702295,0
33,self_employed,39854.77025925569,21.12961654214702,69.35160410088636,87.7872568697326,100.0,55.64780933165545,55.50651576635391,1.3739311703102788,home,632.860803368582,0
60,private_salaried,40605.963299226714,32.940633981344504,31.397947972972844,74.84870680650701,78.5879204538177,100.0,53.191304746605866,0.35796312169384936,home,855.1148804821337,0
30,self_employed,22134.08590339448,13.23935817776037,47.53231598463756,100.0,48.00223704001132,55.61203681608392,36.017773479003516,1.4227878241805725,personal,614.2048641847556,0
60,private_salaried,89154.89187157022,23.356493007755645,43.157877075788114,91.20389212248693,56.96052727762897,66.97905532288054,48.04096799353257,2.8457940178152787,home,611.1690714462762,0
64,private_salaried,45406.14645118008,40.682222213462815,36.76220322627136,42.576593253930064,82.58862668811435,67.07082822622907,89.41388029948311,8.85178588284135,home,573.3618421896031,0
56,private_salaried,30199.720337805073,50.06783262186422,53.399532848348954,58.99918639039825,52.10550971422138,54.535789087013754,72.85923300013926,1.20479580495999,education,684.3533867698261,1
32,govt_salaried,161590.78979395638,64.03018046970391,58.31825243492601,84.68442318038065,74.38664052499001,80.56369751087657,100.0,1.689819313764953,personal,590.8985731321723,0
25,business,39262.95579848175,26.710415315484966,63.74471868317211,58.258328614129226,91.71641034402482,84.26340435720417,100.0,1.8586814256589501,education,643.4778470719757,0
40,business,59759.448758816194,37.90701762818815,26.31138878485032,90.19344173444698,83.76531342323959,37.032702031137894,100.0,3.9605017886996907,personal,844.941071497073,0
40,business,73798.06293388347,63.39554218105281,0.899824545230814,98.55295968985986,50.747048119219365,46.159733397628656,40.89610008412953,0.45027565773817935,education,567.0166405667972,0
62,private_salaried,41560.71763941232,50.63010491540401,30.046370838069983,88.02954493415022,59.24990103680436,66.22329766313315,100.0,0.8771717643934417,home,533.8242788897159,0
55,business,56336.7092841649,32.06595856358359,41.58313101686442,100.0,25.942708794979808,46.59687371803565,70.82194703820899,12.667232540573643,home,703.5999898628218,0
27,business,59819.64477934935,4.0360659133186765,14.276565568244326,100.0,55.23303344490167,50.09311409900425,69.0837791136384,1.0694772876065703,personal,642.4045689361042,0
50,self_employed,45683.941139208284,26.07865124407877,24.202651394156298,74.3712194840416,52.95043405702359,99.34165312286333,66.28935878430606,0.9850570246012714,education,397.89637519325345,0
46,self_employed,35805.2838112506,32.037070935631775,61.689647014870076,52.6560466851911,100.0,50.10254429447452,46.40965086718977,1.5460385566874235,education,665.8770824826241,0
56,private_salaried,50433.513550793126,24.22950376741589,23.00556308137238,72.03154705681601,26.752797802431225,64.10627197119621,62.22509412656997,11.14288689725685,personal,702.6651198276252,0
43,private_salaried,156166.32166597884,18.708354705115624,60.71000992968827,76.09312241825397,39.926054777964545,38.58716680940387,72.79363930570464,1.2859021034261489,education,824.4076526977611,0
50,business,46107.49387488034,11.41586330413132,36.97774431710367,100.0,54.07647033831254,10.170211410452467,77.76429983182146,0.8447720831179811,personal,696.7453318795551,0
46,business,21171.176890883544,49.62660714933213,20.3523450880984,56.85007238528016,54.109035976708284,52.11594003360123,72.00097255555491,1.1627569671716145,car,625.6735964675995,0
39,business,23233.17102497305,35.40406681448479,16.487148294957514,53.03511931876358,59.56928753234229,63.82940855246936,87.05014582336068,0.38614498478463555,personal,669.2733562586202,0
31,business,48454.76890975837,37.39315359554669,27.76928090216137,66.68625683243673,57.459993244301735,24.819476313809467,62.58322381250542,0.9196786483104349,home,565.2593413167306,0
61,private_salaried,19359.479848366722,38.469891415148155,56.008407941840524,100.0,9.286235668261376,46.32172884711508,63.785872025429605,3.629801719285333,home,796.2329809201397,0
38,private_salaried,82232.19549900769,42.5399818275928,49.2646662835884,70.70696130833755,63.779050195374126,25.00687480756605,48.59253713284791,0.618062467445647,home,793.3108885279424,0
22,private_salaried,47123.95088488166,28.183497810958272,60.04003825883436,63.744456199461986,48.359818917794485,50.33591110814791,55.87442151247366,3.385530527662515,personal,458.6208974119015,0
42,self_employed,36403.34609353447,4.137844512434718,72.07597122049592,86.49661500097281,70.84246288406275,55.142643546561914,51.38491299500239,9.219656188821046,education,743.1836728685345,0
55,private_salaried,69196.3113134776,19.92638920579816,21.937599980211694,71.52510939045546,0.0,62.246396202450036,54.34363472856822,1.9095678700476217,car,718.6502819065308,0
55,govt_salaried,167601.12629894467,44.34651786214758,18.07855573411855,99.78864373396567,93.71020782526372,76.97363393307359,54.360871104927504,0.17526210815187365,car,773.957641130527,0
28,private_salaried,89462.76462344258,42.860860286691924,63.205316819365166,100.0,55.67536564420501,56.80653450560771,53.58658428089193,1.1712659462534223,car,641.90852043887,0
64,private_salaried,31858.165575475185,23.894883678254036,13.60903115061829,100.0,95.16010853691645,50.41774201559653,53.81718277381232,2.194793748564148,personal,724.708558597047,0
52,business,20843.112250158898,27.22346552183744,23.402896370733433,53.43271672410269,67.06662565103267,51.63701616966527,89.37489242334503,0.3625516247556514,car,601.1987890437409,0
60,business,42697.464130122484,56.173200582386535,45.165346429266975,100.0,86.47612510159763,47.25674823274291,89.79901708800216,2.405545600235692,education,833.0363950489509,0
60,govt_salaried,33291.847689393,10.028164978508556,61.85590630843411,69.33414081164575,87.28326822662399,40.37000845556801,91.65249842004421,0.587573443750264,education,720.4748475444759,0
42,business,61068.716517045985,37.919428668761164,19.154480916570577,66.75895460430156,100.0,100.0,100.0,8.879733856619069,education,707.3868728195148,0
21,private_salaried,37245.974744654275,46.194175849030906,15.787736471743479,92.86111853422074,49.03457428723487,21.939811227117573,75.74201274802519,0.7314891495874208,education,727.6109337721203,0
50,private_salaried,48188.30281729512,33.76504174974192,0.0,100.0,30.415581926283004,45.95203229739054,63.42893496419405,0.1,personal,636.9998183156847,0
25,business,140559.95382921415,38.471923737481596,41.19459006174017,36.34531714862123,48.75203787901178,88.24522221142314,100.0,2.355788312965115,education,752.2909280947632,0
61,private_salaried,24255.397532243824,30.22149997908751,34.31373338500382,96.39383363479216,28.070829346036803,78.26766097694771,70.37555446775895,0.8526262390518702,personal,682.7352063543176,0
46,self_employed,34203.063513131834,31.85707427724417,23.19948061818357,91.46589988710662,86.52379213702318,54.34296918279631,47.339868684372064,0.7644230155795134,home,750.9993405985008,0
57,private_salaried,18594.108185662353,17.96833708494315,47.84948893145237,49.569118557464655,46.49325805114575,100.0,69.0165173994582,2.3775988952483584,car,691.1037187675512,0
50,govt_salaried,92382.80704026304,49.653649001247594,39.21311380063024,62.911444640710144,41.52532529062228,50.07304213206239,86.59467761974739,0.5329343745245361,personal,437.6773075036035,0
26,private_salaried,66521.033396791,35.69373593098252,30.763078889224722,69.39320585314839,47.48153351166587,59.52852912977953,58.205894109775414,2.6598282111784792,personal,637.5980267499767,0
41,business,35399.626234783835,1.1537915247498205,46.563966155741724,50.472394564870264,43.52791310235573,8.406353921850709,81.3132342113035,0.789501964424406,car,768.3960524091506,0
40,private_salaried,50565.71883798017,44.723698150511126,38.48402684718142,67.12298927753754,56.02882816007911,63.49015257107327,85.17071480210195,3.293829540170688,education,800.60122602362,0
40,business,20361.614634905174,42.785254709610186,35.06385696786106,74.03870312452372,32.99088216583513,68.4392564571687,58.441689480551446,0.2049429058523766,education,576.4106626292802,0
43,private_salaried,55865.49755222764,28.782256737985243,57.53035787371407,55.522676926134864,50.32571217956796,36.90469556665998,63.062512162198125,3.664394927598049,home,448.4437402752044,0
29,private_salaried,69165.09098873756,57.952580828307816,63.71354207599593,77.45110313901543,42.10914914799182,92.37246845397021,56.1099367723038,4.127025986545466,personal,629.5997250135629,0
30,private_salaried,63594.38109878331,34.407251866526586,15.131328017337687,60.51120479793448,62.236276821266465,36.53326410237227,72.614877180365,0.9035839071322583,personal,714.9261180873996,0
28,self_employed,102962.49627041958,30.078360674596382,34.048055097629856,80.40927017461114,55.54953881609006,70.62330285789234,68.18506485321754,0.2528838370682487,education,527.6317830491982,0
49,business,88113.74412481117,33.47539216337718,28.46553236562822,89.75915162342692,84.1719847748923,66.66880020183622,100.0,0.6496264796916582,home,735.2701005202618,0
56,private_salaried,19862.49583354185,55.17700072771625,40.720623871357496,84.08736113944089,47.25201372342102,52.197009246158935,81.40613059749165,3.2337956230783083,car,363.13306339757094,0
63,business,83326.41873817866,39.27328849572976,36.172078790514384,97.57813191754445,86.71951471034605,37.268798824380035,53.66787625720833,1.1862708021072803,home,637.3288448853586,0
25,private_salaried,31058.50866579063,40.82252050150913,76.00793302223019,65.76973729490183,64.61876334417008,100.0,58.29586206192798,0.2821846815158264,education,823.2399530760957,0
48,business,30708.7027317878,47.608515466875076,38.59332077743175,94.05637554446909,26.308434301306285,72.37648824497323,85.46683389289417,1.6779414921752132,education,599.1947011717116,0
24,govt_salaried,52818.55701634909,28.573573478666347,9.33829127247115,66.37640559300854,43.28805873170219,73.92893566609555,67.89996994191758,3.6123896290566853,personal,801.704170830991,0
40,private_salaried,65393.491150963404,0.0,66.85704128743974,78.41132053540252,89.00737482374775,47.28059835051742,80.07719868344981,1.2164910322345288,car,660.2235115964945,0
64,business,35635.06926683027,31.52436764276861,78.24186390203826,70.18803284978098,74.95526019508961,69.1893166234936,98.77474804960947,1.2890719564794664,education,639.5967015697547,0
42,private_salaried,51946.90276645253,44.819610911833664,33.76256044367972,100.0,58.62778972828699,89.94821825276776,66.73716132006525,1.6188782763182195,education,510.8555135377497,0
34,private_salaried,18668.319086791154,54.300159916765224,23.153522907122728,46.47199948866933,81.48066773090652,54.89112349115598,100.0,1.0149575593043203,personal,759.4537732526791,0
62,private_salaried,50798.174543076064,21.4379173534778,24.229470928630427,100.0,51.87062699262844,100.0,35.18641127025233,1.2055691560893251,car,587.3443776529102,0
42,self_employed,75653.85696107264,1.5830066399512717,64.55385746064306,69.28470567927288,27.09274574247152,70.49861562140174,74.08890341046349,3.0314961628871355,car,744.0129704754318,0
24,self_employed,108324.57075383687,50.836973576998574,28.51855632396436,44.179338617990744,90.12638964007235,92.41391977809951,56.56047693293009,3.6778460940633413,personal,760.5426845389472,0
24,private_salaried,72372.22870543547,23.49332017897239,16.902254518215333,79.40751611675219,17.647888192451333,71.97410693854746,79.39370170016983,3.968096134212203,home,707.8447756663579,0
62,self_employed,51092.057860174806,28.522828042156775,12.82425532622839,63.83544541310507,27.837292960152972,83.24932280368272,64.89719430811309,2.0252173027195894,home,712.5982137174194,0
33,business,58310.24792787946,24.477264281820695,28.81324188484836,100.0,46.37823725500506,31.747252686594145,63.075272815386754,0.1,home,714.9899518399294,0
26,self_employed,80750.50968190262,53.851558962100015,29.038317933636822,64.6623472783176,26.595644086862208,61.09318007082815,68.31664806681778,4.274138697880112,education,632.7678062795421,0
23,private_salaried,61348.548205424944,47.40116454659439,19.024272696582074,93.66441031160565,39.71585881589175,93.78160722252025,73.32487589958583,0.8069949709130344,home,797.4161010842611,0
45,private_salaried,60075.167091003656,44.926677193689336,45.33391068252571,49.24941651881582,24.937198975727988,61.304265825038804,34.21456102902323,0.2529900097664687,education,681.3076503268544,0
28,govt_salaried,72030.38852349183,31.049154682817928,29.003976047013595,69.5787798379476,88.97635390619745,83.97108599308483,57.13728415943258,1.1332000212672144,home,836.4850960242297,0
24,self_employed,89248.91165300384,49.71721739240451,5.637237467674794,98.93305069878956,0.0,77.24553977613495,84.04100967720032,0.2133477051204283,education,852.2200558457372,0
30,self_employed,21270.5706660031,60.45667220709697,26.030495380221687,75.44379877213375,89.08264502345695,80.38136794678911,66.26442391842798,0.6561847232303069,education,652.8040760702714,0
42,private_salaried,41688.61273424191,29.51583021508896,20.311199998285716,89.17936479473995,57.12633052058719,70.86311111999386,49.60526905316662,5.580463690811737,education,733.4848899127817,0
62,business,113883.31102673955,7.697761774315417,57.75506084582003,48.59084459831834,80.92688233066428,63.54386334159763,37.86563331557335,0.6088562164119439,personal,791.851849359834,0
48,self_employed,85305.24799204557,27.263937908548876,14.176304296514108,88.21696267756863,53.94124609918827,75.40334177458693,67.7220628255758,2.703043036095533,car,788.7983851459746,0
23,private_salaried,44758.48739758281,61.14179227068793,30.979685822835464,100.0,74.41988204581523,59.29073306217434,98.23516270285735,1.8357886293608017,education,710.6757261503735,0
56,private_salaried,61126.86599452365,26.432379120673424,9.630557010912,69.98655307830363,61.254210090841546,68.11946988909085,72.99625081734037,1.633091422136563,personal,730.8561883849095,0
57,self_employed,71127.03172801042,48.48253480075906,30.93003294337219,76.06609640043789,36.46140751128601,72.7648916088057,52.590986689438665,3.9286156570475366,personal,614.7135003296561,0
41,private_salaried,45211.69190461387,25.789368154216454,25.13133872019042,30.563585886003153,59.39059881622707,65.430147235702,86.86143908693906,5.649550201615545,home,716.3717106544468,0
51,govt_salaried,65128.78234278813,26.830912688514836,38.805845579842384,69.13482906408652,37.64893759147557,52.01736792334741,26.017387126816914,1.0355443492648058,personal,769.8634592393857,0
45,self_employed,55573.444480459606,8.440157425044628,64.17655093357001,100.0,24.222673518355755,71.51366187675453,68.53171545215062,1.3944531055609164,education,624.6609223909828,0
45,private_salaried,163688.32756847984,34.585380535946776,21.149100876221198,74.49573906005048,51.467527604860784,61.33230032454177,83.5417752068077,0.2443333047594765,personal,663.3375498713335,0
63,business,54220.733274240985,18.091370024182766,33.84658585630892,78.50504614829799,68.35784058026843,71.75561811120136,63.32912279026421,0.9308666968481033,personal,684.16683645035,0
29,private_salaried,134707.02218545173,43.99251178974722,54.96242681388945,100.0,63.25345997547552,59.336605842475876,88.77150732818423,3.6660529658516654,home,650.0394468401757,0
34,private_salaried,46569.269814278894,53.31203896610387,36.03454022725061,77.67567530615204,55.6047873884128,72.21148304642965,64.82261689285005,9.84166567255172,education,483.3088755019264,0
28,self_employed,29875.284702532706,28.12208536376106,49.12506747189704,43.17748055963452,72.15201096499928,71.50796321980665,56.186242883135264,0.38578625743387274,car,798.157029466014,0
58,private_salaried,44582.624218211495,58.40252894248386,58.22550314275738,80.9738728308269,96.85537428021166,71.19329226092782,71.3247256588725,1.9210107845396873,home,826.4198301859858,0
58,govt_salaried,23820.284387759017,23.817269680423706,33.561953153959756,44.79365999000486,93.83531935287857,97.06827830098742,71.46621367576324,0.6314082471601062,education,665.2862119792397,0
38,private_salaried,50174.18460132207,26.909125985033302,3.469171517077065,68.87121709357719,28.873118013653606,73.56016886348847,88.56547912926213,1.5423722794737782,personal,564.5508662820816,0
40,private_salaried,51830.932813210384,37.14947459419238,39.86380485354982,99.83077099643639,29.165502248927762,48.603151630943756,57.10384455512383,5.09638561520203,education,632.3061310663373,0
59,self_employed,76218.27410548933,0.0,51.637954972068925,55.09870244452397,43.73190692184301,93.68011658864623,83.15190507253648,2.7753934078617104,education,568.7974025907383,0
38,private_salaried,77334.84994960744,40.612614268733864,45.06867251941506,100.0,78.63145289801302,84.9995999898177,59.46192849668877,1.5673949306719877,home,590.224740774189,0
62,private_salaried,20545.837040763763,30.809887241670435,42.45584553556623,55.48897072777255,77.62649786153291,82.44740038738297,61.37518073441803,0.9681585191306763,personal,900.0,0
52,private_salaried,25603.523519422768,71.90440276776306,7.13977962633534,78.92833689500144,78.94881391000483,80.31363828376051,100.0,2.785314228441832,education,662.2645411304545,0
22,self_employed,47565.75553167169,27.346704891923448,72.58270462862805,67.64566941237577,81.77887930279172,55.14656832861806,44.518967434226575,0.630017387529715,personal,497.4498716876254,0
35,private_salaried,31310.0414532278,38.109005143158505,0.0,91.88156504961802,22.626539386255764,41.651651283435385,41.11989286499967,3.8153206075993262,car,704.3661879514307,0
24,private_salaried,27303.82609222301,23.490911414600262,80.57034631911998,70.71222136046444,56.187865869032215,45.791661591815426,100.0,0.6691628831947988,personal,710.039984878475,0
44,self_employed,39232.517013147924,30.2617849272593,32.14905524277184,77.36162199797579,54.21212352048819,67.95533898932949,51.29710003222663,0.1,education,534.264176790444,0
63,govt_salaried,51098.94345275191,41.33177172356693,52.96692250151058,100.0,62.13715406720133,43.61195225529006,64.61778394939398,2.103904152600398,personal,529.481793874039,0
52,self_employed,30074.378399151832,38.764147898549886,42.32111830921583,43.050915633417546,53.15169086857724,47.3769387530748,75.6271307507674,0.3402457758317422,home,518.5952533114983,0
49,business,42895.841111556234,60.14032188139895,34.400907077469405,81.63347923270555,56.05624011067088,56.91692188585355,70.73012444771041,2.0451492853333866,car,414.56397791860206,0
34,self_employed,61911.98299471173,44.6485312782884,42.797303161314346,84.5660078450938,55.840042683838895,72.67288769939283,67.6109119748733,0.1,home,585.8994390382677,0
48,private_salaried,46901.14946022904,6.116569733446958,65.71292070041744,53.13254627305781,56.80320646189452,71.4358144487335,60.90356898893647,2.4708933221414093,home,679.3410546866191,0
64,private_salaried,70431.22660885296,24.241904542978126,7.137078319064457,53.69833234700124,33.80224218227773,67.22906394430545,100.0,1.6894205278773644,home,550.6708855158464,0
37,self_employed,34508.75085483044,57.54091521198928,5.4825780579717645,78.81759871837416,51.7219884187582,58.13547862590649,77.07027968896851,2.5353491507877424,personal,672.7471832610411,0
39,business,38326.793209307056,25.10859669175528,35.08002520473191,60.7122688059196,35.490584881728736,58.27699994564497,67.61153678528315,5.881873890770526,education,775.2444218376451,0
38,business,82880.79942498247,36.18767694462459,46.74226897311283,52.80939285888164,10.87197286951924,55.47044317691889,41.484122585061684,6.035251580615353,car,395.9621886982029,0
23,self_employed,78655.86086158406,13.355154068563156,40.773312330919204,100.0,43.20051405506569,77.21692911751659,100.0,0.1,car,591.6553504145885,0
60,private_salaried,64993.695358617726,67.58657932338242,20.775663331040626,100.0,58.29890368490615,25.6548867239838,100.0,0.7846023886861276,personal,594.3651374468002,0
30,private_salaried,31172.49681273917,43.50166203223316,24.064837039758924,46.2569242037758,23.097358157344274,72.43259276066081,72.21381141093771,9.346183461668058,education,652.7098190142475,0
55,self_employed,161431.74332709875,56.358255352341004,29.041491820860127,91.09677682342968,49.61997847954128,36.2720918170972,69.83921489756777,5.845740668755575,home,473.9448404409786,1
32,self_employed,64094.279517959585,46.98410593097582,38.17116371458671,32.28886342935341,46.2428365151495,54.65657446087734,72.94918480795093,3.496555557656584,home,581.6346019215302,0
44,private_salaried,50626.35358910661,51.107627419274024,2.9271253825480983,61.557700975249176,53.78814555723817,46.37202001988096,71.74760625105924,2.753255521548956,education,726.8329938216082,0
25,business,70343.47895363308,57.2230249569259,18.640865149002572,54.56511641758944,66.66857252114191,71.4804649682323,30.470803637023437,4.685304055590923,education,654.8468152134253,0
50,govt_salaried,126566.94689609668,24.504532905277056,49.220594417813324,57.21940578154921,52.60252307103993,48.595350520115964,46.619685028841964,0.19178800611554825,home,755.99497648739,0
48,private_salaried,36286.75255388155,39.29740920216508,43.88222781249169,87.6606858061117,59.93128235201037,44.24749229461402,74.20782452828169,0.48658604962772134,car,633.1996281522233,0
38,private_salaried,47348.87565159233,61.7475707631554,33.689521397358774,78.89824745335164,55.41551686015149,43.74705879007867,69.57078151185983,0.786574905103989,education,521.7988404132334,0
36,private_salaried,29477.205534136578,43.28012465473668,46.38603335778764,8.302145787483411,38.84106157126591,36.74422844417447,78.0061218630964,1.8665999928938164,education,672.6432665853066,1
39,self_employed,70223.03778627237,14.968020598278219,60.188036059842474,89.48004510000031,52.07027414838654,24.499273709805117,89.07189901325034,2.253160819764394,car,578.9400404019946,0
61,private_salaried,39961.263726106095,25.12666634374717,51.28645702815554,71.02768554243072,29.93645094987677,65.02321973441745,83.83410227215975,2.5214203661065095,personal,723.5937226611594,0
58,business,73650.42059876461,48.33611586005018,31.988222105234588,62.03674265422204,49.13592407042584,51.0295873250612,90.06729921167805,0.8314814958799043,education,672.3999768711749,0
60,private_salaried,45978.804281413395,24.914578909817195,7.2432689255551885,66.51040134684378,30.137514661854993,72.70048747691577,60.88982907521991,0.21051761820730427,education,622.1736313499586,0
35,self_employed,34800.81966767933,21.161073295694038,7.138887756103859,96.02799288509965,68.1113119000345,56.783918619649086,82.12512681135695,8.6014059963291,home,517.4762264770669,0
32,private_salaried,29942.27868670937,43.59538828667881,32.281114657390006,97.79497948230426,75.06981561314629,87.37357026388618,85.6755512188368,0.46865364310633156,education,761.7854103023902,0
64,private_salaried,31437.31261643394,26.377848822622184,5.71103450061559,92.67886241857454,28.527179549718035,81.26553879095422,96.5348350866335,3.9124771238980234,education,558.0616205086405,0
47,govt_salaried,42511.310701231065,28.452672120282102,19.003984851289736,83.81915559045947,36.48439739777979,100.0,81.23424133620875,7.960794342198224,home,826.3874806031508,0
57,self_employed,71706.17335867744,14.92701745917718,80.87238370492852,91.39802322630939,31.50314940647614,75.51427994956174,91.25495143504925,0.4472903633000727,personal,542.7161010547666,0
34,self_employed,27236.851827974824,23.703326297040324,36.52204832937175,77.50265981539354,32.021033538149936,42.907500518120145,56.38556781764591,1.569601732691111,car,673.5281210124342,0
44,self_employed,78928.31022731132,40.81741013013438,62.547331575623026,82.56707938705456,97.83824323350699,32.60160393623133,76.96572495333636,2.962830832577568,home,683.9988311042799,0
42,private_salaried,50703.662813123636,5.013682806532884,66.1725303392563,70.36901012109409,100.0,81.0589985303899,78.96196426702049,0.5440129503485407,personal,708.3771810018737,0
49,private_salaried,30352.924027692752,62.31450837899346,79.26555836022608,79.0997829461782,58.72356990603221,58.27359256340958,51.310293033809955,0.620137206166557,personal,815.0214869128692,0
31,private_salaried,44946.489055484686,59.73441406627562,39.166668886643365,77.63263488698371,52.9905643686841,57.181976262308424,81.51542768029523,11.424041279613405,personal,796.0555905387334,0
30,govt_salaried,111044.87376145003,45.737954026559294,31.480745748603095,90.57651788879761,34.68702455265462,58.749116882819294,55.34708217454799,10.318867184916698,education,488.33594061751126,0
63,private_salaried,85339.12726741067,46.31434505598925,36.947978921214116,74.64493362943067,77.32307440729139,100.0,65.14853699401694,0.29396400556311497,personal,666.4079187045812,0
53,private_salaried,21914.72677900298,54.425434748213505,46.78587240249351,54.44171564349602,71.76446587035963,58.32384420158758,78.53565169670264,2.118945935939579,car,496.2378725351735,0
48,govt_salaried,45213.70129974629,15.149331750630228,46.05611606572357,93.04058312685119,67.05534530855884,61.60477217767414,49.503511449392285,1.4716177995378446,home,627.4995339525473,0
45,govt_salaried,24079.534836243412,40.2442454201791,26.46441539817346,57.72229710889127,35.054965887785414,54.724860982216285,56.712289326694346,2.8122980745883974,education,818.3200515146484,0
58,private_salaried,33018.8638567094,8.908888013808284,63.38692464455026,77.35850153606637,90.32293934479631,50.102262825038004,56.87656704814926,1.2640118001239524,car,789.1472660128286,0
63,self_employed,62527.095211398046,15.243527048675325,18.44537220606834,70.14171537825445,98.54546037399285,80.69650737096987,91.54385008535579,1.7339921087856784,personal,820.0492440011774,0
44,private_salaried,25922.33593773632,8.422121891587263,30.928771462534172,70.02929053688798,79.50385297696323,46.04867144046638,48.29357611492567,1.0014580827960742,car,670.9173204231893,0
59,self_employed,24018.020117886135,43.746215252775414,45.510174414690226,85.99500190445666,57.51472068521663,100.0,43.009806492932015,4.247930439144058,home,813.3909668392445,0
42,private_salaried,46521.818094732065,40.28909576018738,66.18730864955023,92.84256730599037,0.634634806039422,58.24002596705643,44.93566853379622,2.3875134820168973,home,681.4048740171608,1
43,private_salaried,39202.07804976312,37.30389485766987,29.90214982225472,64.24348820921784,53.07308497556569,74.625224258916,38.850720086187664,3.5507689936932807,personal,733.2682129071596,0
26,private_salaried,63569.13170737869,28.41830169807833,58.87334394384745,76.0365672929113,43.54912774119324,87.81073725394809,87.10333147562707,1.2850975960979922,personal,302.0707759208134,0
60,private_salaried,18656.460447935173,30.787140573489236,38.35179327527359,32.635166244028966,71.40883412417219,58.53073503706891,34.905664399246106,0.4222150486321821,education,588.2590655895965,0
23,self_employed,43945.333800565866,46.988040788632134,42.27782724300108,75.14874277619829,60.106373566425646,51.23982370310325,63.878012133378306,4.223122179690631,education,733.4438986392371,0
21,private_salaried,100440.60919175929,32.569282681980496,24.564026305071945,91.06451121049041,43.9920232476306,73.8243200986247,54.394638280775034,0.8843095335042275,education,747.9389472631727,0
59,govt_salaried,40850.68925370144,19.290022973820918,27.294455999214023,76.3765294042412,32.910569518184346,65.28891537413297,24.212897569240283,15.0,education,821.5729831417849,0
60,self_employed,69023.11713688739,61.96126939907118,34.41435487703963,75.92591745720452,75.16702260583251,62.86271670384288,63.38156499504066,0.1776472577978491,education,814.9059571209527,0
59,private_salaried,24969.589612793396,36.234355097556836,15.20691570480118,88.93854928838897,25.023470430410338,16.84690313306497,33.89806699486299,3.6572102639702413,education,546.7221041702323,0
38,private_salaried,94804.14706721029,42.65377929314126,55.48016510145155,94.44603030538919,47.156770546149275,60.36695023725136,53.330828194239174,0.1,personal,749.6900973359462,0
58,private_salaried,78408.02274512681,33.94978341789632,37.19852559822598,86.73328818850797,53.95906126575578,57.72602018434687,84.46087546786809,0.9881321834320882,education,551.823893403479,0
58,self_employed,108992.74757845936,25.247282721104227,15.109832986321006,87.96055421727834,100.0,32.54494969271778,86.76785943964822,3.5670952689023885,home,717.2388661194052,0
45,private_salaried,89106.95788952943,49.59294736632181,58.94847324044817,96.41444563918026,60.88403240130398,58.89850614269633,57.79251913031158,1.7086378274622671,education,590.3721143416882,0
47,private_salaried,26350.309847416032,54.07233597326192,60.56812587848034,58.28004623116875,30.2576190120587,52.420391815903706,80.6478944472049,1.720825520588847,personal,714.3633443162425,0
64,business,34152.6404572821,39.29511781569979,13.23848654571266,81.83931959846556,72.62038282229582,58.16609575616088,85.90559314631417,0.7936114570945395,personal,650.3346435202241,0
48,private_salaried,128625.96726682677,34.19238390407077,5.131498802387348,79.44116117053566,34.532928120965906,86.07584314673731,65.42731167074223,2.8186846009260598,home,437.2925189535936,0
30,self_employed,49565.10458754993,61.8370609514177,25.961829361855955,92.94196342792793,43.418452670024635,78.61648418345507,71.06904331521272,0.2052350063676581,education,550.7376570654652,0
53,private_salaried,61755.859082719755,42.09240732394101,34.225109741665904,52.22545599996451,4.436797141419696,60.372150150816275,74.73230542366157,9.803604286894483,personal,727.3612611734072,0
55,private_salaried,37950.00133241435,67.7489944829878,67.88466513975702,83.56179418495282,44.20979480699935,63.17441771687223,100.0,0.21506486493585925,home,499.53166890510994,0
56,private_salaried,80887.37262840309,26.588287707769844,0.0,61.156342040069674,43.22611080729387,63.65011281260216,72.56465683494662,0.2768435497802763,car,766.1208386848108,0
25,private_salaried,31854.0016002257,27.651514949162568,51.14871580058568,73.42370166460212,86.0962752402615,75.0510948591682,59.44158120355495,1.183469296278536,personal,675.9645783414998,0
47,private_salaried,33125.63024488616,34.14984831863315,13.560481493402172,75.09081409822636,67.11988705239112,77.65157332088002,47.234454976745916,0.495528559504939,car,487.50543598724255,0
33,private_salaried,41729.56242099593,44.76784654363076,7.617346752366068,49.502968579753954,58.79547731859397,37.493586358819584,29.965490375314268,10.130764813364832,car,720.5020887287856,0
39,private_salaried,43992.440206665044,19.09490262412782,62.09065730550739,100.0,15.811626782574002,74.6036459341671,84.9427637557696,1.2302834316524682,education,679.2027857669258,0
46,private_salaried,67640.11513254742,27.761479869333836,31.640745173470783,60.843176284895115,90.00764518435696,62.857295834405264,81.96055480661256,4.240328141204598,education,552.8070867707816,0
25,govt_salaried,54689.19008002319,49.31571995627251,25.91540439052403,76.84276380382235,62.99809000005709,85.62316067971604,100.0,0.6345890016899963,car,608.1498221658553,0
33,private_salaried,45725.623177989124,34.54811024034707,48.309796267071704,76.92932049264678,51.19521244530904,95.73336831048637,54.1823480182197,2.166189396635737,education,786.7090182035946,0
53,private_salaried,76184.18240196633,35.396433593007394,10.449515147232177,75.8760911321443,86.43087401685693,99.8573294010352,63.66584135348171,1.1619086489663901,personal,450.8158579690652,0
34,govt_salaried,60993.94317551791,54.62507550581492,32.01692022065512,54.30389673109245,15.283895785083587,49.55670626270697,61.79727476458036,0.722006282182676,car,711.3557285995192,0
48,private_salaried,52605.877114234136,10.284596978456115,33.89151876035156,67.26318084026988,23.142819423726902,70.82019254494884,53.52713740288712,0.1829270619407406,home,564.2112983540502,0
43,self_employed,48679.861741469394,41.61321517091713,37.910449844207236,82.05500450517744,65.7272100902733,82.62722973212244,75.32892151237284,2.4463341133616843,education,470.0564713357934,0
46,private_salaried,59938.97727742489,37.704271594853545,30.340899731029324,73.85840193608205,41.1588378862302,71.26447982013127,65.57743544171757,0.8971232792978108,car,671.6673125836965,0
47,private_salaried,26725.11534725189,31.61667060994368,15.347139091998557,55.777684438619715,60.25436293633128,36.10913148581088,100.0,2.8344247527631743,education,518.9196442458788,0
49,self_employed,54550.69729055167,52.68205569391151,29.788304923676073,92.30443790145026,82.69451467242442,75.17024681287828,64.61406258771797,0.34451933469366325,car,708.5754842551073,0
24,private_salaried,62937.43003107208,32.568412096138736,26.928516237096325,83.59551668170762,0.0,79.1773183558883,52.75768543150984,2.2312195914793707,education,711.2527973601193,0
49,private_salaried,38964.23616956687,31.098630636124913,1.1619345773543373,100.0,22.795446408254165,64.7034008318138,94.50081286769375,0.768978815203092,education,834.1094063506728,0
62,private_salaried,52286.91246207204,37.38073395125403,51.03583268261666,80.26499747926105,53.900943062398234,87.47612843483624,75.13043145996828,8.280184628758695,education,542.0752158389724,0
59,self_employed,103469.22022453295,44.35457633051014,35.01975318318024,74.96216870808365,67.96961613946108,32.17983607604155,82.77159118334174,1.637506819286686,education,591.7177467575478,0
56,govt_salaried,79598.6265032022,40.131353694064764,55.45609669176481,89.40894886511776,59.678685492950834,48.62439867851299,54.20568835795021,1.7997216945159442,personal,714.299722059397,0
27,self_employed,39371.87912452191,41.63215518813451,54.95077185932647,88.56159878770197,7.17222652548336,53.55192708937342,47.08953560992405,1.023706028310247,education,484.24245987264794,0
32,private_salaried,81113.26492223804,52.36236665487624,60.3333620987099,68.41829017945665,34.767005932620904,80.09159462972008,33.593317805457936,3.6229483332311814,car,788.4995336505748,1
25,private_salaried,51692.115754730614,29.85928488646057,4.615842474014865,76.88491528372684,53.254682729675785,24.30867888955361,49.867156060715004,1.6272731208752833,education,578.2837303758766,0
63,govt_salaried,46487.18540064903,68.89375444864274,26.17151010250015,57.61258396314036,94.17485499156484,94.2788342165897,48.35559920934173,1.181876557933791,education,723.3480101966379,0
47,self_employed,61197.303653593444,25.114539460278507,58.913265477392194,100.0,36.81859509532576,64.35988867908347,45.33637388351349,4.349901131293556,personal,644.282188123629,0
49,govt_salaried,14861.807993921642,46.53706122105662,52.593161447588884,40.04265265443879,79.12512678381597,35.437562192183165,59.77555158789596,0.9239628562795803,home,678.9203797190953,0
25,govt_salaried,71075.20007856304,20.470491132954262,44.74978321767776,70.38040639148667,29.7981423404766,85.41015623213897,100.0,0.5372126956075782,car,674.4730989045097,0
24,private_salaried,50034.920710276456,40.71821517585408,9.693345204902602,66.94866269871439,95.7178338243007,48.37722476139568,91.07365111597643,3.068823726472551,education,735.4098367970252,0
33,private_salaried,59117.9728915513,63.31914640577195,22.68091711141276,100.0,32.484275875223545,60.224098716004,57.22983510227829,0.43350531673389087,car,590.546994613527,0
48,self_employed,83928.15033531425,35.21863659080053,60.654705493353134,79.54017883814208,35.26861878908599,86.12001266056814,99.67804296107062,4.040354775568263,home,407.62293497959087,0
55,govt_salaried,116218.29975470823,39.51784469234185,47.59413058345626,76.49460077786868,62.36432311829353,54.43963756889338,80.96534697667865,1.2177117290671016,home,755.3341120781494,0
50,self_employed,56515.25231436985,36.81151566311777,12.994364573055229,58.93520243559257,67.9423819299441,49.863571811279606,78.57823030089259,2.422605785967487,home,733.4863641014092,0
39,self_employed,72052.4518736493,21.94760576360884,8.156696235695104,80.7029806647653,59.053152328737404,50.270475138610635,77.11221205992024,0.987408359151587,education,871.9834636864091,0
51,business,16989.47504242396,11.787905743911725,17.68896127050796,68.86125740860874,36.638972670740586,54.811853783182244,72.47010214288362,3.2518059230382557,home,601.6468317668595,1
49,private_salaried,41219.78807202437,55.60471357551394,22.212424330353286,91.94808416985077,33.502376670562995,48.16356393619552,93.68569194065125,1.5048910031417853,home,702.3999020194998,0
34,private_salaried,43230.505237657235,30.898612705810343,25.519177191245518,99.129852369425,65.32635079465345,100.0,80.68237623877114,3.0170628192481432,home,728.0662178476165,0
57,business,43586.74018906378,32.163826882026925,33.115828330210114,87.71974282730916,62.501837616682366,54.66143478275663,55.23711862321848,1.0340536861801717,car,676.9133937308851,0
41,business,51346.933279862926,15.887314763254992,19.147265121054026,63.888464662435894,43.70080379516812,84.99617967258209,64.91224185794009,2.5672702650736317,education,756.5090439096065,0
48,self_employed,39518.82507356654,18.613653063518647,22.19529048767992,56.972739259010304,51.382261809800546,97.01721624662913,65.92951568256939,1.6444270318067282,education,790.9687828440212,0
36,private_salaried,72623.81374552868,38.08931152763152,70.2593678840623,56.3668171440146,66.44562639487775,40.38413198420665,100.0,1.0086593534901347,personal,472.1785398702446,0
40,self_employed,92281.85794142756,58.54840074613538,57.52337818278768,68.2743126500201,92.5579767143619,47.13494192819261,54.492422369399726,0.34747510939564874,personal,595.358700030359,0
23,govt_salaried,45871.388110064836,47.232339984495155,38.35448099275918,65.5465220412014,52.01405293407329,97.5892369733015,66.04317452462682,3.9012945270721544,education,747.8369371718723,0
52,private_salaried,86387.0195690556,22.587369912135152,43.07634787695749,79.57658718357938,62.89348908926985,16.604871675274623,85.60933577293602,3.666924284860655,home,642.8606040223434,0
39,govt_salaried,70783.99543766837,37.57209785671443,26.51999019463586,93.85872815514517,46.80392397375067,45.40297522466838,81.90471091966168,1.372974557297293,home,790.09394967404,0
39,self_employed,49773.71947519323,0.0,40.15704765836489,82.46965300594266,83.14598254323074,49.98064604393538,100.0,0.42336441303473743,car,612.7464961710839,0
55,self_employed,56835.65949595432,44.47889618442739,18.84868370545734,74.11683810417465,16.883648587718056,80.7075341876047,66.99919455180343,1.1147057329312924,personal,473.207427244845,0
44,self_employed,38330.9971425774,64.47249883898952,39.69244623692982,65.1890628577155,39.297835306221955,47.61211893857049,79.07393946293061,1.2243438239995457,personal,757.8315738925253,0
44,self_employed,56265.21252361196,23.3743520887735,8.983423765554402,100.0,53.608067178332774,56.524074351682735,59.575402452597814,0.1533640033348366,education,704.6873137395256,0
28,self_employed,74179.76659372945,49.38929610552631,78.99660267404164,75.55440364366554,44.300301713849024,73.74354549560906,82.97353217831841,2.1847863767440154,home,645.9145005474431,0
58,business,46018.808539326594,7.4354104635360585,3.1982100098053365,89.33568562548753,45.69222915380233,100.0,96.82321465108141,2.7096101261581347,car,537.8641196197703,0
56,govt_salaried,46953.413622432,26.779444272308055,12.546871221557524,100.0,0.0,51.50837653351705,61.55081328042697,2.687851084440158,home,668.8625546724192,0
25,govt_salaried,92521.75410082903,30.148490989669416,63.21902962277357,50.33132874249219,48.76537572853252,47.80591961876498,70.61607978719803,2.3965423186281907,car,639.8675856373362,0
34,self_employed,20659.309916393744,23.84430503320095,23.618293390393127,37.27677314459241,81.78859925426582,96.07830830911013,70.59113721506054,1.5993473817483168,education,737.5384587088033,0
31,private_salaried,94485.91732854364,44.426011940712065,39.76395037901977,90.6581398980644,40.04061045573623,8.533640952646195,91.97768855984592,3.1000835436137892,car,744.1232088843374,0
43,private_salaried,61227.51635596221,53.26609405466563,39.251634254955356,76.3261415825887,17.910693795019704,94.34446299426074,91.37880332330849,0.1,education,803.9070727597913,0
57,private_salaried,37970.06595984438,32.79353023843272,17.854840360841738,33.455119117647925,69.35325127167562,80.36244238429535,46.98930058601387,1.1835239567391396,education,832.3204852561153,0
45,private_salaried,83569.7043385561,32.82736631456704,28.19277684832982,91.50018949531878,79.01715576729114,25.227335408355863,44.20424626678006,2.7527819278558057,education,793.9055049917076,0
33,private_salaried,92088.42128524056,28.01686675508624,49.39544257298543,70.19141627946038,83.60015064077419,91.66119565761242,78.88402680366858,0.10319910999922882,car,535.6371147833047,0
21,business,50215.2982119581,29.17395058975162,7.344128948204119,96.48966037215139,52.88213773414499,27.755006535070173,67.23942804340888,3.6206938254424896,education,487.4367357867203,0
41,private_salaried,44455.86121211979,37.40202345474309,23.327488290907006,48.05313561681125,64.26763917788959,52.7653992716291,74.55507842517672,0.7232935866942742,education,524.7691194048998,0
35,govt_salaried,105478.93516762552,14.61400254666827,24.703606752052504,100.0,49.13692684797535,41.052046273993994,84.26146464573071,0.6551618478796618,car,732.8638954581422,0
63,govt_salaried,54949.48725352353,28.468865440728706,30.859520786279376,37.14057846156387,50.464403472047515,100.0,52.08060065526591,0.5887553752584146,education,598.760320549485,0
25,self_employed,62937.40029370867,56.50625051321354,45.193262154202465,84.56819366687553,43.20893553412104,69.40219647587327,94.7263635941281,1.2343818301471718,car,689.3850762114516,0
47,private_salaried,74603.9282892581,52.82898770801653,68.24825195644513,100.0,91.06479053613432,57.82587518467667,59.996618052521924,2.4123504245740923,personal,632.7565858805391,0
61,business,127701.68698797969,18.763384343293463,10.83296101008802,61.71438051051358,37.44256967021911,75.5257173736396,61.56576296312994,1.0065656125443734,personal,464.25914464656057,0
39,business,64972.397839109544,38.1068191560631,38.72095424302424,100.0,77.84566640363875,93.83292366684401,75.77219302596986,2.0018336827862715,personal,603.9475060795511,0
35,private_salaried,30745.103186289973,19.350836088339243,12.684305772290301,75.49251977113595,25.554091123092412,56.505112202579845,88.05833102827916,4.8243000342109745,education,526.5044386306034,0
42,self_employed,31122.814757938286,13.426930044123182,44.60909773223605,68.42828184268082,94.71321086741881,87.51087777222457,95.30515837642363,0.29314259105578366,personal,695.1463396546703,0
60,govt_salaried,24190.333948252162,39.54524438712444,48.530975208059004,63.382417236454046,100.0,65.35242621953707,38.77314033800223,8.80018884948607,education,616.2508512395996,0
54,self_employed,98220.8847132304,7.8012805286640905,53.21455119217693,100.0,67.31141338321557,83.33013155582836,87.89981598258915,0.6146691781332387,home,749.9756394078013,0
35,business,62835.67518542687,35.22171412749316,62.91103832954135,81.07681385878084,75.38602810003255,89.54308649741415,86.41069657834893,2.29787244983312,education,669.4843262815593,0
45,business,28604.105002108485,2.534480072325948,43.68360840731722,100.0,58.237195708632285,25.462193625625858,79.17458887874133,1.0335707676014347,personal,679.5341275340485,0
44,business,53893.417178542106,30.486450375186855,63.36858335197441,100.0,41.61220350882012,93.35265509111443,38.40339848622892,2.2767039620199934,education,560.9439233030948,0
47,business,37336.84581570292,28.798979529907804,61.47308072655822,90.33236165338303,54.254502157052464,85.00090830824581,80.60299331067483,0.3085680609442079,home,841.172746580351,0
28,private_salaried,32275.322905364785,36.72956360747234,25.656009702523914,62.23584187052343,69.82212076318186,69.94391347747361,68.8088839948089,0.9925872910050111,education,720.2259158555134,0
32,private_salaried,53328.45779184681,36.79518574798921,30.89953066457202,53.58636781613236,0.0,46.528813586370035,22.807767966683805,3.122766732238866,personal,518.4712989090482,0
57,self_employed,120230.33039973477,33.85294067228806,62.1630538229667,80.41684222991798,43.483671549307395,6.851262419587336,47.70395026505707,1.219113991803069,personal,731.5700230931484,0
33,business,36680.66107679829,29.424794919927812,47.78216650996302,61.16939181823364,55.281005846525716,80.40213156706706,55.47262374559071,0.3290160087291294,home,740.9608204200165,0
48,business,37832.64902559927,40.11309120817684,0.0,91.70544815817294,77.39253249628084,54.8723764014024,55.89366268057868,0.8038403863087431,education,643.0971787816344,0
60,private_salaried,57800.26211267701,53.72881218824756,49.70751109908971,88.98376757305824,57.168972145731146,75.09306881068224,73.95190764519998,1.2957994847201468,car,746.3347983123109,1
36,private_salaried,38948.85382178795,20.82606954030797,20.037410597043028,89.97234064098889,100.0,47.24618014301905,82.90297282794343,2.708026419205783,home,668.4531416264832,0
33,private_salaried,60571.268137975836,38.17970894479013,44.34165483018384,67.31577660809276,100.0,83.82443863429299,28.32186941582394,0.32119289395983514,home,708.4665438843926,0
50,govt_salaried,33097.07894778489,35.275065331999095,30.438558018836606,73.69109400754552,40.760008571317364,87.28331297751487,66.27878202595964,2.8706207039251126,personal,609.9043508555059,0
50,self_employed,28820.296549500366,51.08574741375796,47.52906165609876,49.67193683655334,56.8476294920026,38.58511434758192,63.04197114146406,0.36137723754095935,personal,688.9140349787057,0
21,govt_salaried,143960.00319834167,24.678637873762362,14.411999206858496,71.18362852495106,37.72107825333378,86.84694282221538,73.01011033754446,0.1,personal,518.7665448180188,0
51,private_salaried,22744.25044093973,42.49054417907031,8.077659409659745,50.7658961428146,46.24846402425133,52.558565511868046,81.92843495426698,0.9701959722480615,education,653.5319240503991,0
41,private_salaried,50304.70669099927,51.10462231065219,44.059493100910785,63.70817214216515,44.87241014276699,38.01155384370061,100.0,0.1788262477139162,car,836.2066973523141,0
46,private_salaried,89494.94040674895,41.462446557718934,21.383134219501216,85.30393992833031,65.13938204915793,67.06388872172695,31.644728004494127,4.871130978348344,personal,600.797283000273,0
52,private_salaried,71574.01537526143,40.168865424208185,50.142562788163474,85.00188126270734,41.84250627534303,64.88347786384668,48.022859756149074,1.287150355264353,education,829.2072914383095,0
21,self_employed,28615.27150857145,50.680973153713694,46.82266692691937,86.94766846459224,0.0,45.72760685188206,17.44306011463219,0.8401776906776244,personal,690.3890940818949,0
35,private_salaried,58262.10406259942,46.38688311844769,39.28415211555684,87.60621684916065,59.77099706308539,88.74005336749718,100.0,0.9649853633281258,personal,356.44901841013,0
52,business,45075.383578888264,34.92678883620829,41.86792856799126,68.07716342805175,7.513618709297994,64.96492690236516,55.02342748598222,0.7127517212122134,car,744.9260666528437,0
48,business,118223.70983777488,35.05141435174618,8.411997356835393,67.28956356375339,87.45357061703542,89.39453601294473,35.60457764079062,4.456704372661532,home,614.2819094749105,0
40,private_salaried,66206.99288523811,32.133690133719405,17.079945962489433,99.37238689662983,97.59251595959473,56.94263111063883,72.58698943338976,4.898385831717917,home,823.1528081405518,0
61,private_salaried,28033.644733586032,18.631162082886455,59.98193299748021,83.60094277270053,31.17223937607493,47.72465912087807,50.058940872406424,1.2323475007069056,car,424.5766407671486,0
26,govt_salaried,34963.5307206582,16.475342544468255,66.06119540084231,79.26892151978397,98.8298639627995,68.11176427729748,81.53526073611391,3.233332692537079,personal,748.8325257818672,0
35,govt_salaried,84340.07248885592,29.67466234905752,57.113499757945505,66.86073105197728,58.27264975388418,100.0,72.43443981880527,0.13931250991562372,car,640.8964288407959,0
37,private_salaried,34995.46435938111,49.7517708543252,37.72959647576285,100.0,84.41793820656412,69.31487711261025,77.07422087167804,5.023964885267228,home,900.0,0
39,business,21909.0013639045,40.793173319937544,33.90706110471059,71.86990702798289,41.32906885598838,66.73574852548083,80.1963581689392,3.8246667801401606,education,900.0,0
57,self_employed,88720.56763315322,20.89445078400218,39.58716118769982,69.87795986171542,6.065015808183134,41.44572159343761,93.22516346619818,4.58600547784094,car,617.9791349815237,0
47,self_employed,36054.40889749877,49.16351870728421,39.271126452026266,75.89335867250168,32.20982623937145,54.98435302625806,52.058898094515015,8.112852387317464,home,765.0956202752222,0
25,self_employed,45934.50845567971,42.095119324511074,24.157684266342354,100.0,84.96434177165631,83.66684608414505,62.94071538515591,0.9580141350328425,personal,728.0769010876643,0
33,self_employed,28485.818180286155,39.96584289626314,57.01795794464904,69.65536930171137,55.14021958637891,65.31992157554457,33.13423323456971,4.203800128577124,education,678.8509302433771,0
50,private_salaried,42356.2380701739,14.576774873749674,54.06697122669454,62.321921064522584,43.306193912253974,66.58130908853018,47.68894022257051,2.8603871356775508,car,577.915503763917,0
48,private_salaried,29553.526635598875,26.856953601450456,26.675314360750008,56.73741387433306,53.09409216804246,53.97177635802981,82.22267536652151,2.457600192893495,personal,666.8662037182155,0
33,private_salaried,30123.41053090231,46.96437927767704,45.9599576387264,58.0210055738329,34.98252971125601,100.0,100.0,0.6145844613258946,education,447.2471815594071,0
25,private_salaried,49207.889813819915,48.274711743535846,0.0,64.43241779097274,58.83279876695158,58.11639106982018,56.5785084914693,2.9325994837948284,car,633.9829436788934,0
31,govt_salaried,22867.449625869704,26.97829143573851,46.935693143888415,54.623069184277384,100.0,67.0029412538988,86.08213862077633,2.1688519295390933,personal,772.5254848151303,0
53,private_salaried,42021.039524125954,33.65513633133924,64.36550516914576,67.65233421156906,100.0,66.22753795444842,97.99934059520947,1.225908503135314,car,787.271132690631,0
62,self_employed,82958.45289144559,24.82653840189159,4.126325893775501,66.73875628000397,55.702948889962194,77.9721893357786,73.61152829155358,5.401485501003461,home,692.2461813142193,0
29,private_salaried,53815.23702036697,0.0,43.54397235315362,100.0,80.64965234702981,90.10600138907652,71.89659745479459,1.3683030158160427,car,759.576397871179,0
50,business,50617.19407512912,49.53892295407206,0.0,71.10441266048538,6.163643760858079,62.54845542355007,100.0,0.945055385715753,car,519.6259791021332,0
23,self_employed,79069.56523206878,35.55976927263225,46.40933681234862,85.53166653700401,37.40635744509614,29.979092563058167,52.05951456146347,1.7029212965207605,personal,822.6477097293466,0
25,govt_salaried,54438.37961592179,32.381996133902554,43.21862488857856,77.09266605063235,91.08359621676794,68.37004914102776,53.31384952047293,6.0811006105645244,car,856.9302032731887,0
36,business,104470.3366025219,17.407455535679137,21.047666256896044,61.2572706329352,48.66045715746049,39.780937206262465,64.42963524475161,4.473257635913931,education,652.2446375360678,0
38,govt_salaried,45451.50930801739,32.51804485364028,23.74341701278285,41.86523091710994,70.84169853121395,47.135344329466164,99.2495243278835,0.35424201012299794,education,644.9998023180192,0
52,private_salaried,66914.96405822081,19.734254592571702,45.964554395020265,91.54928170042669,71.69099688783349,69.67250747308317,33.91654690810562,1.353433750166452,education,504.7141040507055,0
41,self_employed,25589.743324920477,30.850988907116804,49.817298325136534,58.08551764093115,80.5681711339499,57.79428984837443,72.40182336249315,0.8765201620880049,personal,622.2222716514686,0
51,self_employed,61445.125601429994,25.120726463904944,18.158420907824137,55.60771415964466,47.40415656413754,70.60258429134971,82.28543115217063,4.250874882733975,personal,651.7289799898509,0
34,private_salaried,29434.575787581478,25.936455713547105,62.749164537006294,100.0,66.27780219107048,58.743267653623754,53.24453208493978,1.9682982398818103,home,744.0764391485588,0
53,self_employed,54655.208234310034,41.90873992375655,67.09400303078459,78.97147343586806,41.25963366232991,63.49843513193482,58.44262780960382,5.1795465859172305,education,875.5705500621864,0
34,private_salaried,53765.47352756454,13.644817666797856,26.77788820801468,31.421743846724972,21.207949110601866,89.45860049236067,78.09273755952483,1.713644833021638,car,670.3745326279633,0
34,private_salaried,32199.225967942733,41.11013225040552,38.05131433058707,89.4181004670533,100.0,76.75551169821013,62.58481313702934,1.4266082521209729,home,873.7218702677296,0
38,private_salaried,58949.872951661324,34.4249072707822,21.00802050623699,76.58089545790756,46.7594369203507,91.54482543614156,77.70999231507462,2.1883890725853004,education,586.7313713220339,0
36,govt_salaried,54252.06869538197,0.0,35.67106118293726,88.43923329132451,37.09752290387062,82.35040989539846,77.11183381253794,0.7106370318027853,education,602.3862575912732,0
57,self_employed,91231.85786886439,28.458215761696486,53.044536637003645,69.0207546756562,47.72193658231592,57.09471067102733,36.239865908119015,5.21914531549111,education,720.2431088080086,0
36,business,53181.99601076968,58.31780610449268,68.29242260219006,100.0,49.11679004712597,59.278951616936524,49.636852995851086,8.379539627111924,home,657.42041229012,1
26,private_salaried,41541.73420690849,48.38951841702338,12.97150129694609,100.0,80.22256200967774,75.02482303645928,96.67072260219939,0.18386732733726238,home,672.9347431701925,0
25,self_employed,33603.873247165444,25.406825639897146,35.33152876376623,77.39246041590239,51.347398587104166,61.98900777104888,80.99518703336031,0.2834790672559625,car,518.1589096252987,0
44,self_employed,50356.982256509975,20.905766280814603,14.015704619856706,71.4955006673891,46.18868241155356,64.97549923383491,51.89487680447114,3.080477030278959,car,579.628643406358,0
59,govt_salaried,24340.02480449027,20.60589031682239,52.20240783969933,81.03624972151738,95.85686214941327,59.01609699661357,62.76973545786265,0.28142108597294735,car,601.0521290547622,0
38,self_employed,30183.11382285554,62.84623276739502,50.206386315188475,63.29628294801431,64.80681316626371,77.52488532126635,50.1056545192816,4.749902742356995,personal,752.0374139996942,0
29,private_salaried,44882.19616628999,40.30519393258557,7.847351101021861,72.46421496668117,83.84421347721417,66.37302914148567,88.78177887262261,6.056564937860828,home,578.9463054397996,0
40,self_employed,28867.027381808388,22.987386257558164,66.29162482114829,56.50889561061368,78.35821866814993,55.43626605532601,69.93648286465738,1.0360733493825265,personal,646.3102938822913,0
58,private_salaried,21959.15815631325,43.47882584386981,7.475575591913476,67.95790011711142,28.3905558940509,100.0,43.21015674059929,2.1989452117886135,car,635.3528365557172,0
52,self_employed,211221.4073967815,38.293570342116155,37.63450576130303,86.27268650886239,42.68896540196844,60.71425385273335,86.20669256914891,0.9415243731070556,car,591.3844293119657,1
37,private_salaried,53523.53945039679,15.598242159051946,60.0455095506123,80.0908129279908,88.38363391842606,61.35182598528162,84.08102459934109,0.5844775211640343,car,438.4967466385983,0
24,private_salaried,57288.75170223931,32.130837313806374,44.77903048145602,69.26101660776467,48.30887914073356,60.534300702152116,43.37864171542429,1.8461428224494705,car,532.5928471847176,0
51,self_employed,40552.59664818541,8.13993481834219,41.12336197528916,78.63501081517192,38.32353189985761,25.898739145569863,64.56891574458959,1.6372836655924574,car,741.9866955149772,0
27,business,74385.05713847005,33.67309331221459,65.92894031429853,100.0,22.05555405175965,56.2548423356056,100.0,7.223363609526246,home,654.350505409563,1
34,private_salaried,39225.09896410126,28.756096046755246,16.78767604590867,90.97662868546968,14.087283134870425,61.73199098504207,100.0,1.0052073553308867,education,721.3448008902739,0
26,private_salaried,33789.50508928979,36.88673702059468,14.207165225996633,87.52772066200585,41.66102630622274,100.0,81.9806256051019,3.2722841175797814,education,652.9028244655284,0
39,self_employed,33390.72436262954,35.6648227800018,22.74405927077676,69.83370126852833,20.278915794263305,82.50429950326772,47.01441878594352,3.845935402367735,home,722.9794315318686,0
59,govt_salaried,52357.24552640603,41.48972051943477,27.982720544690878,40.409124052664744,63.42538446503433,72.81658436398745,41.34519985138266,1.1653345225026281,education,649.5290733428072,0
21,govt_salaried,130168.57253057547,50.64353672668551,55.992890803980984,56.21011111451801,91.28753964925266,48.6611698140119,71.83095713883617,3.023717267421505,home,733.3630920426098,0
57,private_salaried,123042.32582613445,33.27844899283232,34.6752539607458,69.91281491655376,60.186450339960274,22.854034105258812,72.56171776419929,1.0467141944680072,car,435.512453901845,0
40,self_employed,144809.4338153169,32.93355795718617,17.99041230354005,92.2229708492959,40.94416537321671,71.7639364162615,94.86162997044751,4.908864395976959,car,735.5906247327669,0
31,self_employed,72724.94961604328,20.480557408073057,15.844332861940657,69.98231640835262,60.94644835070018,74.67960323932381,72.48317207694431,4.601898744386271,education,776.4948318178978,0
59,self_employed,38836.79121277048,43.96194286822029,52.505628532703525,71.14169257817234,44.719829735729604,38.5576411711252,80.5127984545419,1.8030938328831527,personal,808.2535622176147,0
59,govt_salaried,87830.45530831207,6.817146293852758,38.53918499479666,100.0,86.77030574142282,87.33128538227596,74.9120563411583,1.2347058330360334,home,771.7910725985131,0
41,self_employed,34514.55253540862,30.15114570427089,27.859910210979702,60.64728816056675,55.346801804399405,53.834448075838935,72.00645911512292,0.3792797779787987,car,471.53866225399605,0
32,private_salaried,73700.83195846477,43.53446577254501,6.73644316268398,100.0,85.11019890326617,55.109458310954416,54.25580624429873,0.5882895150793912,car,589.8841569899826,0
50,govt_salaried,36048.83016864914,54.10920094212421,5.097206830322332,52.23475730083803,67.16589890362029,41.76705228725717,45.993590956053666,0.4591452422279798,personal,664.8025750648596,0
57,business,43252.20878419437,43.57612078699432,2.115854439304904,72.99660766167672,29.75542091034717,25.546840819744787,74.92734229219602,1.6550278576853437,home,562.6688838210268,0
49,business,53565.91871165895,22.36476123410766,46.64330923870905,85.74781124372146,44.55148448586823,39.357842675219516,40.127102662941255,2.6845261456919878,education,770.9044355939571,0
27,self_employed,32677.04075250045,77.47325527099326,25.58252853055275,55.716452479196505,46.521066663752144,34.65798846206917,64.35481651107581,4.545510884576383,home,462.9972266335376,1
38,private_salaried,95967.19368795249,56.61244751653709,53.560771871596884,100.0,85.08162447416771,83.18582147412275,62.113670210134416,3.4244190504929635,education,800.8684938932881,0
36,private_salaried,77491.73226174392,50.533986003824076,66.2892980572554,92.87784869369094,77.92425531954527,50.651613007971456,84.74057944111367,1.5567039838562131,personal,713.8558409403194,0
36,business,119597.2954138747,22.094282975366365,4.6887866338104125,100.0,19.80150730857089,71.34242515627663,98.03641971477452,3.5568541132124403,car,675.9549087067584,0
23,govt_salaried,47548.51830877625,59.65260958106714,27.477089315068774,63.01325176255331,32.43150507921827,89.32082904616601,78.55292630095222,0.6666776324918651,car,710.5535842783596,0
24,business,19740.075515339817,36.310193399628105,55.65356157914099,89.40263706436433,57.02992714749196,56.16408776490567,58.78735915915799,1.4173507923034288,personal,803.1171150601162,0
31,private_salaried,40479.18649190332,42.12188786345363,23.536121746634993,67.00544110178319,38.92383244626835,78.5244517757654,68.62177163471708,0.506824551776357,education,663.3303701236339,0
33,private_salaried,27365.54443054464,24.68785060394712,27.772167188641703,88.48809602113897,59.39993130318487,65.40002644301849,100.0,0.8716973465490768,education,429.56202065298254,0
61,private_salaried,64426.758226397964,31.487434574047626,43.72993689890741,57.581515572047095,75.4992897480094,72.15271206251549,87.50578521242682,2.57291394435177,home,554.4169309807584,0
24,self_employed,24244.276334772887,16.04827212878242,78.08454816210704,65.46266394553061,35.09877874914414,88.12912975534535,34.45783957224887,3.150474891729183,home,816.4412474012954,0
30,business,94581.54653437564,19.725145374412776,53.69318936453256,50.51379039977162,55.150369056993945,79.4901783678821,49.82098351197816,0.6808956954499489,education,783.9369215517122,0
26,private_salaried,113755.77333354026,62.26128935900465,22.3392988567661,38.74670367206588,97.58119019722702,83.5835433663863,86.97553269337354,6.418859930072274,car,525.1974621607151,0
36,private_salaried,20129.297624583105,0.0,26.742428024077476,62.700033662693365,25.806858961520458,73.01731870796503,63.13257431855957,3.9868577902092435,education,633.0843757624999,0
24,govt_salaried,38783.10665734401,23.094431307466422,25.334332114048266,100.0,51.58453271306069,38.438499344905765,39.76506923823671,6.28160152725162,car,900.0,0
48,self_employed,51100.26898944889,41.87880169922874,6.885074482192238,100.0,61.71339825611437,56.74412311295416,64.04251753427673,0.566307225728486,home,685.5320117990153,0
23,private_salaried,45709.46466458946,42.329923058907156,24.53712507116947,59.57927371717955,54.80562638867562,32.75263763819032,72.86846375069169,2.7663094424069863,car,426.5816888573935,0
40,private_salaried,65980.977739431,23.08577229297448,56.89939139392159,75.28067467763702,37.51043258756708,100.0,81.5289298520601,1.721876136022837,education,658.1510771983335,0
42,private_salaried,55864.41487726361,51.16809614847203,47.73196755017334,86.4949385825101,60.03730807833186,90.73597705451803,63.67446913618165,2.133198403730236,home,615.1636077517771,0
25,private_salaried,52801.53473240464,38.23435881081298,40.464472171108795,70.66993712488478,67.45494317986156,61.402502246614716,39.65687582599983,4.250064263829286,education,614.3736820769241,0
55,self_employed,22416.26382314915,55.58545917897755,12.938814717379714,100.0,42.766690613444865,100.0,42.62657862959884,4.558082274783669,home,773.0592303519503,0
25,business,72037.44756166793,43.267339628873366,56.7728708659762,93.52896293649971,44.88675591130476,73.45868863690406,100.0,0.1,car,477.8988237354525,0
31,self_employed,23650.640797492986,17.72593068460144,34.20366385850598,94.99582570120472,94.18309231746193,59.30594418939419,73.35692190021203,2.415375917918941,home,874.4968374702337,0
36,self_employed,68646.57739965255,42.41182260006124,55.42497094059961,56.542486703117035,40.08924537646705,68.054139500302,54.97579693153581,0.8353671073956215,car,839.0294728122915,0
32,private_salaried,106957.13318703872,48.15701929066775,46.78566865915193,64.86102619480748,62.380743527635815,46.73901632006536,77.51564267369548,1.7518167509070637,car,702.8060792832289,0
51,private_salaried,38532.94443670253,23.362035416596118,55.69876326327865,75.01143331291554,63.49697453287271,54.069576785828424,70.38988046553713,7.839023657117348,personal,568.7330778764328,0
45,self_employed,48470.48244267013,36.01917251729756,1.0434143875439048,77.97991783650838,27.615593574009957,93.81661197649755,100.0,2.897835855810706,education,561.9437114188127,0
39,private_salaried,50882.126935156266,45.34518586268338,36.699431961625734,78.28994852910756,76.08920180401734,62.499138040546896,47.530809138924255,3.2289551448295835,car,584.6550582853941,0
47,govt_salaried,25512.715889710165,38.58899211744002,53.95114324125129,100.0,73.50370333957257,86.46045689659312,57.20939582954409,4.731538178607765,car,749.0443146238399,0
39,private_salaried,34224.62861523157,37.419484861043394,19.651914993701112,75.79156569973956,46.73123516179392,90.94447079989877,42.87821669606186,1.9498921151709636,home,751.136322951264,0
35,private_salaried,90605.4726904349,7.2088020615462725,38.709038203154535,100.0,94.84975449805162,66.84769315536717,58.18151113219771,1.0660215165177638,home,617.6593002969382,0
26,business,28740.480735159792,32.231783480038445,52.52868700311491,68.13771465523737,72.46755983008919,31.96241467472727,79.34162559567997,10.466076794895475,car,581.2833776690956,0
28,self_employed,75910.51355880714,45.04348775691925,22.295180044330937,48.93050268640051,66.86221678788301,62.5441386574585,42.15790407485771,2.501521800904154,personal,595.5303460497006,0
45,private_salaried,52643.24167356795,50.341299930059705,61.849275443252964,98.24307761711053,89.14016915626712,55.009049289015834,62.19735295776638,9.614214035264752,car,730.8461526333537,0
26,private_salaried,61151.06742524951,10.717335282859612,27.30568566831367,46.807338178228896,65.18996911951616,66.2503379507208,68.45435244546326,1.2615744805083344,home,551.5793247559101,0
40,private_salaried,57999.15360375852,4.8934166896011675,21.91308378529742,56.81892323332358,72.36445660928955,76.44455089074245,74.25321100719333,0.8209600802194371,education,740.4272030074079,0
41,govt_salaried,57478.146528375284,13.429952428159737,25.463092787656542,81.82370436982603,41.70591380853627,97.66507642411207,63.0392828055345,3.1645102496795854,personal,746.0946148498068,0
47,private_salaried,79116.65814141386,45.783707558050224,11.399521718029867,38.092113495541916,75.52455231042276,43.329076151029625,36.716340908579454,0.8602380307089402,personal,617.9891193934304,0
64,private_salaried,38954.55264327398,31.39614740248367,17.125094357646937,51.82689805354167,92.74985811079827,70.2597224820943,81.70337488418376,4.3912216084874975,home,633.5329788129757,0
49,govt_salaried,114506.64075252676,45.44063470111837,65.8959469276852,100.0,56.74649492454404,87.77277899374269,16.596641332569064,1.270208072273381,education,811.7216266015421,0
32,private_salaried,53348.23919419919,29.981674700912187,25.870591481864707,60.03369365288971,57.72501807905766,85.51383081615867,80.28412526017182,0.6156391623866831,personal,418.72275214392846,0
27,self_employed,25290.97278159585,43.76903758089213,42.78368078828116,55.773909977122045,67.68824492616322,68.25973642024138,78.35870701167691,3.9005452022423386,car,768.896342734742,0
48,private_salaried,44084.86429079943,33.35863904304101,15.453720230474573,100.0,79.46471533479519,100.0,82.8054246693002,3.6900428335131457,car,741.4737109140896,0
35,govt_salaried,36235.61161820648,41.89439055823802,69.33080631754943,21.53992712231868,41.63825810395698,40.08467671772755,71.43555652475386,0.28771844723144646,car,523.0807896847494,0
31,private_salaried,19723.42360897888,43.3879465111751,67.20969470646406,91.27379934081456,95.15867598825778,60.49026658795761,57.80851120453743,5.520393606116941,education,663.8523088881575,0
39,self_employed,44878.4042788425,42.65889006206585,39.91644653350599,90.88853378501696,5.925202308681968,69.21141504667884,71.04956114340902,0.9361742088102387,personal,602.0899536984061,0
39,self_employed,52856.867650634995,24.5372514404582,51.3063377041581,79.13319396988982,36.11291516157709,63.866769151735234,82.58165238482479,15.0,home,716.188824658379,0
56,private_salaried,46072.509634942144,37.63257783919094,58.45374495669021,67.45886295214325,57.16315228355858,58.53838483469751,90.20103667756335,9.207509932191645,education,523.0325939251379,0
56,self_employed,71683.18838219643,5.834534864544388,50.738315309919095,82.6097845581163,38.13828901603974,90.76794713531166,89.74137650238146,0.40715483808554215,car,627.2107210377465,0
36,private_salaried,31619.607860654673,20.0205527600419,0.0,86.63196290411382,93.17410452285307,63.120042972739064,75.18453762080793,1.9495097283062903,education,900.0,0
48,business,77944.7358480572,0.0,76.53325570308184,59.1873755122451,82.3142972161128,27.00464213286058,54.5044567206518,0.8777161769880565,car,584.7055131604025,0
48,private_salaried,36247.636328173896,28.323933512968097,9.834069433122604,31.36535539397716,50.588977066175616,67.0002099868361,83.97769869569235,4.627065254379532,car,702.5965090897123,0
50,self_employed,32184.799801671357,30.243330788734237,68.17272155233164,67.20177613840026,52.24456806860989,73.08369283836225,93.34922379422741,1.0161618437405087,car,667.0403726283791,0
43,private_salaried,43576.55968923915,6.6158497505586205,24.048855202671923,58.57636701462332,27.46909884942311,29.38665836550775,74.65032275058648,4.350717501096476,personal,676.3418739395222,0
45,private_salaried,53704.194212641465,37.57037277231866,32.522734639313995,63.99212727706946,68.19704683728108,45.39227080934204,92.05711362450721,1.7817777821593026,education,590.2805128643987,0
35,self_employed,40877.69220394091,33.364695625144016,0.0,85.6283836846368,47.01130073129152,92.56524410183752,100.0,0.4439880856260534,personal,668.1617081015686,0
58,private_salaried,81891.20393935713,24.17524858993479,18.733335603290477,40.87104887167777,21.60865442535897,48.713201579762924,85.48801880304094,0.9120988366847167,education,851.4217874812281,0
60,private_salaried,49558.42349842559,34.24870493850217,22.431309456807433,67.45507521047958,64.92020218273095,63.14972605128721,46.70850569796184,1.1574827002790806,education,561.9759506423757,0
21,private_salaried,58119.14298764813,8.026544244172698,3.333680569397721,68.20142076362751,42.83455096051503,79.18142395700706,92.61497951087514,0.3196517586088107,education,588.1261626085435,0
27,self_employed,29163.48795201356,54.40908804662672,35.72175370613404,87.14260009754364,42.50982888921295,48.183160145353135,42.65101094498009,0.343648318346645,home,567.9238019064735,0
42,private_salaried,75847.24075572523,29.617957313540472,29.146394324013137,88.47987115320663,9.155231461478351,60.5599228201728,100.0,1.3645713239967185,personal,615.9343358689631,0
55,private_salaried,44023.308941064955,46.305074491477555,55.960967737808666,83.38019312741902,77.33707063933021,56.87272592792897,97.03508913649927,1.7347274923535763,personal,900.0,0
41,self_employed,39565.94012586336,28.231299305057465,69.26597935469113,75.44626755650243,74.76627873400679,53.92559586083517,64.05367786581816,2.859206195591211,personal,743.680337071381,0
56,private_salaried,46495.428158089446,34.03636732332982,50.48982447566368,74.586781915219,42.46574137431098,76.48608060642444,93.07602972123594,8.476771203619705,home,737.8624750956587,0
21,govt_salaried,35721.26625577344,49.15400079191899,64.70801047140844,74.29936201694301,0.0,61.019014347830904,70.6485223564486,0.3330945268442886,car,622.0671947968193,0
46,self_employed,71002.0370231107,21.304103929095387,16.728003487938746,83.21390627555056,25.319489756427767,55.1479425779536,92.0505391291203,2.6492732376298784,car,575.8322414055875,0
39,self_employed,34924.966555323415,22.01911607406869,26.955436259804674,66.51928689375039,4.3995529309841,71.69866227445388,77.63270076831088,0.9888543516822145,home,434.3988046257235,0
53,business,25683.276905975956,48.16799830315544,35.038087992822504,90.07983460142215,90.61963322471576,63.359727166447655,64.73175934150838,1.0610575460489664,personal,796.6201887206623,0
44,business,92416.20326050164,53.1221739398929,0.0,41.26863587074433,55.96622116065827,34.061212471861964,30.555186282080385,1.461831550143665,education,561.4460855909371,0
22,business,68226.64763452965,45.670994742781254,25.279678492071305,100.0,40.79604415153339,76.06222286977517,59.4111342316157,0.21788599392397112,personal,779.954819484881,0
56,self_employed,64467.89160866976,19.59826306102508,48.753567189525626,75.50467129043507,0.0,47.624321046388346,28.52636568640247,0.4558291436403772,car,561.3935545082163,0
38,private_salaried,37088.190036012515,28.51792829646836,37.43183079148025,44.61176218251387,34.18996308099853,78.12087134405921,45.39615766607051,0.34881027243020385,personal,689.9864360758575,0
45,self_employed,71188.53270038392,35.987945994796355,19.46575818281178,53.60181713667582,79.87233337220948,53.04109070751733,67.96247289925896,1.3947089469479357,home,539.4768886128165,0
38,private_salaried,65433.512900007016,27.928427003522792,13.100900134499348,51.01841625739182,47.968459391582066,73.76619231183861,34.855400342232436,2.1221405416012318,home,664.025236390228,0
43,private_salaried,90123.09684270639,15.941607395924859,31.411749000141448,80.51551041197577,100.0,100.0,44.58593440708842,0.1,car,613.732115381998,0
23,private_salaried,62362.175059728,37.99236497936137,46.12909005514285,79.01595827957118,31.297150788745157,45.153796767280255,39.174971519253106,1.4503095592727442,car,616.054655766802,0
31,business,48013.941851946525,30.96953865450761,3.2612947170972184,87.95373437021607,76.31697390830266,41.99339133056637,46.975048248048445,5.396232722532879,education,692.2120642030222,0
34,private_salaried,24764.769245029216,21.07263108976199,26.40407124002793,100.0,82.62045582399882,63.50353107175673,26.877964837033083,4.268208350567077,home,709.7839736328907,0
54,private_salaried,55300.249575386704,13.102776188989065,27.77046936922578,77.89302783080899,62.50394941117619,85.6635428273796,93.15547860362373,3.26240382526749,car,621.36502433381,0
31,private_salaried,33145.67811013843,41.923190731342984,49.0417673890171,58.117266188881175,89.76173691811225,58.9419912065139,100.0,0.4071094875291239,personal,602.0235001736404,0
45,private_salaried,90585.15986326843,19.37895986516164,57.75408534982803,77.41251168543722,41.102841541662016,49.63143212721109,68.27509363722407,3.8903465272651183,education,731.5818096292389,0
37,govt_salaried,121782.55924296632,51.50990201127664,10.922018740460672,95.8052773147151,55.494900163787904,67.20236884722121,63.208937274186134,1.6226605310063011,education,490.2686601385899,0
26,business,94737.91540665962,34.158317075999754,49.057612323223154,98.28423597109119,48.19333569878764,73.69882434284003,61.26617993376776,4.184819621296145,car,787.5419675771423,0
55,private_salaried,36091.684864859766,24.392703331722903,52.194040647980245,74.13694207805769,49.37220438228287,27.03921648977588,71.45563842553915,1.2086823633985062,personal,749.6908605081567,0
32,private_salaried,22123.926457809797,40.643197157371716,35.36194724903288,89.1558419109312,45.20268966259081,51.80494153956468,68.24267864107918,1.840549175066433,education,734.2039800773937,0
52,business,154017.2009143647,26.127103302140874,53.150804159862666,50.03277074065686,19.4911928736516,64.5011559315214,71.71666763418301,0.28765553330853555,personal,604.3544833931842,0
40,private_salaried,97946.41946871606,55.014915909913164,13.076262474424642,82.24276441789166,49.64887727304531,64.62102877035807,92.67859998381132,0.9573171065380847,personal,877.9915422180197,0
50,self_employed,35382.57975794311,32.13236972596136,67.35817003774405,67.07039878951907,98.82124322706252,56.39447283008581,88.08540463246203,6.553276834877437,personal,900.0,0
48,self_employed,30769.711790125333,10.513496832588029,13.887063871627245,100.0,63.28655371089013,59.651958494192264,74.08390025753121,4.167015783712317,car,731.6235865304577,0
42,business,19305.625745737205,39.32734766399369,50.1827839784022,86.10169849147746,88.52424033523363,75.37761351410671,70.56169234077191,0.8304958317308582,education,584.8499884277358,0
60,business,85212.5201131653,30.782844109782,18.627881911842202,53.025516464370654,71.85919464120968,64.70717292393364,100.0,1.395274070834617,personal,498.4309219368895,0
32,govt_salaried,44054.30604582437,40.77064774110635,38.261465716083464,57.22694412526502,59.01097719400448,78.57479420704753,74.04952067649131,1.9810387896051393,education,737.8062171034558,0
25,business,84790.63079728158,1.3595043879355586,24.096456903002156,66.39255921720192,82.02499049176772,100.0,92.25196861111658,0.9362560439132466,education,711.3918625395961,0
36,govt_salaried,51206.15129080991,16.462832236226458,59.51677541777164,75.02871717361238,22.46506382576635,95.19163476421303,64.74124293911912,0.22075463914213395,personal,876.4599274005498,0
29,private_salaried,49712.62358252008,37.29708431540263,48.619282988270456,69.12667722743697,26.965162543962073,46.38300207350588,87.46352774370797,3.081910443762965,car,648.572686702302,0
55,self_employed,168979.43829076708,29.83618237059549,35.952393130817505,89.06023219739053,39.70135670426712,81.21299841811779,51.8704274493801,0.5102962792857167,education,544.2001846301174,0
62,business,23550.056172284414,36.65712865842801,46.37499601870139,100.0,42.387812050407135,74.48831266000444,76.13692478573705,6.649082882268861,home,629.1224706468652,0
28,private_salaried,40294.89502734324,49.00608387665448,24.65771347187536,99.66044460683854,86.52480201924777,100.0,78.89080662631923,4.158340591590663,education,641.6799550220837,0
26,private_salaried,47037.9790479819,43.28270675849588,32.82875187448153,48.77652094688764,73.60935922917722,10.003502541674784,80.98689251624597,0.5122626196172807,personal,780.4780731288183,0
32,private_salaried,51964.98082415374,66.79886671260918,22.168045652195815,56.7807829020362,73.5796895390516,2.182124170019968,65.56944080617986,0.1018030995406819,home,778.7250488920928,0
61,private_salaried,66367.4100775689,60.88615800241733,44.372511109408265,39.5094761805493,56.63437698664121,93.38266288543137,65.85513279194325,1.9871493254232502,home,732.2515314089835,1
60,self_employed,39375.90816623787,28.764437026592823,30.912107723701677,57.44071928876379,42.87003260607479,81.22475000690824,80.78176659699551,0.9423320677932723,car,536.197507205399,0
35,self_employed,63450.79666882676,50.238212571200265,1.539609047781589,62.50607817722763,16.363791822312898,28.25061656339001,80.8906042384603,0.18300381395742038,education,675.3431617439202,0
42,private_salaried,29744.933042741737,18.779488826434175,38.53032615578156,70.36081601113011,32.594749280574646,73.34995450915193,75.65143667807317,1.0238430796410791,home,494.15364380127505,0
55,govt_salaried,35309.53022526144,59.922519338278995,31.49451574213029,90.76967464350497,28.71711616461283,61.9554035902276,51.68677663639035,0.1,home,451.5788499314386,0
42,private_salaried,46577.96690283821,25.788034197545535,26.316846642844475,51.25389711875284,12.78568007797621,74.06376432266433,68.0176995366264,2.8801536813830437,home,597.8659760421864,0
53,private_salaried,90810.04527777727,9.064607389837963,56.972491723072,94.28340063551273,34.70615910657584,64.08892148469464,27.936132347056535,2.6798451435542576,education,643.9666820749397,0
51,private_salaried,74620.54049985675,16.22351920079115,20.2193782798984,59.92045409225766,31.482386942980547,75.64572508827867,49.74545473174216,2.168702354476122,education,624.3124742321145,0
53,private_salaried,54648.5465179425,8.484187030919223,56.245937638225925,62.1020935232357,62.571120981680764,74.76948302063629,58.920719092785966,6.2943412145996644,home,554.2086885361116,0
34,self_employed,39713.86771950452,29.031311395729475,10.323268274916092,80.52158011096309,84.73478446532324,70.98301945914892,76.36284629392745,5.950880334868984,home,646.3816565262604,0
27,private_salaried,44668.87779581234,28.191518283097075,57.105965057497315,64.38923363414636,77.23677366129373,87.11870923915419,81.33633864124121,0.15953107670975838,education,500.0917376512841,0
57,business,83186.75075754544,32.429259885894886,30.178821323360246,98.27742091088624,48.57248455473534,40.31188684476509,38.53130322018972,0.3255741355048686,home,706.2665449544602,0
27,private_salaried,60919.30251661885,44.732713109369755,41.77250315273201,53.281273591923146,36.35590639723335,69.68627977223107,36.24517183751272,1.5736951372966779,home,621.0638066734516,0
64,private_salaried,66963.4192200354,61.145764023855705,46.77281996390272,79.379736236604,33.430856533184965,45.240225585216514,80.03784900195858,1.9719472715872197,home,608.8308883110323,0
38,self_employed,80092.90018783991,52.10061930124894,23.05070426466341,45.68719143367805,59.39034270497024,73.87047191730373,90.22700523506285,2.815704598521701,car,828.4077824400198,0
53,govt_salaried,107453.90590193546,45.49847256304214,4.468253517144859,87.47880243015703,28.37747475839882,57.1217954633995,87.19356360210085,0.4265229868699691,education,549.1024638128262,0
63,private_salaried,41447.77135324954,53.489764031616005,45.59373939138458,88.44044651805035,25.982738512506177,89.32550756599075,72.40145595946034,1.5476184746838098,home,900.0,0
50,self_employed,58320.28414535573,47.321004542841635,7.2975321863078975,67.80092993196017,30.48062699620882,62.57027738934032,94.92960002555155,0.970084550009042,education,773.2571054370342,0
45,self_employed,50916.708521288536,36.860636353708536,39.11710339695547,17.1452092311089,64.028185915987,54.03073872181083,86.9160237804067,0.5597694318148999,car,674.3313522891516,1
54,self_employed,59467.66600958184,15.616113620478785,56.51135875999991,71.91888522376777,51.86155800272191,56.63768650800958,20.608923436583908,0.4635064383524617,education,849.9535092236592,0
31,private_salaried,41284.281449385824,29.01270416703425,18.133163412053346,70.48208332475554,42.97724989251472,44.19070322245837,93.45741487711194,0.1943155583748039,education,553.8271515021133,0
53,private_salaried,100448.67782192175,32.53766849759275,42.51242463406083,70.71343867710172,64.84087191436416,64.85222260239352,86.27681141301377,5.023786786409113,home,397.3955172500501,0
54,private_salaried,45375.182339303785,36.38093443319843,13.927267719072258,76.31107450300557,29.429683898182592,47.4843744989449,61.95032634352239,4.131488874853775,personal,703.4116709410574,0
38,private_salaried,75034.02838395908,35.239756500832975,29.991455651264772,85.23051344235775,57.03117690599506,54.013589394334936,88.51524900913955,5.532245628831531,car,713.4409201957174,0
56,private_salaried,63729.75548097158,15.887037793387957,6.525643625921305,100.0,21.01777371449589,98.01041806175947,66.55595670841478,3.6936168664920572,car,587.020505427323,0
58,business,45707.90700318179,68.70458612714307,8.774655007108144,56.71857604283699,87.81846504676099,59.21462724916588,97.4432702962211,4.690705813623249,car,763.9439921467975,0
37,govt_salaried,25841.830131895273,34.28209365841877,17.443689259565264,100.0,46.98273922412048,41.04681258526259,83.83683063262029,0.8744021607314567,personal,505.05392316879306,0
47,govt_salaried,38878.3698938996,25.051687134249008,13.159748181618713,75.77677546240825,45.05638760420233,39.4207724907611,82.28545200638773,1.9603218562130464,personal,804.97089431093,0
59,govt_salaried,26732.690589229853,48.51296660823491,32.59114274717647,82.15642125039795,47.16578421787315,76.72857003318032,77.94867947711504,1.6740922733265151,home,530.6418284034553,1
31,private_salaried,26761.134494555652,44.08529316693789,34.007909776824405,71.7060790508415,27.320005053525044,48.57426408559658,100.0,0.8324505466904818,personal,873.1473427257263,0
27,private_salaried,36125.48449185303,14.40013580358768,40.83722626029308,73.88451324640374,80.06811375204062,55.909834013954594,64.7968644074665,0.1,car,632.0563562548077,0
57,self_employed,61539.80635153667,54.492289972726425,34.4259185659929,48.24307256368104,13.690398588643603,89.36515845239452,62.53992549477852,1.3401608592976242,home,739.6234515943995,0
41,business,32808.800994472265,27.684234678110393,56.750222152041836,100.0,71.21458925959739,63.53685737263917,50.52980064009907,0.377804345809613,education,525.7318607292761,0
61,govt_salaried,53698.28292243622,56.3459598771731,26.813444169173724,97.66881326731821,71.82544818944582,81.93866935718013,68.6293295407627,3.900914772404529,car,536.496535276156,0
50,self_employed,62179.12089446265,42.07631039567677,38.31605274501591,100.0,35.61121972652353,86.96730579573152,64.45285731496311,1.7691038095494545,car,369.62439869092503,0
50,private_salaried,70141.75721650006,34.365892779952745,54.419219794786,68.3585349850758,35.701112015619394,59.43593071979417,69.73830329311997,0.1,education,603.5736438634151,0
56,private_salaried,72402.91436421897,51.249397235164324,68.61396623681944,77.7911858933079,0.0,82.22483080972448,93.98280221216355,2.0711206775754953,home,622.7106544330907,0
37,private_salaried,98618.63143404707,14.560995803758054,16.2478444070538,86.82865198642136,42.15877461377904,79.21028174243723,75.98823876034974,2.01864605565078,car,881.8317673306345,0
43,self_employed,35042.372120789085,24.293008007919525,63.508118647458645,100.0,31.777938539745854,51.620111351205914,92.8504563900829,3.9158103903346566,home,714.0223991770876,0
35,self_employed,64995.27233942484,42.321334995013174,36.729796348118754,88.0289967202645,78.97326721423636,52.44065883749407,81.85494569015665,0.1,home,613.4137546883775,0
63,self_employed,28512.278031100832,25.109104249727125,20.39311040557762,71.7530219819443,97.30952196154985,88.56893770750642,58.388203983055504,9.965261355610425,car,754.2660032106303,0
28,business,36617.96326321602,42.83895729595045,66.8749518808806,70.22399929059914,49.25911509993758,100.0,70.3397856076807,3.47587817569781,personal,528.2096335858968,0
63,private_salaried,27457.893010855296,17.263463303460625,33.39881880238981,52.99934644045223,23.098182950735726,65.12232134016887,92.121409471927,0.18600013161334983,car,744.5620829072766,0
24,self_employed,48003.04790502882,29.50712542027048,66.25231649341558,100.0,61.33490383723062,89.45690980125951,54.37430692158341,1.4598319873529422,car,564.1145136841787,0
55,govt_salaried,43870.17243794256,27.644011211563683,63.407928621970484,100.0,44.64050585731111,30.804643853406752,26.850323416252408,1.957036653578995,home,678.7148137736427,0
45,private_salaried,15997.536838607011,44.82469690870757,68.56370757797819,30.66244645328888,53.06247028030712,45.593033011728,40.19068011892297,2.3645238537219346,personal,582.0698019381506,1
26,govt_salaried,48653.40125819394,27.842884764070575,18.698659263406835,76.79754315683832,60.16745292248255,72.99904834168142,77.35967425314105,2.7232203064774483,personal,808.3376018838682,0
25,private_salaried,85677.14786732881,42.52307612180978,24.68091478160808,26.59144658729535,17.624581085629664,52.32224119022186,78.91638360606102,1.5697844061023565,personal,617.1390043624846,0
41,self_employed,36422.36161257597,8.589210301270306,65.27082871204593,86.3805629196292,74.90024925014644,84.2337610385875,66.70539542482074,1.909657154881812,car,660.1508760497043,0
34,private_salaried,27501.64838439772,67.22765193705035,57.350449743639885,85.41249943342225,62.69345127349449,91.199739990903,62.6259502558542,1.708471789517516,personal,596.4519959858663,0
44,business,86043.84638831185,34.82507526973846,43.096259688374246,50.61504154557156,50.1600007353331,85.94187313813656,53.101002312827916,0.10771788459883502,personal,646.7790405630898,0
23,private_salaried,36730.8429885325,21.389302166183597,20.2534389796043,98.34053381267557,92.4390201886761,72.07113563314272,44.18775524474016,0.41017227175568505,home,658.1647416489964,0
37,self_employed,73185.0975481116,29.44586641426347,71.11334349214597,64.9504281861252,33.529432579837035,71.09769814768745,87.60128771617126,5.721805650462995,home,900.0,0
27,business,94007.77931245654,59.21446787284721,58.90169779267965,61.29599539422853,37.34149055585006,47.44307243960489,66.98692202816908,0.19385869114777812,home,666.5875213255856,0
62,private_salaried,40017.97916916356,14.864254528075747,47.88581186204922,55.67955405814361,67.53673185508147,83.49761785724503,59.012851366479026,0.7019698186592243,car,563.9056313069747,0
60,private_salaried,90809.9906812654,37.366649050199165,35.69351849609541,21.65620824189635,70.8407957031036,89.76899215163735,58.54717128526627,0.1867574965421862,education,639.3952428497917,0
22,business,32960.30466312822,52.99783003282878,13.12703933278977,67.8393091448647,96.95591400958205,68.21961120754644,73.91194857402196,0.5414654200665538,personal,637.8563634054065,0
61,business,52292.30163497834,62.80314517987779,74.2532819581828,81.27433708050661,54.06935248714715,68.2724159554997,58.671397033975694,0.5744878814882316,personal,715.0619236170476,1
30,self_employed,161376.01350259033,46.87219907887089,35.320402947928855,68.58003864193228,100.0,81.1489542406232,59.691450378807076,3.526515090536103,personal,570.9335463938568,0
55,business,55964.32412192601,23.175488974320395,7.337917425435357,81.57069727619022,46.53217789993188,72.94412164591019,33.294258917335135,0.1,car,714.6851109275132,0
58,private_salaried,45427.9447317857,22.448323910323708,19.538658745811404,79.28607879911199,100.0,100.0,43.294661996980295,0.1,car,730.7234608400122,0
54,private_salaried,47848.75963902715,25.630053006778116,40.81324767814634,75.81754082971544,20.38822235695458,79.955589586262,78.69125213319246,3.405501717006016,personal,710.765904618567,0
31,private_salaried,27785.990386143763,37.02565029445564,48.047098581371756,82.07854711453611,34.44150914631392,53.57540920129486,56.23319421502789,0.10532577175387908,home,717.9962164418109,0
30,business,31139.606030331615,42.44963890365579,43.348399564939484,76.49799989256852,70.6731733973613,89.14039706999273,55.552796110783746,0.446446186451867,personal,600.2559271158135,0
57,private_salaried,14154.099713592406,33.95933932399897,63.59308461241907,46.53076579274125,44.55785313338387,42.2657198921689,77.93423415536978,0.14298315408813916,home,726.4200150432345,0
50,business,33573.986604768885,30.137363614645608,27.965624833313758,84.80852817354561,20.45354261354325,75.85377459190696,59.17190754682999,0.25186190195470176,personal,724.369422723367,0
61,self_employed,70660.20938825283,26.109133044320508,15.812482559765908,63.41716457367824,27.946680517191993,82.23387226964356,47.94473822877687,3.223808676620506,car,644.8092839023584,0
48,business,21576.554479742626,41.284702218620076,15.927849529716624,47.323148982289425,13.411951345563864,33.24470409896921,70.21771541136276,1.5459493170593028,car,707.1448004002259,0
59,private_salaried,35338.223522938344,31.595638716754493,72.18807133938948,65.2298332445503,59.86950260717032,37.56119331500116,83.87744484365349,0.9354042133486705,personal,561.2841769746016,0
60,private_salaried,20026.63359856234,39.369264921066204,13.313039379551157,87.91709980688613,42.284503536019116,46.66072157226266,56.33470644235801,0.14606341004590445,personal,684.2551391217656,0
33,business,37324.00889983083,51.67066655747334,0.0,98.36233766971333,38.183968064965285,97.00822818474633,72.409759792665,0.16857926099549847,car,793.963856659662,0
54,business,67465.36538290708,41.38974682677555,16.588181110608186,100.0,68.30321428938086,51.235434767221406,71.611916480595,3.0591317572592502,car,520.0412229014472,0
25,self_employed,106758.89827545534,37.276939233087504,50.27025134349594,99.49449043819511,54.856410112102076,66.42207714634691,88.67313202857795,1.1791513412750805,education,727.5797558715192,1
34,govt_salaried,43842.38678486759,30.53817605203063,46.10823051698557,89.93083305974551,40.882872071382415,83.05241357465255,44.572562978669374,4.307960727034206,personal,703.2079014209507,0
27,private_salaried,86661.66266540941,3.461866927204799,32.30847864219902,36.98476349244241,28.40375922518009,53.4638197160221,96.79174766231256,4.418618923965009,personal,788.4417319231995,0
35,govt_salaried,62485.324953728064,26.378040556296042,48.45523681801335,55.87102821529649,45.263351865057444,76.88407462972089,56.84600565643806,0.7590531375302281,personal,626.5442760420132,0
24,private_salaried,84932.67584003285,48.75947744913968,30.016841368678346,66.45608534509998,32.16709013821298,29.769852044373522,85.44456202831178,1.4398254142383085,home,731.2632798239827,0
34,self_employed,96028.24758794221,54.29829681379744,40.97829217057105,78.87785032203894,38.028936390861304,72.57111183637926,65.263338222317,0.29108157518509137,home,656.5619496283383,0
39,private_salaried,30550.67433104082,39.87380939555385,7.242450742252569,69.11784458152101,87.69523323395137,36.31763204894244,78.98515512157746,5.818005283791658,education,715.6615377144362,0
33,private_salaried,57216.205243588556,52.586373799512806,23.459598940412015,100.0,80.22173756917852,43.25665468567362,81.50170620879267,3.4706431505765094,car,749.3214089068595,0
40,private_salaried,61823.337599095445,32.632301656830236,19.517500620969574,65.33571818834304,27.594272518662567,79.72205746595331,26.813378300882988,8.147894727991137,education,764.2069814002475,0
40,self_employed,36398.20732739579,59.09444964442325,16.141995841494694,62.27612002548856,54.86261527861529,70.57458254791098,98.77200233601107,3.225594085207661,home,671.8365310254628,1
23,private_salaried,27546.52561290958,26.58323660372882,39.97317011644508,100.0,79.80677529032465,95.00854776772618,96.82667659755542,0.37446635796618244,home,743.4473940366701,0
38,private_salaried,91769.44405890643,17.3881335416426,14.669474213601017,71.24779215387298,57.58048279196909,86.62878592532006,43.68192459087277,0.5854258346289994,personal,669.3382388224773,0
54,private_salaried,28066.416727567917,36.38233739811001,47.48130774245516,95.62447932133473,42.02888028058135,92.75902629048957,69.51269732593462,0.24871958117053383,car,801.8146627669109,0
56,self_employed,98902.03860192468,52.850068596715154,66.82617622369348,72.8541211313224,56.08969159854458,75.39060865031911,64.71301162272471,1.3783381558468177,home,859.4689800091476,0
34,private_salaried,35759.55752503766,39.225620059992465,52.718886472007036,81.15501112412466,69.0349686597937,49.805074578828034,76.09074797031916,0.1,home,559.4487717159919,0
22,govt_salaried,32355.881276768265,35.39699134423513,32.849403843838274,44.69223947041408,63.53164863681598,81.5204584592348,76.30548141898666,0.8119791558773877,personal,633.211043299053,0
64,private_salaried,30932.329707860186,50.03516330419663,19.353332003009086,70.06162327651876,53.69677691985356,38.192972973921485,100.0,3.2381799983174475,car,646.2428288676,0
33,self_employed,22361.515967515155,18.800631092403048,48.60373329785684,58.67710562297421,48.34804773700635,41.597464252689704,76.86699570484856,2.953001331253437,car,595.0893313688598,0
42,private_salaried,49490.934890126104,44.74986305815334,38.98297879764262,62.47764307770324,41.15340679536213,74.11488444972758,100.0,0.1,home,608.8537172543416,0
27,private_salaried,28512.425233018937,50.288934521070324,0.0,89.03223859333788,87.01305912632807,41.65154530026139,43.726543271500695,3.599289908103789,car,735.5481635702175,0
31,business,28453.300705026548,11.331876236806046,25.93104958448983,63.14382861138465,13.221527522980004,53.31651696789651,76.97613884510692,4.319105958828554,personal,872.751147172012,0
44,self_employed,42839.04279233961,42.29529808737045,14.885215223659415,58.59103066455833,68.47780163130076,51.482391277841835,59.684318649602,2.8021403495338593,home,724.17703298759,0
52,private_salaried,36048.89630302758,31.987741481875247,42.87904017987871,57.739857239940164,82.23303391570386,88.70961038083266,82.12985252317479,1.7690138049844408,car,658.385166031578,0
32,private_salaried,54808.79246060339,13.271284297595685,37.368490919827885,93.09314963819682,43.26679546706119,89.32103450456881,55.06019243585639,0.6495480265023139,home,552.3878262894832,0
38,self_employed,41674.75440973981,33.85208122162814,49.28685669759234,100.0,73.72936075190162,71.07201747114412,58.259604297377905,3.604482003582415,home,643.0419465808775,0
28,self_employed,32242.857363192597,33.9371125485434,53.70523129950863,90.90331555073116,88.34378288592652,60.05889341209712,72.85981914368216,0.17505402159707595,education,475.8999566254291,0
63,private_salaried,52788.656611672304,24.49656745184058,41.64850581965131,64.51779808746055,60.03736294611725,92.74410536825613,77.9750077983571,0.9198012371825373,home,591.5521146609087,0
21,govt_salaried,24566.50532092999,20.99917826552089,46.97996802250324,58.82205457578318,44.80170468638666,40.52169590322574,51.29599268152362,3.3327148248405485,home,539.6061850584867,0
39,private_salaried,32117.444058164947,46.27881499441873,36.46659856501272,92.37314481471125,80.07006835800208,50.48096199401504,70.64148655114374,10.18476853554262,personal,648.4407585579692,0
46,private_salaried,153369.47729306304,24.325953080348548,36.87573431342667,38.25324093315571,88.63347733326532,59.117987328685984,57.73099793394357,5.709089245585873,car,704.5886634613619,0
33,private_salaried,32848.080269334634,50.85000832890687,48.4075464857998,85.98020970184197,81.67196501509568,44.01405165573516,71.4234159273343,10.28432882455138,education,783.0470121670447,0
36,self_employed,48914.33377220364,59.003189974150104,23.303174172894945,100.0,45.93065425538465,38.018390972213545,100.0,1.9872387017076507,personal,651.2836648550276,0
33,private_salaried,79555.79375889184,20.31696353494165,65.40024681566791,36.80723778921441,29.810502118454586,36.69771180958335,30.500962586293774,4.251735103358389,car,610.0201057640988,0
47,private_salaried,19187.556557878335,49.90980735357994,58.82013099501384,54.665980944960964,47.54889564508783,84.89386302642943,69.97384931489822,1.5811786304353674,education,743.5290042359595,0
41,business,52631.706708954385,15.378176345412705,19.924450828847768,100.0,56.337866314491684,83.6017160958273,74.64026176816057,7.188308197970158,education,807.7138211635429,0
59,self_employed,79558.23119612281,23.17317666654533,42.17009914395066,62.39961492515631,89.27462319550312,64.86781421961413,45.80624059589272,1.0082510888349852,home,722.5165135641903,0
58,private_salaried,34046.33461498783,12.918663987723622,50.864059359780185,89.49366215259246,61.32975017777402,78.62540857043538,23.828442213425525,1.3582797168514607,home,593.6672921210039,0
46,private_salaried,23067.029461689686,50.334084200828514,27.797223954842057,39.67392189120157,72.89682785880683,24.532193852802124,54.203609393778855,1.4056727960216733,education,900.0,0
56,self_employed,58819.34922615458,21.866157761524704,0.08241177416800127,89.84873778602667,43.57897706919491,45.0840095720083,42.23730292959849,7.618348553133636,home,671.9276958093134,0
47,govt_salaried,104378.72452010954,0.0,0.0,75.84128145739304,66.96431662612032,38.481103119407976,91.8765044987559,2.3657407699643525,car,637.8303351630252,0
26,private_salaried,51867.03220210537,38.20972695961145,14.51706143449352,67.54783685754727,56.489478083254156,71.74298769015533,81.79095725964316,0.24141081682821341,education,530.1866096822012,0
55,govt_salaried,49216.09714370518,64.39235835140167,39.995224165628386,88.47519197433897,79.91183025346592,82.07637001269488,29.308980145105977,6.566085943385495,personal,652.6814616370581,0
34,business,105021.32663714133,35.18926718541165,39.071276993361494,48.260599216423095,51.104267837646276,100.0,76.84222075900003,4.567091511329535,car,582.8136469618221,0
26,govt_salaried,84316.5860348906,42.46691898529037,51.63163846486071,94.1863669195367,58.920213302427555,71.58112893842099,58.03493451137146,0.3964116212295107,car,472.9343868145174,0
27,private_salaried,20564.796161827984,29.45874243070453,76.2898877968735,88.2760715741273,49.75504599113673,78.96247210812713,59.569136437448634,1.28873685419019,car,553.9186708544975,0
57,self_employed,58214.39056728544,37.06036309888712,0.0,62.502455209943335,91.62044806363494,72.72737997315578,54.07488578706004,4.247851180086484,personal,720.3181015700623,0
30,private_salaried,66144.4580651803,22.536795334216578,42.5257568989186,75.56612968946241,25.68068086659779,66.00120904888799,76.52457421009687,4.450902893240268,personal,523.1404016480965,0
42,govt_salaried,32637.87535429145,38.44820394738772,28.12678621122924,69.81613570877356,64.86384445730872,53.188297822237004,81.56629143216408,0.7167786369945115,education,598.2613920299162,0
26,private_salaried,57730.48007682412,33.727440209311254,72.72257341304118,87.14700406145143,67.75851041781436,51.54128939144088,58.71373890119541,0.10690173546971321,personal,599.5170633799737,0
54,business,40324.27176458976,51.729712034915806,18.56432205947539,89.92320598645541,100.0,100.0,52.809919709519704,1.3075759586674784,home,633.8644813375587,0
61,self_employed,38438.16650912573,18.262940599054392,0.0,57.76933246340753,71.25665592397694,82.20669151417704,75.93042210271557,2.2606043824808904,education,673.5225868677625,0
24,self_employed,34489.02925829426,23.405203958733566,42.591884952303886,62.08382052227661,86.01317490579692,77.49957398356045,61.440191031490265,3.713203301588644,personal,708.3839963335238,0
26,govt_salaried,95545.81123085729,35.00920283083683,46.613689874126194,64.08643292498861,76.25037798408697,63.734952397729636,85.25470624881139,0.26883415656554777,personal,754.1364644550873,0
54,govt_salaried,28477.09654571697,45.95281782781702,15.421198801262854,41.00035750653036,31.36901736794249,69.44438226796903,77.73683639066937,0.4187244785492788,car,779.9320054896933,0
29,self_employed,60858.563801817996,18.430309747675082,21.97839455075347,80.63149432265197,68.65316853431436,44.087242655893654,100.0,0.8240005539836842,car,629.6515381902725,0
33,self_employed,73361.26188370783,7.264397217738427,40.849985474355705,66.4284482160788,44.27253267745209,45.95752515703944,68.32555129618356,5.388973526915643,personal,676.855670210719,0
25,private_salaried,54607.02111864861,45.44629253024605,14.377962825611373,46.225784774580504,100.0,63.42732236808646,83.99619969019517,2.45707030068996,home,665.9493108494535,1
50,private_salaried,27574.647721873887,39.55898542563501,1.353461409615015,80.89074466692222,45.3221827710139,51.66481346428259,89.5068479892012,0.18093485836207457,home,671.1072502350377,0
43,private_salaried,94117.69491952928,54.150412990094736,63.98618245737351,74.34323298688106,80.94517353817763,64.0232121774786,52.33889756783282,1.257366894618138,education,784.9012142134824,1
25,business,48636.659645415704,45.512436497375035,19.04226357008219,90.43606000548358,51.04462972955729,46.25718952637915,71.27379910853777,1.494034912963461,education,475.0871579782045,0
58,private_salaried,95183.72761447844,33.84861480855906,24.350692119856255,93.9030947133366,44.88875793827222,70.36923799733464,70.51510701846526,0.2524183086740952,car,593.4800695096426,0
56,private_salaried,33006.22104976052,29.8623138800082,0.0,80.66119093017824,24.772217775286215,77.59437448237848,68.19151798649412,6.879818301654988,personal,752.7024629610964,0
35,business,30819.623713031036,43.92857546082746,49.06909088838632,77.27204051955768,28.242439607133882,54.45101934149092,68.79334555159866,1.3499581771302682,car,732.6193459978513,0
40,business,110911.11206297293,27.877173031653868,83.98135831240361,100.0,44.5355692370304,64.52890977855076,79.90556487801747,0.1,car,660.7800946554146,0
24,private_salaried,130807.31477266342,25.533459626326035,56.224822505734195,75.62807793527656,86.25415882384227,38.98029169086432,57.29481442227662,0.9257650417899321,education,633.1673890071953,0
63,self_employed,41470.059397430756,32.61756212920237,8.845148221769932,95.95395303080008,50.96998364746909,68.89244377490198,58.81344695775641,1.747111383288831,home,668.3606447814398,0
24,private_salaried,63841.17049254097,23.699807734633097,25.976529798037472,44.442859910053265,56.676737500340316,66.1256803904258,100.0,1.6595948680984394,education,585.6935127994161,1
43,private_salaried,81543.87464689194,56.60701609101915,13.945856545943212,100.0,85.72615397435081,47.937719930456424,32.417316513363794,2.041659790014283,personal,796.7235825813837,0
34,govt_salaried,88710.9965827254,4.526340135333225,37.52366314507194,76.14807954038622,92.41140148431421,81.57065554247032,86.38456295406513,1.5074105353396896,education,596.737167260366,0
63,govt_salaried,60892.73230157254,45.04367645757627,25.297114691437155,72.82519273952127,69.34718823922901,66.70764620869981,76.32474502042403,1.3439300284971396,education,678.3150444067887,0
52,private_salaried,67990.3034312832,51.0580036033683,52.82566070929833,71.03194027230921,95.74719671482448,51.181966092911864,100.0,1.3346632627736674,education,664.8454701939214,0
61,business,64936.40705843487,65.24918635191466,25.32033216273458,100.0,56.99787761269701,63.124216232233024,64.21233730465852,2.7230023575539475,car,652.6602528983848,0
55,private_salaried,87640.42418575584,38.33106675001913,8.945673864813884,39.52308132520849,83.86990819833836,31.939155699921493,85.18680585604233,1.347176027490852,personal,718.2850350101753,0
56,self_employed,85483.35511287778,14.943107313481363,37.66123930760988,74.1922672043928,28.405520213739052,70.28619604260379,46.620172836625954,2.59404743331261,car,741.110483010351,0
47,business,33408.432045280446,0.0,5.706804763339267,41.797697344939195,30.582774198945447,64.7929804531366,66.24315011143199,0.1,car,542.8446480746957,0
29,private_salaried,37982.75584081504,51.93453802103128,33.04578220269414,69.69107243548994,50.28985459623127,42.243356984140604,78.21952330028337,0.19472030866792747,car,480.2469502081517,0
21,private_salaried,78554.54619528944,43.89535215819621,54.091796810206716,58.04531540347543,42.284627647783566,78.07193367891935,83.42955342864173,0.5395852794851786,car,568.5655258955742,0
27,govt_salaried,40442.70467796086,49.021437271454005,32.87580765116571,14.926861617507925,39.92750888193127,51.18683010876803,87.1092139249143,0.24974076040522333,car,649.971741810226,0
29,private_salaried,35124.37126082868,30.86258453144106,39.923604676766246,62.10943378728636,78.9647579673557,59.082197568120165,32.383223980391286,3.1903633135252623,personal,668.0919997029417,0
40,private_salaried,25393.562603681068,31.747179626134045,48.056397823606744,43.44365441920955,87.34934686264901,62.944150005252766,52.07239097995524,2.2724283630193294,education,577.166460434245,0
64,business,78003.15193659713,31.85664803460564,22.911348776838615,61.93509552606697,49.1964536692971,57.028895566974704,71.22932675843713,1.5201262822548556,home,843.0015326874337,0
50,business,32575.204813171975,42.95701235678898,25.99639154536601,85.88215307033744,20.507943521845647,100.0,75.81218338922808,0.6596873924447323,home,612.6165180347142,0
59,self_employed,44603.953273456755,32.83338745882429,44.46405556145523,49.15159311275577,76.49032348449586,89.89962225628774,56.79901018989256,7.985885548147643,personal,645.6090289839459,0
63,private_salaried,87423.4397709386,45.87070175222362,44.77217694547879,48.93076885541153,87.93330619729612,93.39752269596931,90.48835583353654,1.2647913155694406,education,586.2803780529665,0
49,govt_salaried,35628.41266672488,31.8088523182866,4.5047024954677255,97.98410766347482,52.45186153568034,99.85986178251858,33.48053095333824,0.22516509524910183,home,533.4193224971247,0
62,private_salaried,38825.099502401325,35.266632758359215,21.48353326843693,93.92634575080397,76.53361090043171,97.20500797267306,37.156942364352695,1.5968657301847267,personal,528.2819382824946,0
54,self_employed,104557.55939910104,23.183541430429052,64.34205309245971,100.0,41.20095127876543,46.01697801745685,85.15685511208622,2.64122626848801,education,888.8793373781257,0
28,private_salaried,97250.92211557846,37.034829364018336,35.993421666503856,62.4463343902827,44.3183889529225,63.670448869642435,64.77908186326486,0.6039405436958729,personal,732.7388236089587,0
30,business,63823.69811958765,28.209300265205734,27.966030058824924,65.43776588212798,9.746980244401747,76.49526069479238,85.70683353867153,0.28075251885172137,education,761.8225781699609,0
63,govt_salaried,80080.780968755,4.948018355461411,40.94284377848294,91.87325003932509,60.415434865169914,65.45096626194005,57.45491906008169,1.49763440873808,personal,832.519957896725,0
58,private_salaried,87676.15258340235,25.654867897943433,29.298203420825665,95.23089424262217,25.618177634913014,98.1178615256062,76.54944361323577,2.1651005690411975,personal,749.3549965095726,0
36,private_salaried,49784.671296345274,67.68099913792804,18.416189966148302,45.637622238227365,94.21918144693359,72.55180451020948,88.09324781744291,5.5161807954034145,education,877.8758401629934,0
64,self_employed,32435.637423602817,44.576491253562594,38.45549502319852,83.26269994059078,64.43661884781916,81.6059737835511,95.93425796923626,2.505056547893372,home,675.3845760107575,0
36,self_employed,23101.281322702052,14.865154611925117,11.314823479445003,50.70055427867333,25.17100629727934,43.087168276480924,86.73044518021158,5.992802313183282,personal,676.062476873658,0
34,private_salaried,25947.939775697683,47.88759141010981,53.03035996476332,81.59785194762416,68.59202247191735,86.97741575687974,60.087446523785445,2.534183229523441,car,745.2115591642975,0
38,private_salaried,52618.675848923725,40.385416586089704,36.54911629592277,97.9000295704397,46.34558876014477,62.318971276059784,74.2300852467637,0.772415701729994,education,463.50396796660806,0
48,self_employed,22611.965391463942,42.95568037756682,45.44959646188255,83.45857217022571,51.45308184042473,46.19865089216296,96.9242553222524,2.8448922816641584,education,637.8104493532597,0
43,private_salaried,38545.439537076454,21.316366220231384,51.12823524523518,72.72344371075201,86.30699863789731,47.90981044540129,35.44877924727328,3.0903512069128336,car,853.074877563676,0
25,business,63926.76528266785,83.23061294319248,41.64118241898177,79.71104422576181,1.1159332235520623,73.55894881177056,73.37335520038583,0.8158722646077339,personal,601.1094562154556,0
49,govt_salaried,70645.13432612526,29.437069582924867,38.386274477077144,66.92197833227587,74.58577966609701,68.53527399944414,64.40178853659037,1.8580884479075817,education,838.2171756083465,0
56,private_salaried,37403.304250961184,25.861649816292527,48.26439889385959,67.56934644680132,99.22216374277076,49.34562295153954,54.29787163793657,0.11578122431933374,car,521.8881256477782,0
40,business,45211.84132288512,32.49860431619998,27.497509755847325,80.7163526869767,59.673195436486026,80.07901524617448,86.72889422390301,4.634445329568278,home,581.7836598350698,0
60,business,228690.32494240254,51.466620689613244,56.20841387707635,69.25264889556271,53.332711809856214,80.3058984787655,100.0,0.9593454584455792,car,547.513472151969,0
28,govt_salaried,31950.59491445426,41.07971954306747,45.78240344141797,71.96831824471414,54.02239909519401,2.8614796160162683,60.959846538839116,2.2004550278859285,home,591.774973225727,0
30,private_salaried,79563.30356397099,23.284885908859682,35.19752125280042,52.32446286948367,39.334617273176434,53.204890404043695,55.95475484384716,1.6631278490768637,education,693.9445445884367,0
30,business,45172.796529341016,62.88672206961748,39.88254041772163,86.47643693784107,0.0,45.742172807515836,80.2781813002846,0.3245311774429872,personal,560.8047860392315,0
40,private_salaried,43131.46420512476,42.472057854194986,23.54809527184228,92.05836684247252,42.949685034233994,53.808730678606295,100.0,0.9855701483705654,personal,501.8499056764252,0
46,self_employed,24310.58215619785,28.847975971987346,48.98615795123494,85.83635491774045,84.04777287574419,36.10365177349574,78.89918382243138,1.1229226708718885,education,617.0648311530738,0
39,private_salaried,36743.05610474767,60.0741753899055,10.83497098404969,97.73211773066333,40.31393891439946,38.52409110806282,100.0,2.5902916822526456,home,760.7716336475032,0
32,private_salaried,23638.862029152093,14.165892214054182,43.21906661416063,98.16299111319088,45.4157793942984,60.75974215330916,47.2369870983392,6.747716407452313,home,632.1500301905661,0
36,private_salaried,72962.59828846432,47.17998398325097,31.56010029136214,66.47656184868629,84.1811773361425,57.80102670373506,84.91864449047563,14.215674654371217,personal,633.5788190170282,0
23,private_salaried,27506.278665985123,14.137914983371939,9.199984035263327,67.54177191810798,100.0,53.30676242651515,98.94909664692409,0.40883798337561716,personal,732.1311172072216,0
27,self_employed,110124.99062623159,33.890529763674,39.5066780771959,74.18190334502403,13.73486771699163,44.75154385291984,64.46744313166558,5.117868038581312,home,767.8543190528461,0
52,private_salaried,36515.55014966558,32.53293231170552,35.72065746190405,68.19625592548013,42.90301998231593,80.41804777925088,100.0,3.5432155377874137,home,520.0484683710014,0
53,private_salaried,24927.064059865155,28.494005490329954,13.604512062584476,91.08824971004773,51.02574059689244,75.65151001194768,45.58440135648658,4.115845877683741,education,805.8514978717582,0
53,private_salaried,48724.77586641399,9.317742913485123,20.65942783660427,48.464746036685504,0.0,74.65144876133978,89.42661350801134,1.4191804994693327,education,730.3585943887465,0
42,business,57996.64339643834,42.75659565514114,36.906180663513105,90.3445092729917,67.1747034709266,63.91023812284392,100.0,1.1672696526456579,education,584.4579963869817,0
30,private_salaried,40580.35648550484,45.731210618660654,40.039272082561325,82.56311871213927,58.40557905941659,43.115043472768164,100.0,3.9296679355831836,car,900.0,0
62,private_salaried,84607.9717274751,25.896979759333178,24.718173216400743,53.71338574792527,57.35088496787756,50.67082967277439,89.84709462493578,4.274748322165963,car,686.2447187706994,0
50,private_salaried,25891.289690941216,39.823169589769975,61.67133644396691,59.96212740193354,100.0,76.13736633657972,39.61176247932386,3.1555063574624107,home,681.5704407842024,0
26,private_salaried,94913.51334784467,20.18349369838299,51.89482222246835,100.0,56.203888855487726,84.35222732244398,100.0,0.9766786013626623,education,682.1562559052886,0
29,self_employed,33783.62479210316,17.513500261289185,3.997092756182944,53.03163047875117,68.85304773122267,59.91210022964477,62.1476712033153,0.3310655270572376,education,427.4468826921907,0
58,private_salaried,28529.214551276604,41.541866786179334,30.155898056514314,69.99258248596978,84.7420806972901,81.04207532988241,66.41062466533123,1.5495995339060613,personal,738.898047120605,0
30,private_salaried,33985.25078288283,29.04816580884072,50.041496651512794,89.59498218203643,6.541377870558861,75.63595378262937,89.98640104175817,11.083302706471429,home,663.8350723484231,0
21,govt_salaried,43755.4537326293,17.303824271569276,15.958233902018321,84.4799595347073,47.92398787471318,64.3963230115929,89.22608460549142,2.2706081961803997,car,643.4445548725088,0
52,govt_salaried,106778.68170770147,56.00646652699527,21.99018439368143,87.1837671653956,96.8049425704018,48.081017439959744,72.94492800711012,0.4806729925429607,car,590.5271711200324,0
52,private_salaried,46172.84498972307,37.21993414310042,45.37669090561981,76.5431605126334,32.97626475006111,100.0,86.58253543243197,2.2321454399012532,home,716.326369357984,0
41,private_salaried,40677.97285185628,58.64536319436385,65.24097230578614,86.85695196519991,67.91529646442,78.92084822192972,89.71241826673194,3.1267497642611914,personal,727.6049695995381,0
57,private_salaried,94753.17626027571,40.14492671106959,48.018632449999,100.0,73.67655625226696,83.31991126305681,62.21162933435158,12.688793055634555,car,829.7973852499616,0
55,self_employed,144390.5016103663,51.51611580339654,86.75660995520998,51.62150996356131,34.90668442691795,100.0,78.53389684608749,0.7010262081674461,home,739.5064730781747,0
57,govt_salaried,41135.897415598825,45.99297465228917,59.44786875301149,100.0,74.16795706550701,100.0,58.50494033585174,1.8568315263426234,education,549.8551337080755,0
21,private_salaried,46174.3965660526,33.86025107711342,29.685218218982634,88.80641092295248,22.49532462325223,20.93172901386376,75.76051945139005,2.613900463489929,personal,712.3411865729963,0
55,private_salaried,56328.64055216885,22.275306555339732,33.091491848166406,91.7385687042669,89.24102513457174,96.73904221759351,100.0,0.7504600239235161,education,490.3525720294443,0
56,private_salaried,52489.566161492774,26.267208494390136,23.72500071912096,60.94964684506493,0.0,77.28207465453262,70.08455567117333,0.26410845620073076,car,765.1318291651107,0
34,self_employed,60446.27147397413,58.58057661967657,28.393918216009403,66.32557843660666,90.66444567880754,33.817463505643985,64.8076438727559,3.0688400257795263,car,615.8959862796094,0
55,private_salaried,32026.570001903496,26.448404556572427,37.10704291292003,56.3465614609636,62.13677452211114,100.0,68.95228709960621,0.4019100956514343,personal,873.8128591248985,0
53,private_salaried,97265.6234062137,58.507929714046085,21.994020950656903,42.83197626138838,27.827942335141127,56.070905456941766,22.535405342987204,0.4910026032046898,education,592.9489173050999,0
33,self_employed,49708.786210767015,39.38378914364404,37.736920159757105,75.93771718036781,38.699646903585574,38.33240807929235,100.0,3.9975091101243327,education,640.2277515961842,0
44,private_salaried,62650.681638118855,7.479674743216318,12.707130612937107,59.04450243943254,43.63583943645594,47.40608641059691,76.65614250501493,2.0416341367834088,car,659.7736681355403,0
40,business,52686.35032339483,16.057246397773504,37.94610427936891,77.91051756413948,54.64504825588344,43.303508580689964,51.656051087148995,0.3139247667983599,car,571.7804528999377,0
46,business,52618.81064181134,20.70049294348349,38.14938484669073,57.38094833046819,59.01739021642295,91.78792244878315,75.21967700032141,0.8093039074512071,personal,688.6244458859669,0
48,business,67285.38176381185,60.783823605845186,13.888200147752599,92.59321994737874,73.67274968140808,46.95667276990479,90.17772273533524,2.8964447774920217,car,773.6378874904754,0
24,business,37896.67801997369,8.849670929732401,28.635448704976806,69.48203211482246,61.55145456393587,36.53793778235069,65.21975577626242,0.9767169397350806,personal,719.1501670426538,0
63,self_employed,48502.74878633582,12.028093602159394,42.50403149832933,81.88956881694048,85.56360382332473,58.80622461418244,70.23992137877173,3.7951574866157474,home,627.2678080585282,0
23,private_salaried,34168.543960595125,27.673903502792893,0.0,71.81329177692128,55.18665801484299,65.9211208564761,41.00246975978101,1.31353478796672,personal,691.4363956824085,0
45,self_employed,71604.76915562595,19.039700424752358,8.17189658042432,100.0,69.06221347467758,43.719702162360015,64.40908301084428,1.5377685090075786,education,698.7223207615756,0
45,business,51464.232590647756,21.90824858219488,57.88409595808272,95.89093156286367,44.736020282837586,62.51423081034009,98.28441345380654,0.6002668125683358,personal,513.9715014743053,0
23,self_employed,34980.89977508645,53.90567777210063,19.77345303077743,50.029426353514644,49.1435135699722,70.25366915893673,59.785366359671734,1.2182398584601775,home,652.8316883129664,0
38,govt_salaried,106570.88203608195,61.59217586181635,23.490131298143773,86.5557326126368,41.19313773943388,59.26254042202794,57.884491702028946,8.312564265676334,car,443.0787583524218,0
57,private_salaried,44550.311404361695,36.917006168058236,64.1816369548139,100.0,100.0,70.26620942263355,68.89055094786613,0.1,home,726.818413082857,0
56,business,56298.62316984585,24.062202901237868,54.29087409472347,55.29875004368988,39.096783107790316,58.27750288031483,53.270295783921156,0.2943277329326762,home,717.9741993376977,0
25,private_salaried,49019.30000450194,35.245484197587835,47.46429925110211,68.9336530926506,29.356897597698108,91.6444524350323,82.57434055622042,2.334469762320725,education,637.4951703661966,1
26,private_salaried,77101.94314582089,38.68920136396372,28.66513493652888,21.76006945045294,94.24206137388755,51.67095697133582,86.67039871196262,0.8618634618150818,personal,762.9656912897651,1
53,govt_salaried,77769.71831193342,33.65812926129017,32.60578082352415,62.67964561156145,47.536865609774104,67.81690220638059,51.194747645733415,2.2964567660111093,home,900.0,0
23,business,25562.9753747007,26.817755639221126,42.38530635068884,55.14809861190166,29.565256966144865,53.66646773904951,51.10802315072988,2.457635789642393,education,517.7288383203083,0
31,govt_salaried,32436.31225119528,22.119990598270025,68.60699907736483,48.251193363483964,64.96383378728926,96.8894522947501,90.10826600462974,0.18204929524569038,personal,515.0323356858806,1
61,private_salaried,66516.9364788074,40.82535676383845,57.11805113658992,81.33026155162476,100.0,100.0,70.34429860905935,0.7981469359297376,personal,647.3258797317867,0
55,private_salaried,37551.997695629674,23.218674374272275,42.02774638276253,43.48135797946737,25.43744275788949,25.565116932883654,42.94922380966355,0.746186270423925,car,769.0957034093612,0
35,govt_salaried,128849.35667932863,9.088434011764335,52.542082936347605,55.73404485252348,59.083669808669,76.53581640354311,98.11038494403218,1.0796651015772167,personal,900.0,0
31,private_salaried,68252.8237850701,38.49263676104959,35.03666001188963,95.07009724832831,0.0,46.625850477037446,81.2315376783211,6.751209802905059,education,606.1599706519237,0
53,business,122122.73499720218,45.0656906989352,28.147165961678475,94.69719276941738,99.84644721039024,49.62421435914817,49.986266844624275,3.972438080705269,home,656.7035761872229,0
29,govt_salaried,30997.86109631145,24.378426463274252,39.58387821252177,75.80934317928605,26.177876693510168,55.881086596599715,28.70114875772125,2.5201716061698702,education,601.6581821197786,0
22,self_employed,40433.69308131852,35.74412567855334,19.44395048346151,80.1410611687248,36.890748675068075,56.37365312968653,55.09408438759326,1.561260825691579,home,436.6653350815537,0
29,private_salaried,29479.89470301592,53.915942977917354,22.166384244511114,58.09790505144785,7.703687643194726,20.3791947456996,79.22766669837151,8.2975465743392,personal,815.6942944036421,0
23,private_salaried,76862.09798349545,49.77837180686079,21.38264477571134,100.0,31.378501657737694,77.31588401979391,81.25256922646334,12.079110623785954,home,736.4336086134,0
56,self_employed,43804.15108566885,35.63639638443819,43.494607818479025,41.32404367129323,58.389856364735,73.01595339925125,55.829564220793294,0.1,education,569.8347310581786,0
54,govt_salaried,46840.16327725621,12.414591917468812,68.78925795997482,49.32451087486018,65.54558215435624,19.738109188218544,100.0,1.9888469127662884,home,799.9324736895285,0
61,self_employed,24257.222160159705,34.19578376768952,0.0,76.66370704939558,3.5239181063025455,91.11589535470478,40.70352278457685,5.4808138900487275,education,509.16908782257633,0
54,self_employed,85633.12279578272,39.139283128014455,42.22383905265184,62.5956506959659,98.53738056744146,48.94259946513278,48.591900144220844,1.8070258575219587,car,698.9174786670658,0
24,self_employed,31397.016241973037,40.91543048741303,0.0,66.64294364217818,47.92721892042772,70.15719613455227,51.1290300511326,0.1,education,888.2935459247681,0
62,business,41548.11261828349,32.06643798706189,24.69027743132653,40.29552355541638,86.02710554801237,52.30573620257319,82.59672324860455,0.639278002862193,home,598.9554403090309,0
55,private_salaried,42170.56531532525,36.076724612955864,57.830807640763716,44.9622102266743,56.29617376198713,76.0140936969615,72.24496811978392,0.2101027388353571,home,415.3657658706318,1
30,private_salaried,69796.2560235321,25.090758743391568,26.473225439346216,61.78352918731624,32.664113269730905,35.74905631040508,100.0,7.409291787174719,education,405.37252594382136,0
31,self_employed,60644.823344192344,49.739364735468655,57.39020261397786,85.84715385206579,13.730545519401112,78.5019738562286,95.66877366685384,4.078004090503807,personal,622.2243400977256,0
32,self_employed,43320.86013800662,30.921088555089504,35.38804875919658,69.03635375172115,55.1408297095537,100.0,55.92496059480919,3.6336162883702383,home,434.7587875620874,0
59,business,18685.497617558318,37.54100120890323,14.20503782137235,97.40900983021064,54.5295080409665,65.67407624515018,88.80799137892261,0.1,personal,900.0,0
49,self_employed,67926.85139482752,42.156847559443506,32.9764657544515,72.35698219730277,68.08869144678263,80.7694208002638,71.2579983481328,0.9304440322064607,home,784.4227352488216,0
26,govt_salaried,97916.15785142651,52.08935776488717,34.87177565256318,75.74535219178698,33.28176918020678,72.39989014455041,81.73024437933647,0.511078046623434,car,645.813359978529,0
35,private_salaried,47791.49541139014,18.71350515106845,44.6610714330289,57.93758061848362,94.41145005389085,74.89009259504805,64.46239150947832,0.21757275566027728,education,663.1216421626535,0
64,self_employed,26661.92334890812,42.31411051341683,16.26028252983032,72.06223792196018,66.97187425131132,48.542771684837234,95.86853749925899,0.9093965664958957,personal,582.2831679002555,0
43,business,32778.62209270949,8.000351443714177,56.76077671523426,66.11227429788876,28.287309196201576,49.9028289359492,100.0,0.11051466093876317,home,571.1547563272507,0
59,govt_salaried,54055.92088716171,35.24081288611568,30.846342678408586,100.0,100.0,72.83866113035981,74.1262127166836,11.555843694342546,education,859.3995521273521,0
30,govt_salaried,66244.13186896464,45.322950673857854,48.81932934316332,61.93349492680004,46.9467337097319,52.59017510314852,100.0,1.9576178525241863,personal,836.9355938356966,0
49,private_salaried,33232.25174065508,65.41450357479833,40.86742923758862,62.6372925850632,61.47751695036392,60.58931464398622,50.08474860658723,1.7923204394079997,home,664.8866501406246,0
29,private_salaried,45242.571006720194,19.220406950396153,38.08141681573326,95.88801243351844,41.78752638966991,97.1293089656917,72.30011261668791,2.5128148170572806,education,607.0994207219968,0
48,self_employed,25079.107530312307,58.74906574525836,13.168369848261655,94.23229361241104,88.89162843960122,90.45186228431652,78.00362130428559,2.6758418912636186,personal,741.0227048917677,0
28,private_salaried,56754.2851135078,23.32478885538313,34.20860322312407,80.84837094870227,52.092007103372175,68.13853002507888,77.1366729517172,1.160683519372959,education,569.2112122240469,0
27,private_salaried,47276.81841114053,28.66899572736211,35.619510531380584,85.34751758359018,86.35641961700367,53.5979476947319,57.67111448824983,0.7611989719672535,car,616.4709637462313,0
48,govt_salaried,118392.38297827743,11.578516105274264,28.91017091849348,76.09555533974746,100.0,83.2531827510345,60.72484610400961,1.000461722889034,home,536.60524750643,0
52,private_salaried,81811.27682247516,43.32118712364172,49.80048505560195,67.4264261449974,59.47391028216106,66.2675773773065,67.03659190491538,7.241745373972655,home,581.9906873017108,0
23,private_salaried,62071.87542023358,6.768484383822326,56.06923874718136,100.0,50.40171777310115,71.84561851183616,100.0,2.107129943380613,car,900.0,0
59,private_salaried,46846.60683303497,35.40987403607448,48.49722334636711,93.31223749728322,78.27404046350063,27.96723055710393,83.62616251619951,2.748577524015117,home,737.9467773235897,0
21,business,39244.5585043902,28.659745880817486,22.59665997905499,90.18730865887086,50.80047759361584,60.0190997193939,63.35529209568493,2.969104841358876,personal,720.4830516988807,0
57,private_salaried,105970.69498019105,32.24483864501664,30.30118898547186,96.64712566552299,0.0,53.47341152386541,53.498581637299424,3.8277954719585114,education,703.5504211948694,1
42,govt_salaried,64464.15798156828,23.242831633179687,0.0,23.830457671939705,88.30218744994605,74.06943686134979,63.446588558383425,0.3235748241956254,car,608.9403223683264,0
26,govt_salaried,41621.09558112463,41.62365975162293,39.843401830412915,65.35940028569651,58.09729931140134,67.53113439575168,14.816497949705045,5.927938817403426,car,671.394251035233,0
45,govt_salaried,29930.622012012805,38.5707854450918,38.1789620792797,48.32267216204492,78.63813568524782,90.0331554265515,75.02807626160488,0.5517225097874826,car,654.6360750885598,0
23,business,61615.68890496189,31.12585325205961,14.991740996231115,84.91172266278934,39.951186508487716,59.739354899941496,47.797877534937996,3.2565834122595745,education,551.6349438527897,0
45,business,65984.67254775636,23.90155300520616,25.028435033977317,99.01810747549146,47.84617591654114,59.11139037659194,37.16870009958959,0.1,home,609.4476119068327,0
59,private_salaried,51606.43445883145,26.86686650879505,59.474312167929746,82.92322451456081,59.92693186954711,79.05287611901103,74.01308566413901,0.6697782741283607,home,538.4182744381749,0
24,business,46905.65105278289,22.92669187536221,20.722174530324896,100.0,66.66413561823968,34.21653804906795,91.15113431815736,2.817552060388366,education,665.0450442447283,0
32,self_employed,43013.34600500097,2.496406491854401,49.96887778826976,78.62005255775243,61.05596666225927,69.42303970831682,60.62778013483229,1.9345354291882242,education,491.29544820593514,0
51,private_salaried,48566.78345565746,22.31694690285188,43.21295227180932,68.05352887150005,75.46905446640362,65.8181853101924,66.91941503099001,2.4517945429039654,personal,636.2724137668281,0
55,private_salaried,59008.62813238433,36.44550950943758,0.0,83.57580059264244,33.7868532681277,50.30400736050858,55.962088895949265,2.5097608145812362,education,513.6611588903963,0
40,private_salaried,53229.74376957876,58.9344473114372,29.86128538644367,37.74058158761619,59.20633325091446,70.46216462575376,77.38372982335588,3.9603347720494493,car,645.454813383811,0
45,self_employed,18136.89329570723,31.133155707513325,42.866152171347345,79.23850853337464,94.40757636156474,91.19018432104181,60.13389145088997,2.0805851410778122,car,817.4510607440078,0
24,self_employed,62569.630193292694,27.81444623326439,37.55163591357576,62.68054444740852,36.95631656467229,79.683542143663,57.492866201768955,3.0067113780849968,home,541.7712240583567,0
38,self_employed,46878.07302686126,23.281164217138283,56.73159166105913,51.2609242859594,82.12615639770408,57.380451562754324,88.05779631039712,4.7233871637664935,car,633.0741864579065,0
57,business,52766.87929583835,40.057601060520895,6.880667390480596,75.05349841081159,18.435372566841103,44.021819121355705,67.81686849801669,0.12166006543489982,personal,767.3063084569559,0
29,private_salaried,83724.86915261915,18.211387428543667,6.893719170814855,100.0,65.35534859342012,50.9642484672503,57.15823619618265,0.6272589041083797,education,758.5716682074816,0
40,business,96540.14881610735,36.586536018878874,49.84168916833194,69.17282922999006,43.53266802943608,64.8768154057974,87.12243214420069,9.236298892063562,home,578.1419808001671,0
30,business,13610.761819619778,34.63114702527063,52.259901039732995,75.84213316591526,51.48066980142154,63.931766280202815,27.638759994551158,0.3519948311627519,home,521.6949289916682,0
46,govt_salaried,61654.712340297,65.20910347330602,61.89924798549539,74.78826202281704,68.96582302624722,56.990552915481736,73.83258272811904,1.0440888268172794,home,675.662996351411,0
46,govt_salaried,36551.28166947762,37.43248870666698,44.23193347118095,80.36953810253199,47.1783630767777,62.16457020778524,75.11691737398769,0.3865308418144339,home,475.2924654152016,0
45,private_salaried,86966.94806471384,39.296234066912575,51.11567660449736,49.67661270986551,46.0181471658983,51.839121524931514,90.55193571897519,0.9675610995819207,home,709.2880803775588,0
30,private_salaried,24584.625812476064,34.02582637433034,79.07704194224408,98.55992989918961,50.998614418089964,65.41057803530542,70.47975052351059,1.1414768620471456,personal,845.3255823359405,0
32,govt_salaried,40819.496197689994,36.13744299178681,64.36212536132396,96.90872565358057,22.237524601688605,63.96322872041247,63.94263610856426,1.5646873093378475,home,572.4080446952854,0
52,private_salaried,32281.68154702367,49.53554049763736,26.13403447679216,90.21209015318072,49.01412241862526,61.54367242733309,53.892342994052456,1.5654701602056653,personal,668.2151212572901,0
27,private_salaried,26858.337635810418,61.80185728159508,68.88707787091202,75.70873300095819,37.84374057341008,52.30993851393542,73.962712163786,0.6652551721074994,education,875.9114363666702,0
48,private_salaried,46399.802236755386,56.80694078108375,47.51553029661234,72.03142247098704,79.14848887149255,50.305082450921695,64.18086271319078,1.0268318125330103,education,510.35947519619873,0
30,business,40886.46673662779,43.792273854885025,6.993654055286747,89.12935497795954,26.83227604128816,69.96695368003923,92.28879330000845,0.5660693876937231,education,502.7743538513944,0
56,self_employed,98168.43957604725,12.064915451042861,29.986988511263114,56.00150712407492,27.87084197240269,33.62396729830705,37.14621035609278,3.6895523757116773,car,683.347411821553,0
35,business,70735.32492504995,46.31359377516964,38.128617356089435,91.49031369908747,43.802150109771034,16.161110138259154,84.15451641824005,2.351372890366225,education,737.6167530737995,0
45,govt_salaried,40701.91939765573,35.23543419913736,55.05152801149355,100.0,54.27134121273574,72.68474872542713,51.922995079126785,1.6155778547977553,car,621.5230342348933,0
56,self_employed,71715.86624917481,40.30937209968323,30.591812335679904,93.58937122599184,63.63290486438453,45.780418783055325,50.215772323812395,0.1,car,667.8592074837961,0
56,govt_salaried,43371.38775345928,8.34179813628796,35.51319698197442,84.79295324349992,62.391728374869075,85.18654210067419,83.11067952983004,0.8299462123447704,car,720.2843051064744,0
46,private_salaried,29039.55927497129,45.37273783797996,28.02709818165735,77.35914606406575,81.63545097879394,40.95581904760089,61.71514688196092,5.281840063630242,personal,587.2552623951267,0
54,private_salaried,58952.66953206807,34.03411337840589,10.684311184335442,62.168661929009346,0.0,92.85468237510054,62.883417451929745,2.666268720651497,car,443.31429200447445,0
28,private_salaried,36459.89483587949,51.01032064874269,42.120808879761725,46.72337416579301,31.79670265375538,96.02199598393871,41.464099343516466,4.626976829061582,car,900.0,0
34,private_salaried,44828.27178720211,29.877458135966478,57.78972422502619,81.78762566343818,62.988137538821626,40.415299623225955,60.456581430251234,0.8649112397602486,car,678.711701073267,0
42,private_salaried,53131.32300324646,34.44238647522748,37.508890385525156,61.00937623491029,23.913729951888048,45.309846225486055,61.473949636414936,1.1556836822878715,education,543.9981674410465,0
52,self_employed,148775.83540371995,32.39806566148472,69.11941956555565,50.11976831653021,31.498085951600693,69.39842229791824,71.71755708339708,2.1750374042665066,car,598.2617429164895,0
53,private_salaried,33596.579778433435,24.654969474095854,52.62069507277572,77.42044950754502,59.23235561922312,51.12984349315795,61.82619571302085,0.3104232161665845,home,684.4045655463176,0
55,govt_salaried,90530.43639952116,21.951468481943586,24.516165725074398,100.0,56.06250663676024,80.25465615549282,52.20946982580615,1.3014492528218093,personal,560.1893636783623,0
34,business,93164.3464986895,12.423304984257555,45.669321743669855,61.632118907358816,31.09378652120326,100.0,50.980683338550016,0.994815168435783,education,431.92902081903947,1
60,private_salaried,42519.30033510131,62.805633004523244,53.86868003692685,70.8397649610217,11.68416091342732,38.369548127886304,56.173723114894585,8.319755748306294,personal,591.659217552332,0
28,govt_salaried,70038.92022421178,22.0704181427993,0.0,79.55757954605242,79.90738306095109,100.0,49.4863046025736,1.6666537297525865,personal,539.5865578053448,0
58,self_employed,26957.990357208884,40.02200436709162,61.067218058593156,67.77846469498705,57.87887009594441,37.73387487524786,54.68883820179945,0.4063086788510261,car,561.2214238592717,0
36,govt_salaried,49782.85737105245,57.29245467447737,0.0,71.0759020635379,27.99049158586395,25.77159181733925,46.10536532484617,3.7712974589924997,personal,652.0685042003685,0
55,govt_salaried,44976.79647872874,28.722821975858704,17.97492604871674,94.78369767952071,39.39762374027635,57.32946767307628,78.58810160180622,0.3308014118252841,car,668.9673005005628,0
31,private_salaried,71502.73445347617,43.06505509757607,38.55949668374508,66.37366298837016,44.83173273696478,60.964057939967816,45.36336117744469,3.3390745824970685,car,645.2877861683652,0
61,private_salaried,65511.68128630207,31.47348845720616,14.590762124219893,81.42981435128421,86.40223869858916,59.67490183231634,57.01387821448302,9.755432430891092,education,568.1212665718024,0
43,self_employed,44964.02555569781,32.338586775154035,4.190296686203318,82.26070747371315,57.33524985577959,61.18511618809586,80.11983730617783,10.681117630737356,car,626.6071011200977,0
59,self_employed,65186.06321184473,6.678274719417253,51.056325299057356,37.231249037439916,48.30222498492257,82.61334699645803,52.65313320587123,0.6311516169352981,car,616.7643375055686,0
34,govt_salaried,55032.595562997965,56.685359172596726,25.272079804649373,86.13306872045541,39.11065168322381,98.5178692350991,72.47038548876162,3.5906790457079247,personal,625.1551270702826,0
30,private_salaried,24722.754425592724,8.574910161476083,24.812991925204642,65.41176358695357,21.38664245768379,63.5522871096822,63.035281799049585,0.6264880224370044,home,651.0781669543735,0
46,business,41026.23743688026,26.070790050063984,13.040021246855531,90.25265301083745,8.624628576197985,29.423198194617108,69.32919627979881,2.8335350679729836,education,705.8280280085593,0
28,private_salaried,30176.687081263,33.149841764517326,31.525109893257543,48.87683781341225,72.21453573524292,84.5829709407545,60.56840068450023,3.705907483519187,education,566.2147901195566,0
64,private_salaried,124093.7631970507,46.94313121455472,100.0,75.57254849644315,0.0,54.773715072570205,60.979589108915164,0.1,education,836.0345338901734,1
48,business,135009.17102031203,41.050115998540825,40.68478854367841,97.75384872648071,48.744294906642075,57.36233075569664,78.20850021562077,0.38358443869069386,education,803.7933333831024,0
60,private_salaried,33367.00842758678,44.68228225844075,0.0,100.0,27.743158393062433,68.37886349280869,98.09609103871044,2.044117525346449,home,509.83709698019106,1
36,private_salaried,29145.507122665844,30.727521571220418,23.305771925705876,60.411377932003546,37.25720933328171,39.11769050557334,100.0,0.46933356069261045,personal,803.8483418869929,0
22,govt_salaried,31247.04610356662,24.195800238186536,46.63340232558013,91.02788647566764,90.7181116781647,74.38240709729509,72.60728119923654,0.41990264238141173,car,719.0046088095385,0
48,private_salaried,94628.67647028691,20.86553241574071,13.8488818905848,81.47432081850704,77.46438737061028,90.47301237566738,50.240579138813956,3.0137127221391875,home,598.1680436790771,0
60,self_employed,150153.96011296604,26.78518096569129,55.51578859668432,100.0,75.72092213005097,54.867243148582304,58.43818126848702,10.869315058658337,car,900.0,0
47,private_salaried,67929.01874469627,69.69365944641311,32.62401985055665,98.96953072198794,77.46218596735741,59.15039329763178,89.98144705707733,3.065818082441614,education,671.8961069116765,0
61,private_salaried,88833.75912979632,49.336347293924334,56.55632880775137,70.93955044052933,81.81366279861622,90.80130071753356,60.861691332616786,1.4225606628980394,car,483.9120555500732,0
55,self_employed,49367.52591001388,34.01346914664111,68.8791445288067,67.9283037394358,38.64930976637835,81.31016448274175,55.76287691241768,0.49608562156527714,car,379.84288491162323,0
40,self_employed,103014.7484530986,20.563709284925036,22.20627849715742,71.02713569264432,22.121656650947003,82.44859565774254,75.76937844793719,0.90346616220587,car,631.4337584449561,0
22,govt_salaried,34449.63681336207,39.61708226780796,34.857208660217346,78.36706208779862,20.271961800529482,61.07065004060746,100.0,1.7677796185381498,personal,518.0862499830615,0
31,private_salaried,33809.093689961795,39.585157185934726,27.77620552354178,74.88772718898292,40.73051102555483,62.20769267515059,76.05743190386869,3.9240573367198737,personal,733.4935115032686,0
28,govt_salaried,15129.292273635187,59.35654290422848,31.283224817556345,56.07713141239482,38.94759990144465,66.6193286380651,48.467572083676515,0.1,personal,642.3699926094139,0
32,private_salaried,30107.66701239755,45.09448039579159,21.871573746637534,87.40886550119298,94.49139409384648,89.74427740729271,73.19343471410633,1.178383394309903,personal,650.2177434961751,0
44,self_employed,24170.14425395507,24.38614604846241,77.08081849810534,88.47779347186156,65.08862147312792,50.589638255474405,85.42678664661885,0.9656244824440042,personal,624.8788325129913,0
42,private_salaried,43022.90353118225,30.6473669090314,9.929509024599554,64.41115112625808,61.124422541125845,53.2422803314618,36.612501154913296,3.773397604060639,personal,728.1789379185188,0
61,self_employed,57347.23373831598,44.25391266030238,6.743796401156246,100.0,24.788137618709467,32.37672021842276,11.325310140509579,3.3283991349462805,car,700.537534602166,0
46,private_salaried,75907.36579456457,15.531830199177968,47.37980658507651,56.51031369384003,44.023073461757576,71.38490226025039,76.53290198773121,0.5355332910075199,personal,662.8104758859323,0
53,self_employed,20970.357559320983,36.59120744234418,62.56561627493163,61.965732542143755,44.25611468868867,65.41699200504779,69.61418884842688,0.3297691949940265,education,900.0,0
28,business,68713.52889391892,41.843688083482014,29.894281206852707,66.70074819534192,52.231388539635375,42.804011762861165,53.91455366544254,0.34863953872993597,personal,713.6602925329344,0
64,self_employed,84110.26279928554,66.42575910599459,46.74307533665534,55.93690359552206,30.827081259655873,77.75464889898183,87.58650766040104,2.167136769356126,education,756.6178178810461,0
24,self_employed,31061.63677255417,18.966363848354337,41.38251603693368,91.3476705881609,38.775921396740785,83.33093377257772,100.0,3.7296692316344067,education,808.3315640285068,0
35,business,31222.11793530067,48.459160301883955,50.21446712186523,99.94712003372729,69.47082018981062,80.09620744321452,49.5934504240343,0.16956382905985262,home,600.2885774347551,0
63,govt_salaried,16412.23810483512,13.761777890639205,30.44465140907921,34.52883466768406,7.675789177075522,78.29849845816278,42.139436732431506,1.3287158998574666,car,770.5952603120325,0
37,govt_salaried,90162.6566747752,25.595890466733927,25.54365208891832,100.0,96.56246914459169,100.0,91.80241242355025,4.215588625865668,car,490.4950926327605,0
58,govt_salaried,44633.39606725344,67.35131732935531,26.28756842494692,100.0,56.37589547576362,11.437152282937078,82.80971127337926,4.603751111263852,home,801.9505635413974,0
55,self_employed,127867.22971976941,1.7023242758726695,44.48689907743287,86.20407732907506,27.706075447274372,72.1925558840017,72.31037237522395,0.794578441195716,home,512.0382168130491,0
21,private_salaried,59698.425782902406,31.395907518594797,46.091423503028324,70.25741790916922,4.972772401445795,85.2624635573302,92.8153568690681,0.1,personal,610.5581074563091,0
24,business,64986.886117023474,46.23791570140542,68.93994930589415,61.10327167562708,8.946954613106818,77.99194498998402,97.28670375488343,2.215417572731175,education,630.0506878073539,0
21,govt_salaried,73225.25705777659,36.74394016121259,38.88319191389993,56.6489416331613,65.3221660845337,81.76447912779875,72.54595767451868,0.1,car,588.3276918844335,0
28,private_salaried,26479.57420511521,27.79612568713751,10.632387945183499,82.18772154641006,43.06175367503241,80.67363898072733,70.15077260915201,0.583664150123778,personal,524.561910101799,0
54,private_salaried,26630.519147693994,22.08338182893477,24.11045816448282,99.89389054047703,40.72649001268351,39.569194994435534,72.62954844993338,1.09397495232908,personal,653.501679281321,0
56,self_employed,21034.653436186094,30.42018130261672,33.619971958676956,63.79307570354719,88.18381113309343,76.93051759325151,84.80464894432984,2.507472727250275,personal,763.7276135280929,0
56,govt_salaried,53791.76588269072,24.132174782681716,47.18555711929517,55.8271565379989,67.33348215777258,73.0377353289794,67.33961892136769,7.3475033453564205,education,518.617459178624,0
48,self_employed,65282.63214676246,42.12126449506452,51.33703245139432,49.31031843516483,73.41969249662566,100.0,69.14287097932244,0.537240302472851,car,736.0053921843069,0
51,private_salaried,167021.18549100237,22.159212601829516,20.246231400504048,87.10321111538408,49.250932117967274,65.28037926142648,100.0,5.473238503200966,personal,519.9461156202107,0
61,private_salaried,36920.95651597505,29.72927642972622,77.32129763556244,99.8469410098411,42.233800659403265,77.04872721365315,87.44142639150301,0.21825991511764037,education,671.0120906038147,0
34,private_salaried,61657.1495653542,62.13223052717514,46.36861091457944,100.0,34.66077532336888,23.686090812382325,75.46380427364177,2.190188376272049,personal,697.9190982885223,0
56,private_salaried,48900.34998052889,42.795195507739656,33.31544475172834,78.75366270069271,34.587656107145165,67.43893946943243,72.37091783183472,2.6401966691871332,education,586.7622412323806,0
59,private_salaried,118515.18169404077,45.20825806728623,48.485984920742084,57.0514665010263,99.22655132882151,92.53436189204578,53.12819954208865,2.441760400997786,personal,593.0284109822147,0
57,self_employed,79246.26422787594,35.28567740314135,58.71487028059969,46.22725967528501,58.177674124377184,53.364585900093736,100.0,3.391323016617452,personal,616.4224973721776,0
32,private_salaried,55601.908721974876,32.92591000228548,19.189428618920488,81.46190842635787,43.9866184378772,51.20467550383724,99.45445482751441,0.8022232611723533,home,715.7036272991872,0
22,govt_salaried,26597.283287589085,40.058583687514655,47.83606903685012,74.39497259376857,35.183875145483974,80.21140914053098,70.66807736416672,1.366583655186847,car,566.9712931292933,0
44,self_employed,52396.385359848355,29.323977080568625,70.03841620546609,94.00631315637288,88.68242250469575,65.48095538238132,86.44721878229763,1.6621211457533727,car,660.998009312137,0
41,self_employed,21243.27853291808,43.16385275062613,64.79295684583164,41.96530112548089,46.0349696192048,60.27860340769933,84.8455046641403,4.011027527917622,education,664.8805430801224,1
37,private_salaried,33817.50859421461,26.719737735172828,47.689963014558096,61.021091835302,12.376289431108958,33.36597652550202,68.86385206569084,6.565880594115431,personal,709.6794116438266,0
21,private_salaried,87927.37704207626,46.53457837847776,21.805506585311218,70.23987618539098,54.95806707166,91.28692227433048,78.05565532890184,0.720761458146777,education,588.5142224302633,0
49,business,63764.81962073277,32.4851759732375,50.85330133680169,81.04645494862547,56.100568318642004,50.138316556274575,67.72856515796735,7.732276914965571,home,520.4560755464054,0
49,private_salaried,33076.87451192286,44.55739615326492,26.473203646693648,85.98044174243832,69.77667340837652,60.40568321176464,100.0,3.26308371479987,education,492.9415956442426,0
58,private_salaried,98204.20133548163,20.961991973803094,51.733067436919086,75.48451722120936,61.770382076239905,53.19913257445272,77.05616000666265,1.1612544487158543,car,666.1969146261036,0
31,self_employed,20894.565418956652,23.319929785401772,25.18460351993921,64.91073832905866,47.798763199873356,43.493411905608006,53.72137778805362,5.895173526947262,personal,533.0855915215187,0
59,govt_salaried,47916.712269977055,31.86303342902534,45.34209677414958,83.86319971695852,15.705925669319619,62.36875628181514,39.883612013184695,0.7368145806148658,personal,726.2692644146848,0
32,private_salaried,44302.697938239675,49.5918472113804,49.19347480502804,98.00170523475052,92.16360350842749,40.517814140464495,87.76088403276883,1.204629143747202,personal,583.0111456524226,0
47,private_salaried,121537.58653451016,33.3119440370811,53.32188804034291,73.79525524616818,67.30312627449185,18.571634827677002,62.3023525439858,0.7298489179433352,personal,751.7313453612414,0
49,self_employed,64578.777499672986,66.80214701244267,5.519032165141432,90.34744322452951,75.82928426052271,53.38990645563983,51.648432291813386,1.0701854353754963,education,667.954062675672,0
28,self_employed,40341.902416704725,22.16806300539077,62.419156403578945,65.19667555537757,48.401029847843105,62.761554567859534,78.05536234980528,0.1,personal,507.2481320285608,0
21,private_salaried,128031.401852066,21.73584891986269,24.90813457786141,90.48782528540588,55.8179261560895,60.42470065980622,47.61234923564051,2.922411481897797,home,724.2052304608039,0
21,private_salaried,33957.21485249604,27.202694381657423,76.90273082235412,100.0,13.155828323285611,48.477051938918976,66.35868077368812,3.103873513906985,home,653.1637495836768,0
52,business,33370.16450583659,25.3311113865916,21.807399961726716,100.0,73.0282710362832,70.89587136908855,26.08978847976566,0.6464618465871409,personal,661.3461146267093,0
45,govt_salaried,76859.62750122507,26.04885004185685,15.198226420840676,63.74769780323227,30.99530479501198,59.679448634262,100.0,1.1505238496534722,car,609.210489751493,0
48,govt_salaried,71870.29944174748,22.87310664618613,0.3784729333163739,68.3237389876055,18.78830811429225,69.32451732742052,61.57553230315085,2.0079679275893545,home,613.3714073297118,0
55,govt_salaried,38109.578636284445,40.27729384819043,41.27686063809135,100.0,45.468726258157446,61.3166896439004,74.77648651874082,1.9141313144050613,home,765.7322773177664,0
38,self_employed,169082.39614529687,37.652564229279676,24.421888512327953,57.81195604532634,79.28714995670254,44.094826203086924,75.85930587726186,0.31124684324436735,car,849.9404206677223,0
46,private_salaried,63633.53800447903,15.275814280356592,28.20788993616318,69.944566806842,82.82388345526675,67.80086143423785,89.10026980224119,0.7742574887954632,education,716.5629258187855,0
37,private_salaried,103475.44244085517,41.80214606966102,2.8674856257437327,57.29795282559228,24.23528899556611,80.73434209417927,100.0,4.147155283993426,home,711.3716952440583,0
23,govt_salaried,63117.89987032685,58.30695419659942,21.94894192094786,70.60242070483352,46.48078376439854,66.50734480080526,100.0,3.296811228733563,education,653.6973338236776,0
54,self_employed,29144.521654382082,44.95380438798643,21.40617341482744,49.666145268336564,70.12999000754553,52.38510266472937,78.50851278477788,4.312702699244931,home,538.210156999547,0
34,private_salaried,69803.96459969862,37.483857572562044,22.79843511972058,45.5769447604991,4.085542529116424,66.03486696417944,100.0,1.5751610107122933,personal,633.3731100282824,0
55,govt_salaried,45244.80996965691,20.996371224494162,35.56207807804206,81.64873822309882,28.591528335528878,80.18273244685119,53.64382405711292,1.8048889279424905,education,584.3558893707846,0
40,business,58195.06310596231,53.48119217124285,38.96484522251606,96.92367390866858,22.25198985989791,35.806560097074716,96.48283534212263,0.35867349486559286,car,683.614540239662,0
28,business,53031.93382453036,23.640983396138864,22.683587718234605,91.4192840453439,46.36481863622436,53.871760726926794,44.60046127345879,0.9000803192875932,personal,739.0882481413036,0
54,private_salaried,11682.40051017218,61.31093678700087,55.231919455329816,54.5092922591533,34.45371656829873,65.9372991997747,65.95797959460899,0.9120042892599698,personal,570.3065039236174,0
55,private_salaried,39750.195023201464,67.15530280130906,23.463672502638588,85.41888770725204,100.0,78.8215460785134,79.47956538133097,15.0,home,529.0373525999988,0
29,self_employed,48359.298364411945,15.073222374141764,31.902210936141923,86.60023206544074,46.38605221096502,60.36382779211833,100.0,0.5439849044581879,home,744.2754459614289,0
56,private_salaried,164972.4382098651,33.20900191009727,61.1443215540298,53.69475302349536,81.8671536767343,53.324236573846136,85.64179730029194,1.1344882155160028,home,409.0160227080791,0
63,private_salaried,57759.29116915986,54.10877639254264,56.9333023889714,61.50555100983931,23.593075292079604,64.93866665718834,86.94964639625016,2.6880440717053826,car,447.42600401527307,0
44,private_salaried,86736.99045113094,32.82467420338533,41.98023227612428,89.4090785444492,47.53812269327349,70.1205675354739,48.37203733038119,3.8278452909972454,personal,616.9774545608093,0
54,govt_salaried,51157.89683323718,39.8443479401918,55.34524787518,75.90250783740788,94.75832192841466,25.695427331249924,63.83428239859566,3.7003214573663423,personal,773.8859204636989,0
32,self_employed,130986.05528054322,50.84377833425645,41.151614581116064,96.74337496031211,46.27315940980758,62.86940942066223,62.64950264398198,0.18945859517812466,personal,643.2581231148004,0
51,private_salaried,52732.29766556207,52.8674804735366,45.4305028149707,73.4486412461289,32.64404775633034,93.84693768182984,92.1724035536736,1.00158392210528,personal,820.2247967056187,1
39,govt_salaried,29461.006553545245,20.732240368240067,22.396746938776793,87.81152128261333,69.98369688393383,100.0,55.57527080147371,2.4354762114201947,home,647.55542505165,0
64,govt_salaried,59863.66151191909,18.87494901035901,27.274463942874334,46.647139314105516,82.78684627966595,73.1642130866981,44.20625925896986,7.577855939489587,personal,673.801781787432,0
42,private_salaried,52276.62022517257,21.94472434785331,20.944915562573826,100.0,20.631134126615173,66.94699592212602,74.29024271523811,3.780812997080197,car,559.3794990612399,0
34,self_employed,72347.7399618284,26.48366769809899,10.696188921273915,68.39141639716014,100.0,36.12418758639339,55.99187109330179,0.3968426393347313,education,797.490732304442,0
33,business,105125.10254735491,20.90274754981443,22.961545687148103,77.69335879854046,49.37857833754134,75.17720607159104,64.74513311994878,0.2336485279832084,car,603.5819572408358,0
54,private_salaried,128148.46130293845,22.572644867121795,19.62661625586179,78.96791323362741,29.139618183680977,83.31481553354084,75.09220694465742,0.5501128082273556,car,617.451785890101,0
62,private_salaried,62435.93876515515,26.216112606922234,27.80778880422553,63.01688159321658,51.71665113311733,88.37251384863174,42.45213071488667,0.4603060140940588,car,666.0906422699998,0
47,private_salaried,83972.36834651585,31.380247265290368,17.0195863333068,77.59538188425289,46.275543810917256,87.02674073221092,49.64334844480824,6.946435849578653,home,633.0348814846867,0
41,private_salaried,43354.173813014364,21.97463040072923,3.9149059151436987,53.78724775187025,22.259313161169132,51.6425098242463,89.44181125789191,4.214386672498886,home,555.9338957287644,0
37,private_salaried,45999.04717854727,25.887129393476226,43.21347334751192,44.90965828724941,53.1913400437868,95.07510876235531,51.576740488907106,0.1,home,597.066841768611,0
44,private_salaried,51563.32240800027,33.52673564877139,24.598805752156217,75.94845202391696,53.22437125019124,50.984015472219426,41.90802237844538,1.9833723443142983,home,531.6774770994716,0
35,private_salaried,74007.88002050108,39.64643528607265,71.89466464751145,86.52288554922025,70.90730076411329,100.0,50.624161315892856,0.9484110298826043,home,469.97323249621195,0
34,self_employed,78899.9199634313,21.378801673710214,52.94745403697938,59.549972061657236,96.72335640329389,73.96244503580449,80.13753156250078,0.593605766462983,personal,731.9622947819689,0
23,business,83852.29657171977,27.081429362704995,49.0638978053601,92.94067333069106,36.69611219131525,71.34003298252966,40.56057037681739,0.46214448001847735,home,717.692387421704,0
33,self_employed,40501.4470997966,23.483242529725512,55.06329563656729,65.17922272519368,60.51537025573616,56.740515454721994,25.756023981900704,3.807733717106868,home,631.3022432462152,0
45,private_salaried,89364.31750375245,16.81600769624229,29.708292713184186,80.15365314777237,86.81781530619152,40.93502531539746,85.48433083636715,2.648036810726161,home,734.4279965036567,0
46,business,32324.26202347957,37.99103522794492,42.52014000856966,98.10956877008343,21.433214378083463,68.17046670863931,100.0,3.451037465313237,education,700.3651239416183,0
49,private_salaried,38381.98585399661,32.85774598224964,20.130823405445483,100.0,63.66135978735795,66.05539299728056,37.35188527860184,0.4080761758448782,personal,550.938198628764,0
54,business,34158.26626833043,47.91509768674936,1.6405623450449411,49.8700322902536,78.09518550292982,94.93081416462333,35.870828896810565,0.1,home,481.98944187590376,0
23,private_salaried,35168.83296505611,6.487340639431103,32.63120250139528,71.31024854579395,50.08483001735413,59.146907091519964,82.6982180075099,1.0160548813746235,education,855.7352977564766,0
57,private_salaried,27434.888874996486,33.80463048531664,25.21919670118991,94.21186300541706,63.8391466093792,30.454096426670148,94.78958887492905,0.4765287624505039,car,836.5018858741025,0
52,govt_salaried,41467.96252289823,28.243032501907187,2.745192618976425,81.74482923006416,6.888635078426184,65.62159036474524,34.01688351935078,9.781604943450073,education,656.0605868583544,0
55,private_salaried,38072.21481205065,57.17888175375719,41.24979218741908,61.252863457286395,30.80459237972338,50.18925168852918,69.55713954641756,4.4317577002897535,personal,489.85891134654463,0
23,private_salaried,31517.385585160016,29.553082884063933,42.14571160118044,74.10741555900368,24.21130349077677,92.20915389574674,47.959466364800775,5.186646880808432,personal,866.4385774224208,0
47,govt_salaried,32278.325483056098,51.25780767648136,0.8617695978842193,78.80155688749365,73.92638984835213,73.69244233575418,100.0,1.2402693652438936,personal,771.647347913655,0
35,private_salaried,42797.89390264361,25.569479562895722,42.25657783499978,88.0134791986601,71.73068074524292,78.99131107347533,46.887260380579434,0.17091402311333836,education,522.6217301355706,0
35,private_salaried,28685.08662253515,43.20644972452644,3.8499441347005288,88.71153868686491,41.05785827411164,71.04985422400696,100.0,6.640891380239635,car,809.2034219571939,0
37,private_salaried,29672.467471782587,50.98037182516979,0.0,62.44940233626055,60.99065991039052,56.80871664286638,96.9942496206295,2.966092948891826,personal,629.9841193784499,0
46,private_salaried,63372.02559370352,27.509560373840316,15.093912339013336,74.86238409349517,100.0,36.49081830818049,47.24745959383786,0.6728497023721124,home,724.1254149802282,0
51,private_salaried,18763.954665114245,41.61690485460615,29.465564919713103,73.45133636139109,57.64481265954595,96.31429428808454,75.12926423213946,1.966023118057076,personal,678.1640178594702,0
25,govt_salaried,49932.02724605215,44.92492786050642,32.73428829984323,98.26667234213598,86.95982885216176,78.45145162664227,24.142364693604215,0.9066416273397577,car,701.323694916031,0
25,self_employed,45248.613761576926,7.419456530576543,35.26731247052508,70.90560591546597,23.596105867267077,45.3756480277318,46.03645571847828,3.2997883513896715,car,900.0,0
47,self_employed,15504.617476023497,58.706932326453725,53.88194646243811,44.57066350692588,78.82222778193179,57.00832009030296,44.73659306050229,2.8702166927891732,car,521.764636322415,0
37,business,28534.909613003885,44.14912154924603,34.46040361824115,100.0,0.0,13.486698819559962,68.01835641286291,5.63156197534699,car,594.6908150862017,0
56,business,59305.327267090106,15.15852002000834,28.346236407118962,100.0,34.42114776275221,88.14954254173324,83.23253989675977,0.19077292307834803,home,726.7425966949181,0
58,self_employed,85161.80232084467,15.689222717733923,41.159921552616964,75.57515782104609,63.21321728065126,79.3555005267311,52.23485521974077,5.3478472459388104,personal,543.3045800227051,0
24,private_salaried,80844.27869652287,41.813824903808204,24.076880930489573,64.32603358331569,61.50001652189913,83.63743743555786,76.046773783078,2.988063729646724,personal,700.3362399461927,0
29,business,66288.87226517337,43.102054184105704,35.05340179413053,60.51680862353682,54.31114224361308,55.51821625290476,75.26623996375419,7.204042050457382,car,700.6981804679949,0
32,private_salaried,43314.41849264347,49.8338302215184,49.839392895667544,42.154196087164344,67.44259895545336,48.18748869933004,66.04970351965972,7.653591580645285,education,722.2137326290605,1
28,private_salaried,41335.76840634617,55.17937118543279,7.808215415452988,93.17392746248892,65.5337670575199,47.833354679570135,39.0880842066416,0.37017136595981537,car,615.210276443105,0
55,private_salaried,18273.542783380588,28.621835980081805,14.311222855972577,38.196225809284094,95.61700903463446,97.14349775324675,85.14229694911072,3.4506690197424588,home,611.5411921953611,0
53,govt_salaried,62527.04259834271,12.54219073516926,26.552147906587532,80.01874322732854,23.643321422450366,46.14267392007539,75.02349800669164,1.7744792603479163,car,585.8418003209919,0
36,business,93259.59411667711,30.73189320918633,57.98251782939934,81.51829518008549,75.89307363356681,69.44908218656484,88.28622517947181,0.60884158256562,home,900.0,0
42,self_employed,62055.20524017806,19.78838785681905,38.0021772749527,70.70502041671892,3.379060909941842,38.73548646704308,84.45980716221838,0.5839981732265362,education,728.394342379312,0
62,private_salaried,31024.94066340743,20.885415162204936,27.278710887321118,60.570559627917376,73.93791369907017,62.80919052728375,55.425958283903704,1.2417238761332696,personal,706.5195670186515,0
64,business,42959.89457784002,47.70970138567411,55.36348885676692,51.33846631381553,79.61426729096061,79.25174016767843,59.37935280778028,2.9035735457195933,car,740.9524424049958,0
64,private_salaried,46822.91495354711,36.23172306200895,54.95806739352754,60.81275685373666,68.5237451156773,59.73364476579958,62.030733077321784,0.941758352676674,car,510.0740836543645,1
50,private_salaried,109360.84440977967,21.901789355136085,9.790806131279801,92.8278398995956,67.03498618482115,100.0,68.33143309299697,2.0023916000498505,education,646.5229172699136,0
38,private_salaried,33897.86898784218,13.12763312963581,23.23505197366469,93.34277323041024,85.77644758388912,69.2789729898177,58.593189751320295,6.668766638091133,education,641.6900225731138,0
50,private_salaried,61627.71833499645,26.861361336112388,37.004504591391346,83.84319977703547,60.09197102629541,74.17877909929162,59.88570276880051,0.1,home,713.1494053087519,0
54,business,21630.660368909714,13.319324944080815,22.26681506860143,76.29811031185572,21.225224115278692,52.60152676370839,100.0,1.2245038619529232,personal,694.8351947348303,0
46,govt_salaried,32615.431962518967,31.35135315061351,20.62905929700214,96.1025563273965,57.040925942988665,44.9405468607356,86.81593047665386,0.1,personal,535.0080060763864,0
59,business,59788.53554867819,63.60896636509969,0.0,48.38024156861806,73.8131415790211,52.15357200776079,82.23897134493086,8.393357309246719,personal,660.4740899818398,0
22,self_employed,81787.55773305261,45.1956019494813,5.215114978021823,86.17801047483546,56.82015322156515,66.82188019827458,76.73035132903405,8.997095637646407,education,607.9560986701034,0
55,self_employed,44892.4029626852,46.42442696219581,36.5889019854556,49.37687314402605,68.20363674260011,46.091867216096574,91.3759111031528,0.7949784957885591,personal,632.6666486585808,0
48,self_employed,75629.03602847642,22.227921818699492,0.0,100.0,54.83932969552628,74.82703788327093,83.13191561196538,3.5569712225750476,home,609.7530736381173,0
21,private_salaried,31114.968363556945,12.169935529910397,55.18817648067001,82.81262440902542,52.60198309815304,63.008235575841404,64.9453781328533,1.269696769095829,education,652.3010724445488,0
32,business,31713.521375583474,39.015311034909324,36.91958326472863,72.15413113980657,29.93056108406302,73.91795969613304,86.92143259829274,2.087674383925705,car,549.9321577919864,0
57,business,30206.284817324056,42.69732914327745,66.80928544579473,71.48051890766759,100.0,73.130086919875,64.1907364867747,1.9015457040004244,education,772.0171929221947,0
57,govt_salaried,67347.19352260252,32.73708459821987,37.67815738089901,58.655927926745576,12.870136729802297,67.12838645489424,72.80055644451775,0.6541532002424845,car,713.2543509869425,0
47,private_salaried,50769.3976079337,25.00083031688643,26.158380283924764,68.75172872337777,39.51809576783024,51.135783449343336,52.57752870732379,2.4132408524742948,home,640.5515772959304,0
37,self_employed,15139.463664282048,40.15181963042115,23.27642732203362,97.33619288706697,36.46321991893596,43.917004872725805,41.319082786937955,2.3385006930777767,education,613.6790106825438,0
39,self_employed,31249.0382371686,21.32848792118176,51.46022713848545,58.78523343957046,48.124663193623796,63.445186943374,44.45189222740165,5.011240280841114,car,880.4086132484458,0
55,self_employed,57718.85924860655,38.79996140159927,22.459056654920783,54.401105525587724,37.76006634700249,58.479413668850626,56.883481105144476,0.13484504008604498,education,699.6598086180699,0
47,private_salaried,42783.95262715208,49.78354425899771,35.76672232145556,60.50944223596341,49.99615975198809,62.75584199488869,58.66652862555782,0.3237446209053322,education,593.5800704525794,0
58,private_salaried,44440.236103389136,61.84431967793289,33.30495899081389,100.0,30.69680927515113,67.7792839705954,84.41399184467782,0.9188399648279499,home,742.6594137982681,0
61,business,32836.41849941625,34.752211603243374,38.62773523367582,58.493578678317625,55.57587776133374,34.60608733136799,42.2645950648866,8.438203768164502,car,799.2752441623554,0
55,private_salaried,35602.220539636684,33.68592535681611,28.903327241168874,100.0,31.16829324416491,64.90269561630623,100.0,8.231311743957868,car,723.3175461434488,0
29,private_salaried,44292.72882554652,43.99051393356034,9.173576938655113,100.0,48.12801495594,59.41605992121704,100.0,1.2390060955488582,car,454.7513941705449,0
32,private_salaried,53058.78635189201,22.715028401590438,64.290901942448,75.36750874806597,35.75304946967333,37.15030337036488,70.9464650369944,2.8326001734963553,car,760.213995656736,0
48,private_salaried,29238.957685919242,45.58023617909181,42.80012188027118,95.21576134408608,29.109330247036475,29.522766313450518,58.172580831597,2.426279840387098,education,701.1037493166679,0
62,self_employed,72343.45961398204,46.42716012216293,66.51604159967701,48.21848997192059,89.58297274653688,73.9195778242202,71.20683393935481,3.345894322976478,personal,633.9999479852527,0
31,govt_salaried,32941.01955369632,37.27153545810085,21.8413810541442,75.65700385831816,82.58293073949298,52.703704364742244,47.217092482411914,1.1171487209859035,personal,556.7826165194919,0
44,govt_salaried,67641.50069040047,33.95397515992238,4.209374682455056,73.89023276766665,86.48227770307304,71.51490936141568,100.0,2.7426766626571912,personal,670.5696958020095,0
55,govt_salaried,72603.93021701349,51.6908889288724,28.061098545354323,82.9902267475753,39.46705474659117,83.58276889404655,71.65396733764815,3.2843730720085773,home,853.3190540322996,0
22,govt_salaried,21955.70012910549,38.39891936816464,74.48233634319871,63.82693594504947,48.94150836852283,82.33406097462235,70.89210171056469,4.955035316782055,personal,796.6545270992854,0
50,private_salaried,21286.570085786276,42.1952741082142,23.56190215509034,48.68618219073054,29.172873738612743,87.61349595709022,100.0,6.281312416130125,personal,591.9649477687196,1
48,self_employed,52458.13263588114,24.511807287588226,16.094658410534354,11.81823972909514,85.8529199985468,62.06785889555349,61.99205310528438,0.5599927352614928,education,415.795124433748,0
28,business,41428.31045201171,31.148038045021547,0.0,73.57009266510981,74.01236501087857,89.2190120730877,90.35157484583634,4.536759357005511,personal,867.2631305080613,0
44,private_salaried,126044.44878777288,24.71804552440009,52.691100101274245,83.28471017271139,49.59665606655899,50.40748851550968,87.18343545347554,2.504487499116776,car,684.8941990548849,0
30,private_salaried,51029.03852138007,30.296954527029637,13.756877549464903,100.0,36.44569517364877,75.57596728321535,75.339204835786,2.4995585455294287,car,529.4631833097392,0
59,private_salaried,72935.53956694031,23.460373122933913,7.334873659402746,95.29350235108983,66.48095478170488,81.41248183403526,72.97485315354183,6.644851581180032,car,527.2992947197646,0
24,business,118485.08111199878,47.42804751877743,53.63554291842918,84.14252768163776,44.47780582645237,63.69811947779727,40.45131892436044,2.9705270903682566,education,406.33583079065863,0
55,business,57273.4960372672,51.604686469515514,0.0,70.2303339133468,31.93355479996122,40.83939223763031,68.55402000874214,0.2693044340635299,personal,734.218643633681,0
40,private_salaried,30038.36308900438,28.55882999626454,0.2842213912296714,100.0,33.62204607833225,87.17961710626435,100.0,0.8669240868469118,home,576.3180857086982,0
43,private_salaried,83633.74692988151,27.441553334099442,44.56287358216073,61.139565249431364,81.41565828021558,50.44894250826829,72.24002632004924,0.9576232907469483,home,592.9996201375792,0
23,private_salaried,40338.794193308924,33.37168067561106,12.516189685582113,82.0956213986304,52.98725327638716,64.5409364036222,72.51501120062312,0.40272336057518177,education,594.8399212567055,0
56,private_salaried,49035.215059271824,47.47769530374409,3.7161713647936523,82.29061875897928,19.834203149199155,81.87519925736957,70.21577625457851,2.078069326825702,education,544.4166915899199,0
64,govt_salaried,68398.49083184464,29.215888409188544,28.478330152400698,80.67466739620608,100.0,92.24212775322782,63.594884623590005,0.985551388400987,home,481.8344974825544,0
54,self_employed,57207.438394459656,41.903681229213234,26.32911960513035,94.35289690811592,66.50342510362515,61.755068922890864,71.97484937166539,1.1414701948964292,car,751.2907813806862,0
28,govt_salaried,87216.22781309675,52.96130509182375,25.589349206975534,82.76038446426713,50.394319440805674,65.38226112540148,76.05923833825385,2.1052757352432847,car,711.42112698058,0
62,self_employed,72788.57669564831,52.69006487565392,51.48045692073684,98.19898657407663,27.062426492284093,63.80281710972999,72.95108386543254,2.369906850283151,personal,656.48560931476,1
29,private_salaried,37078.5356327153,35.247710176988335,65.96229494777046,36.98263789579909,48.923907088758654,32.55778388984206,75.14108453442256,0.7561224730080683,personal,732.1998863618941,0
42,self_employed,39068.12287071234,58.56064614398094,20.452905946576248,67.10996932426208,59.503252497437444,100.0,47.65253346057999,0.9775899072304367,personal,740.6431249948236,0
54,govt_salaried,56583.59470899452,15.534476108802362,9.543219183863698,64.72929389236178,70.2770831898638,68.87592718263235,54.51253854226101,2.907482652421762,personal,771.000429780263,0
60,govt_salaried,65961.05243411801,58.82622185683603,56.44426068866312,95.36113348118195,13.616906990102194,50.91375580999722,67.10321020939756,2.3939115335250993,education,564.6026172217116,0
43,business,34647.13096783605,59.3454994235944,50.896616275845616,77.59787616902787,58.44327731694395,65.04260545063309,100.0,0.7977835499566127,education,764.0021825272971,0
50,private_salaried,88519.40290016032,31.064049665281566,28.629030218999457,86.63637535826437,42.05559060926355,69.57280277760212,62.39514470794246,3.6271655659573296,personal,340.4863522654041,0
41,private_salaried,35198.773361226355,36.10852801398564,0.0,76.69180132576227,15.755071578881065,53.5341129242687,75.07159212814402,5.102807026576719,personal,895.0146508819907,0
45,self_employed,40508.4042325655,22.2440134187885,35.97844463728035,95.40185115932582,75.65162500964006,60.97787296717839,68.80717193876276,2.641570929025954,car,541.7142215961957,0
39,private_salaried,31338.371828057476,18.2225765588304,51.916939323601966,71.23983015864648,86.09613064394352,41.844563825897495,61.32665601828788,2.0276291483171622,education,615.1233738734333,0
30,business,90206.46486783071,56.52752212040431,38.64153250069818,56.138727874478484,31.338121415036202,44.1965252195639,75.03677688935933,2.1915239267469695,personal,559.8671930210843,1
34,govt_salaried,50005.92242122156,34.67793547263631,34.16493987538987,88.2270192893048,92.9141161881283,60.34329245663709,100.0,3.513243267292785,personal,522.2096296479249,0
55,self_employed,31673.430995944625,38.067816327730114,38.79910449171738,65.07772026077151,85.75917925900566,80.62673247403198,100.0,0.1,education,733.3585357209736,0
43,business,77824.1760776008,27.626778368821608,5.609096301621136,100.0,72.34557670959946,75.42549474572148,61.02704068722852,4.6723895921325305,home,447.78184007306675,0
46,govt_salaried,105997.8910012156,36.872425149272196,48.58365909813277,91.81156084176952,100.0,73.28926704322534,68.95460999940005,2.263902350902917,personal,879.645511040798,0
53,self_employed,28118.34472397381,33.68795490457931,6.951271512015495,21.606392666717582,40.10113307443801,37.3709079688292,62.898026349363604,7.353327547742863,home,661.5612638748948,0
37,private_salaried,46139.567987827155,19.013872149830508,63.067297666102206,72.04743163903274,26.520480886939332,43.9796411049434,70.13887119507446,5.297150805413567,education,656.978573305962,0
52,private_salaried,42110.919180691446,25.616368335499004,50.56235464021255,58.86018588160782,96.18364510009825,63.40033692022669,61.3837911285407,1.9963894754102254,education,469.12544680418864,0
48,private_salaried,66143.51767656338,42.95594528920341,10.84804130707587,77.91951815340101,13.470821314274588,71.98407496992107,71.77635184874312,8.439901417646356,home,715.2070256806719,0
36,govt_salaried,38925.76461574329,15.030778164910192,24.810045834405948,52.218232559891085,0.0,79.87641362684032,82.73430305277246,0.8084687091711715,car,651.8721087929239,0
60,self_employed,31112.02214348879,45.60020288970253,33.827415397585874,93.21681575154967,79.94853845773969,38.91683133672768,71.31007546693107,4.81626301546662,car,644.4407478576817,0
49,govt_salaried,35011.79047692884,24.528459121236722,47.24089602117911,100.0,59.412614356558585,80.7581207049233,50.10417088252734,3.1901746564534395,home,645.3774130301745,0
25,private_salaried,37032.49366700333,45.51548032882532,23.487099205383615,47.87754096082584,49.648892101822156,53.762020818652275,67.27604472028032,0.7326193183347683,home,340.02009666227764,0
36,private_salaried,53380.73249663447,36.45449840660549,40.375564143586246,63.675958149679985,73.97509733649586,53.76060451390306,92.68096741816508,1.6593501009846983,personal,632.5612058229477,0
22,private_salaried,34602.81573908889,31.64620440288869,50.21747361893607,100.0,3.764037708785658,100.0,64.80256471154465,2.6637402712403384,education,765.7879842832862,0
34,private_salaried,52829.43408547007,11.323999599546799,30.433224266133184,88.45099349135873,38.63808319240778,56.93934070730846,64.50469415323612,7.4437762572238055,car,687.8553304422512,0
43,private_salaried,52143.14299029969,46.03689580969572,3.248865046434503,67.41634028868933,48.23957766344817,44.65370222025792,59.28014537264928,2.1973802115727628,education,637.1018338813246,0
50,self_employed,32340.339846867,35.56340701129717,26.303507578508462,71.76354481427336,30.589158270281732,56.16929341659554,77.19037763066477,6.864783192781925,car,410.98521213754555,0
36,business,47579.75276074893,47.911136378554104,29.85913947842924,100.0,8.810061074560942,78.13622047951512,79.76742224494714,0.1,education,569.052013129814,0
59,private_salaried,42260.856519947636,44.423691014813826,25.846976288848868,97.50579548597106,9.018119654595573,100.0,52.27720133971805,0.11425974914180209,home,577.3246043231613,0
58,business,82007.2324099381,11.709427988828566,49.03177698574019,74.7564300268582,69.42610206415836,65.2195071467796,58.56262322490692,3.8006530796196696,education,516.4252098353745,0
26,self_employed,197716.35342884756,6.853732288902229,0.0,100.0,21.473837135370275,43.27513426420761,64.24771376250152,0.2816052280509036,car,699.6960767626441,0
48,private_salaried,30514.196946093653,31.499886954544888,40.59682609814204,68.1292354914087,45.14881786507132,70.15991593583293,90.88583595899897,3.1238442615896838,education,842.3557216305999,0
50,business,41138.46951458343,27.858982840257838,44.56905526135063,70.5658774553084,60.2820200649152,100.0,66.26795709762014,1.9078813931426701,education,579.5565912448897,0
61,govt_salaried,141659.23321863462,32.70292744004645,38.03610301720728,99.79091455720683,50.379443990884226,84.32967727571418,53.724004650696706,5.263226665251606,home,869.9652360064372,0
29,govt_salaried,37352.438582028335,40.91728787834684,6.174295525543499,72.6180749035254,39.23611834513361,33.86773691250751,74.26478505840618,1.8177200534001918,home,651.0884827625327,0
45,private_salaried,85116.17088344971,30.238638386220366,65.09235320991529,50.14464593673301,52.65356149215091,54.77147717664184,82.70145341387392,4.065423610011382,home,767.5934510268349,0
51,govt_salaried,71881.4606726453,56.28206376009368,54.61944932955692,63.525450209382164,44.400878899972625,60.74586793846564,88.93608198263999,0.1,personal,772.9443525929242,0
32,private_salaried,52863.62044951081,44.30020361982431,43.34756724286904,80.08912289373652,82.678897729117,68.1301090768854,100.0,1.472411974585339,education,765.2637887374925,0
22,self_employed,85877.97752756043,14.606195213015532,60.62155089432989,65.06365069027912,40.10238735338107,53.01755214588919,86.17152811981165,0.24086538962736728,car,624.312248618466,0
53,self_employed,18053.522463352234,38.27619459038,0.0,84.88129963285942,60.43340520994423,39.41377453484651,73.76692169591263,1.3063467644084659,personal,592.9857052391887,0
46,private_salaried,44961.047484078656,24.916904279078054,41.0342915293075,20.361279029610614,100.0,52.695639328872105,63.871917964876815,3.038070696083619,personal,799.4705884376095,0
23,govt_salaried,132785.5978106414,40.90242610255964,39.24339077728239,57.615592426963055,12.500504834391343,63.54906769452979,91.33740493216393,6.5498536017866185,home,611.2474391527192,0
54,govt_salaried,80288.75058779646,22.21502582848772,39.969065259055284,100.0,92.94403981654042,69.87759723662414,85.58868144049657,10.599207613655189,car,792.6499041602139,0
45,private_salaried,95765.6631233441,25.89058577272867,27.994940554207172,93.11119141327858,54.52326469067931,41.854602346153534,35.85028143335904,6.399470466262207,home,606.9800567802328,0
50,private_salaried,22125.21084809307,80.19631526102013,61.02383374256348,99.21410426448807,63.62775280295404,44.09796597365762,52.764522295983,3.9717467587204087,home,473.31045972979086,1
53,private_salaried,51873.44403715302,42.42728175664304,42.1550431694509,83.18585645274041,6.364627414891082,100.0,98.30690975210325,2.5572599793391544,home,648.2053358229036,0
52,business,78860.0844946901,50.88597120553756,29.760688918692416,38.707052189692526,73.97717915668933,72.85179160014977,41.928054008387846,1.76084073287187,car,713.5623868898446,0
64,business,48877.29478652166,50.39444877903668,50.8688659098862,71.75331627947571,16.653381455144853,81.59566015898005,73.3932924200395,4.733983196784048,education,652.666815644071,0
24,business,46046.06983553213,16.618181791716328,56.35858203760152,87.09810446311754,61.38507249863989,11.864520097720046,69.2421148576788,6.362637731588022,car,653.3528673439973,0
41,govt_salaried,37145.372281448894,30.59181372205323,48.815930420574674,66.86644904867129,47.59758332489302,26.65210602389375,43.545218281147385,1.4575252924453974,home,659.7732808387689,0
52,govt_salaried,59092.97838408314,53.04113382956592,39.02128301527796,72.37562127720048,61.460477589421814,44.78269722294705,51.370730650553625,0.41646524693703285,personal,636.2274006957392,0
54,private_salaried,103124.09675612788,41.04519304276803,52.93860275948387,73.47965032375771,77.50712409335678,62.49941755068255,56.06211234807487,6.636309396821436,education,733.2123407111694,0
35,govt_salaried,58690.17848115774,49.13373196070328,26.07621717912673,91.02056378172122,94.32042100237061,53.22089045106259,75.31305443284882,1.3292518617783633,home,697.984830503511,0
44,business,47390.33631565346,10.724351514988065,4.352392020601524,83.75266860145953,23.104845180862032,100.0,51.258594312813386,0.19496536814155505,car,649.9567129571269,0
54,govt_salaried,137020.63377823908,33.165034216419365,40.26582496143607,100.0,41.34542468182194,55.62310691315008,36.6840539449222,6.604156878039118,personal,750.0340989489506,0
30,private_salaried,39872.67918361698,17.628839678999316,45.74576438437504,65.24564360265049,33.10434558775857,66.4529729991044,91.03540617990558,1.2640281506769364,car,600.7164246391254,0
45,private_salaried,35466.8335904392,15.388439194642359,21.024175661656784,100.0,85.77864776719032,48.63812925548436,72.76189986827296,2.747983543475219,education,728.7289958582594,0
25,govt_salaried,33079.620157009354,59.018758503171966,26.201059706277853,39.68425257231488,50.66230521848193,51.26251770537879,90.10173822120116,0.4804873698044568,car,575.5497992104046,0
58,private_salaried,48679.49430425419,48.23747141900502,38.60793758189496,77.83297432887728,61.59973302014157,46.21480729985655,89.2097182953004,11.45411055906845,car,688.5207919205935,0
55,self_employed,50337.0940810356,0.0,33.350585025740486,100.0,39.31239537554611,39.24089550222776,79.11867736811045,0.13204144610010402,education,440.8628027843082,0
29,private_salaried,31229.59305911983,38.756531683831014,8.232593263140444,77.29693887828647,73.5759887362631,24.619358194490133,69.74434580421595,1.749805862282186,car,871.4667222793876,0
64,self_employed,22833.421881730832,24.459220443696065,46.5301990551216,77.96883957688219,62.33399106409587,57.794267883813355,100.0,8.154728917546581,personal,900.0,0
39,self_employed,52553.645908853665,25.809469842580324,14.814064139882262,100.0,70.88279458955172,53.08627547780436,56.4889591875032,3.5556440817221606,home,485.5452138806793,0
47,business,57120.69830732826,36.66372646450076,16.274792551231464,56.470123142479565,65.29912611357838,68.92902162087317,81.06703421684423,1.2247371792444497,education,744.9227646432462,0
25,private_salaried,40054.514846940954,36.57279035661659,44.03010217422787,69.72031406165577,43.00913584373025,38.95994676596646,91.99737249450666,1.0621938446821497,car,737.2920797340785,0
60,govt_salaried,26061.646445142153,38.25604370972045,39.74006403977499,96.89445768479368,51.23146078418483,58.32875045592328,38.8647826776555,1.7996349772574352,car,782.1153138035155,0
48,private_salaried,33549.4229130178,42.09949089143548,55.65950116173127,58.97539941452571,7.934241656946497,62.85284398530111,85.41192300765451,0.8846226239548448,personal,741.8604900536998,1
54,business,62577.86635038515,25.361837361716727,36.88359807287614,78.3751539589247,19.659552164430487,55.133814020634766,75.3438503032578,0.3853684534195795,home,559.5482633185,1
24,business,26256.15813613736,70.71316137543704,0.0,59.139566490299444,71.95234956337036,68.7120526951503,78.72611040952219,0.1,education,692.3709892796414,0
63,private_salaried,104249.99263554323,32.33437761302203,25.046822538736148,48.058418724613695,32.297200868977995,52.85625274088687,67.93656560868924,3.495477778447465,car,646.4528385241682,0
32,self_employed,56822.4836259191,41.67449482951365,26.884962464626987,97.11295173517703,75.8717625341087,60.08085897265202,31.650177304191757,0.2565747667506519,personal,772.5605996840433,0
46,business,21239.847976569246,39.421504233070436,69.30222233404194,71.94417321966777,54.79041379925343,58.139051627118945,71.44158080184704,1.0130887473926489,education,834.8156803832483,0
41,private_salaried,82658.33850861837,41.17494450404518,43.60171199350864,73.08291422268589,23.878611118220682,62.70689215871767,62.75087346294346,3.282413133223536,home,797.957607363287,0
35,self_employed,72836.35851955648,50.72102943126562,26.277447853598797,85.87313708365282,6.7539891567708565,84.24720799777634,68.63858665463093,8.029374012834309,home,713.207057196006,0
58,private_salaried,68983.68298820933,43.29151099375988,29.359945013389083,86.8454373316953,69.45970175813483,50.14029784561911,67.68409403850424,2.872743599961916,car,744.780922434673,0
47,self_employed,67265.92570385711,61.77739604515086,3.8780084613209986,76.6058845652725,73.99027227599888,50.02970557216318,84.64600125545411,14.806290399587592,personal,655.3985412291321,0
34,self_employed,30474.450691424565,27.0506790999394,3.5731485155475724,92.49093238403083,57.93591424022955,57.11950515516449,59.176805095498466,6.268814925250213,education,873.7291447187944,0
61,business,38401.17717724361,25.858390564911804,0.0,82.07640149204823,74.5080897575711,67.75804232219537,68.27327130800495,0.8993584485418188,personal,666.0060210183901,0
57,self_employed,32133.2279599923,19.328216936518764,35.7129358152686,100.0,31.054839121656645,82.71681494265626,96.7192111224121,0.3172570093752117,education,630.6785101886691,0
44,private_salaried,53291.02858139689,17.116627265658465,36.332800043368486,79.83113588410762,86.67921592720623,61.06471209144594,61.8186433260923,1.8757116490755847,car,485.45672046000914,0
53,private_salaried,47672.675829515036,41.51353908800796,35.56376566874384,27.28891713868353,95.25071789350298,73.31928752674231,71.47791100207209,4.258610589473058,car,512.7164091704662,0
32,self_employed,133625.51893127008,22.44736726326917,23.531569724655654,82.22364334083277,35.52272853155537,52.639698552555586,79.5045916301326,1.4981338251500507,car,758.101082597582,0
33,private_salaried,120636.11528121404,22.50770930173697,0.0,74.36477353419625,91.38100755374373,9.102991231955158,64.23339453692975,0.6488352231985155,car,543.1918298005329,0
32,private_salaried,29626.098057913463,28.963726884469693,12.537042197356598,50.87398593696375,53.51920621144989,100.0,85.15486634895713,0.7235714047767019,car,771.2639320446026,0
64,self_employed,75850.1451484605,47.42506201672687,38.891020147367705,85.40092988387788,100.0,81.78886434312692,63.696812856047025,0.32734310335990824,home,344.75461834870816,0
57,private_salaried,67251.86453299838,28.537303735762734,53.12905081039595,82.97286943593303,75.94641945690998,37.61816280687566,53.7937168560546,4.181531652589488,personal,828.616499614781,0
55,private_salaried,43464.471807211215,30.1777098144844,0.0,96.61932341727388,64.70997171376132,24.476615072078197,66.20272615673036,1.6732928566535494,home,647.6073658581057,0
62,private_salaried,39460.825088065874,29.73508787600842,26.405066731120616,72.19520101070512,24.3209250324238,71.32209987378756,41.545875124866114,2.488266980598347,education,559.2989050350495,0
45,govt_salaried,59705.64583751674,31.035185662244892,26.131717052157057,54.78818345212427,57.10162027989631,72.10097213192313,78.21540678385793,5.809671588121946,home,692.0515134894856,0
31,govt_salaried,57220.96234123776,40.93135643898957,37.28498735771399,75.15804688040771,45.885758970156786,79.53983846275288,39.994284039520565,3.3123285912491047,car,467.40114293488523,0
22,private_salaried,58425.8153876145,65.79198024989272,32.48214649008148,100.0,56.99100774940875,71.04669366465623,89.57541319279423,2.6940883621015295,home,759.7270017340268,0
42,private_salaried,46127.29837562527,65.3243996003055,4.83034788110697,51.68411483966611,42.417291930295015,45.13314574009166,46.511857733106055,2.789146680623615,car,405.3636147119548,0
41,govt_salaried,62343.31095202705,37.17358901509652,18.75574328502622,42.577272917592815,53.71825963164155,84.27835405267672,51.96817482176489,3.7918650894422616,car,720.1312008367252,0
36,private_salaried,29831.576953159994,20.161064460183884,42.363663940145464,90.15744723865488,75.1270559609463,57.42914292489075,91.86617081861293,1.5837448774144143,education,686.8836583412511,0
31,govt_salaried,34574.41046424394,35.89968890609105,14.211960084229062,100.0,62.75634034817712,61.53813139544536,59.4162030387986,0.5583553358694818,home,817.9330015044684,0
32,private_salaried,31933.231857417624,13.567030398193118,43.884014917837234,71.0374115942552,29.222544403143655,50.49948105961469,88.370876146466,1.5974898774817299,personal,753.3736028062416,1
50,business,30469.392980516495,31.023805166773233,79.32395165490527,98.63083962777846,96.53054698351161,96.62823983893935,30.349637165110586,3.0371519339840205,education,330.02141098695944,0
31,self_employed,45769.47151147281,44.29509604317947,43.9399935814981,64.47279325209337,76.00876956502096,65.67071248186105,64.97558915937721,0.6903075067962295,home,625.0297042214962,0
35,private_salaried,89298.44370186736,40.12974586951394,14.643871213971295,66.7431185714563,47.453569526654775,45.27123030761524,62.696844794985566,5.359527835273955,car,631.8340918717296,1
43,self_employed,54778.47942713157,43.498821585955405,27.01929993688794,73.85512797930092,2.9511490112109584,57.26504675044796,100.0,0.1,home,667.8050332744515,0
62,private_salaried,67855.67531065411,37.64047121560018,73.29276892011833,68.80985379668529,35.00672552453359,74.69016296075324,51.23245463974715,2.1812510626853014,car,551.0355309038546,0
53,business,145262.05710548925,47.441640239509496,0.0,66.85375062270275,68.29944590086708,35.08344612816782,21.56879667651055,2.9635741922679304,home,563.0197013391719,0
57,business,66863.5062625546,30.261089292586156,44.01316157568247,78.96115101450465,66.21932819904286,71.46325778935035,90.78307364008444,6.618835936419848,education,762.4017133332827,0
46,govt_salaried,47859.9271790183,51.18127430662351,39.71281061091133,56.925863337849385,16.333887982334907,42.24301594552075,56.22174132546616,3.7677564263981393,home,705.3084535897373,0
21,private_salaried,61595.788658126476,7.056327260805059,12.654178615090931,55.13371723392757,29.856684952785574,52.2499532786024,85.73360100523473,0.6280926913768043,car,900.0,0
36,private_salaried,50613.79765066742,47.01054754191249,6.183060917193334,89.50553133549099,2.866626484866117,85.54881967385302,37.032567521739274,3.161855309859814,personal,796.9858299037085,0
52,govt_salaried,38762.649607422885,41.57547705993335,34.936049631062616,45.42649724795404,69.06846043986765,88.74512979866196,63.5506055169893,0.55426360279677,education,558.2539844799823,0
50,self_employed,82292.02412714742,18.458532754943192,42.14171912302191,63.32364152035179,29.872981992845737,41.28722735857084,77.60759855342077,3.961794484739174,car,537.9725177379503,0
64,private_salaried,38172.893714816404,39.276433081626976,11.49094508362171,43.16981680065621,52.49898924592176,78.51762418279787,66.08710591822023,10.254952736142592,personal,591.0173507199274,0
32,private_salaried,36804.951069785166,32.37880365238806,48.642811907274954,78.6198720070879,36.3513132794973,67.0931554026511,77.05706190510826,2.5290305968500175,education,725.6890103670077,0
43,private_salaried,26282.451524993605,63.53262787280113,23.85085739293512,94.70264387631131,62.88803768022454,69.88773003558036,38.377698649353015,11.919645923045872,personal,745.3232194350044,0
49,business,40658.30060852148,36.392426412146165,21.77247919000333,84.80058030033672,52.593102201427314,78.14928101616792,40.29795863014543,1.6112539119053961,education,743.7100565705254,0
48,govt_salaried,62149.59396326101,58.537995475783426,64.77742964354131,44.377215460319306,29.282879504887944,63.25803046931765,55.85834524496332,1.0259295327441014,personal,817.5644049573184,0
33,private_salaried,51630.97780752663,23.57495777716408,40.67066431817541,64.53384866751887,97.4574599014813,60.865978463553255,78.61650216518778,5.4835546167981795,home,623.8091530553475,0
43,self_employed,40628.8501159503,34.41004899301204,27.387626450539592,61.742385807226455,69.90721485841306,53.418379920689745,50.89604877387108,0.40632773250274196,car,564.5898941061465,0
61,self_employed,75531.96421232617,35.69243557667031,11.720210717450435,87.14564839348392,44.74574524422306,43.453193273869765,48.974072556064954,0.5070997755340438,home,442.0593494993926,0
45,private_salaried,26812.515595177752,20.876649782304938,4.542005717223585,100.0,53.78668685054378,100.0,93.2987356745358,4.653540586509688,personal,859.7968600548868,0
52,private_salaried,74229.49417698517,22.89090880960594,42.032376731094494,91.08628682840506,25.617023777373138,74.88298689610703,96.90977912410241,0.1,home,547.1032818049824,0
46,self_employed,44012.20015609179,29.68645530640261,15.359831731618023,92.64546086068151,69.421355918146,66.88787814992156,92.49165256897408,1.6150469263527651,education,384.7217208176995,0
29,private_salaried,15872.670775277502,30.12927507912869,10.775636033998733,58.71363202520651,82.2642036695718,29.903418805298394,72.59471482061625,6.330888772848983,home,664.8411730976497,0
58,self_employed,75812.65263892873,59.999162203462994,6.863551764431875,44.45918735175358,31.20552956839759,87.58165936573837,59.07758340501245,2.2973044515539938,home,609.9311871674153,0
39,private_salaried,50069.55970522591,40.88202593631513,48.464984596834135,75.48839222296657,82.70112721652256,59.149841218749415,87.13691388354971,2.1034261720933247,car,632.0025760647541,0
56,govt_salaried,70526.47400558692,54.126796224464016,2.8185798312501333,44.18660548617163,75.76326511046071,57.9965415063305,31.487139508833323,0.7128526123353985,education,517.5258617481068,0
34,govt_salaried,39515.87471827579,45.285590397222265,8.33608862416806,75.25970829719189,49.725687634689066,65.75650455823408,35.35627683726559,0.9620173559651737,personal,587.282133423199,0
64,self_employed,55417.20072949537,41.91732800950123,60.42949584560755,68.92355106913531,93.84820409087138,87.3854558012423,61.082444187150756,5.011958322704705,car,613.0290544286611,0
39,business,146749.81661258693,39.54773381424959,23.76140280978728,59.64926713293187,46.106413631676524,53.57410115940668,95.42777113917387,1.9074407273163407,car,646.5230906539698,0
35,private_salaried,81905.04926231189,5.505077652890911,8.69449321435788,66.92840083512525,32.96161688669659,90.89829628666037,63.41103893894481,1.1136351560566073,car,568.4248960465085,0
40,private_salaried,58770.06580806062,55.22525683137863,19.22735560624038,74.77072281845047,48.14598584097073,56.52137048637708,76.36717121926695,4.052083893095913,car,651.0502721973339,0
31,private_salaried,35098.98213800256,43.765533033359546,86.63159812263265,61.90154441890283,17.54051179944173,100.0,95.33472401423235,1.8968797901576462,car,607.7432804641448,0
31,govt_salaried,47218.93289528751,66.38585433504949,20.239631202349987,87.07817951219086,75.98901613884809,59.25002320952533,81.18276375758683,6.1241739026441655,education,763.4596700265374,0
22,private_salaried,51874.77713018343,31.565319962092914,28.764044332142905,75.41120307698301,84.59172185495774,30.052737026580317,51.81261366578366,1.8148755950117124,home,632.4327489250376,0
36,private_salaried,33106.55241393612,3.4581663170751895,42.095998954947774,60.38432331910343,57.53474445324749,71.58801579676938,72.84232339131555,9.220246955437396,home,444.9205505465621,0
59,self_employed,19997.863338580337,18.964631212184052,49.935294775204724,35.03368507024859,75.74434627860884,72.84111496580459,64.8499609893617,1.2078470333111426,personal,836.8110135569473,0
56,self_employed,29270.00619041358,52.12795265425668,48.71750465416257,74.86325604470431,36.55362175898995,53.3721995744002,100.0,2.033181309640516,personal,671.413017705567,0
41,self_employed,35791.86380847139,48.70803355171029,38.81017964575253,46.009639672553746,18.203153929002085,55.96032506122908,76.94977168281838,0.9125787553527578,home,509.51304461948837,0
61,private_salaried,117366.01453041025,39.55462700609147,7.865260345819188,71.25814974141552,76.30335057866203,82.70086793833093,83.31648748180615,2.3775237616939915,home,588.7962613593118,0
43,private_salaried,20850.635927293817,55.08103852171732,46.865962995889795,97.71870931681761,92.16039618565368,93.56902364649551,41.814252035460974,0.27250917376479583,personal,645.2936867543715,0
64,private_salaried,41210.09247380938,56.87619550953944,21.356683771885052,61.14722044344106,58.14716610526481,68.64123472576654,76.27699183872126,2.00463367089906,personal,554.5944593701165,0
63,private_salaried,93493.28172289704,28.455957480701564,39.031480415001326,92.40814617965282,35.34535947781748,68.43388297921274,75.43255316105198,0.6436885022437401,education,725.0829645330574,0
52,private_salaried,61319.125134934744,28.67335531855582,23.200855185735172,61.77665569001661,34.877538704923154,100.0,57.38746680738519,8.654325226059937,personal,781.052652771017,0
53,self_employed,44227.67993183863,8.632659470295497,33.44592291209786,75.12784931462286,46.773105884396884,22.54203461004022,63.35852161906392,2.157306157925523,home,711.3455664767724,0
21,private_salaried,57915.31982644519,31.1291884300582,21.593794080545553,95.18244511073937,35.30706233643208,55.93244344262219,65.68482486441268,1.0693783784966993,education,772.0185252557146,0
59,private_salaried,48691.333741200964,33.240193858461616,40.75947059752702,70.80525491885655,93.4691279503267,63.029095722110675,100.0,6.494398030452748,car,524.0004400763787,0
39,business,44277.80440045368,39.1800268429649,28.910294369805204,57.832249321976484,80.57524710541094,70.14571776148202,48.95255955128103,0.19227922209287251,home,684.9572547542948,0
35,govt_salaried,12861.432318769392,41.658751937822394,33.55633170939792,73.3891265392225,81.64912670813447,36.631913450254686,44.968937208100776,2.260561139164394,personal,782.1343974557262,0
42,private_salaried,61590.72602362306,49.304734397405454,8.7689819743529,70.73563254340334,54.32457080889866,51.422595686292524,58.755563469085125,4.705646766151524,personal,751.1683161271031,0
62,govt_salaried,44763.691026556735,53.52556289375558,0.0,66.77666569145498,6.007111457378976,59.13352889187235,76.72489406604524,1.0672490511841128,home,832.9906182573911,0
58,self_employed,31724.07896444932,35.16264883516698,56.32484562374359,100.0,44.74561079305445,38.96027115611139,76.91642632417182,3.114808848862438,car,489.29597731831154,0
36,private_salaried,33762.78015194766,34.38096928858003,13.4561593419675,69.64372514552531,43.23669302409304,76.8511280980731,69.5514587016907,8.297637926119686,personal,426.4250590836178,0
26,private_salaried,54073.618361306646,53.48653141235768,61.1075942817457,64.43615300781978,70.46173418659374,10.380240522670434,75.62453941800128,1.0701069402603882,education,779.0784559606184,0
54,self_employed,40733.08175168224,53.83544963867254,57.746475865763216,74.01534236473479,92.26957067338887,75.36122561951447,37.80372780369,0.28761667433162674,car,637.675744411412,0
34,private_salaried,42088.51672393187,60.5303142575289,26.1752750985493,89.21020709464597,67.77104948654676,55.876983856399576,52.42382141668181,3.9461545677263414,education,442.18355612888627,0
46,private_salaried,91587.0107730371,30.070209680709986,61.45961140835633,67.312136180663,24.09041351160239,55.623893495783754,62.827707996824934,0.6833153639024041,personal,687.2170008059874,0
24,self_employed,61086.62737873433,23.14273591866472,29.10646640410688,59.299314465749575,33.83396025809654,90.49667114568024,55.69740857081462,0.17187000633902233,personal,608.2874261422681,0
29,self_employed,62089.14400651854,25.994009154709133,76.14289297911799,86.64161489110536,51.13261652995835,66.1493109940104,73.5856315890143,0.5494319714911399,personal,515.965976530082,0
45,private_salaried,22840.434503512777,53.36618626285944,32.427938436951244,82.4377699959968,56.519962285825976,67.33606262053658,75.9704865211046,2.1017063574491615,home,720.5143520715922,0
44,private_salaried,160337.21784183744,30.676843301704483,15.869195508582504,76.62918414152759,56.835475785250196,38.90069539387597,85.32863338414819,0.6872419790581797,education,835.9744554388838,0
49,private_salaried,47246.151346625324,38.43714807790654,38.05187039336715,88.55336097646979,53.56356497491576,60.361191190370924,84.34270754422444,1.165355428454085,education,900.0,0
60,private_salaried,20393.377858516134,51.65556708094332,50.89862290461454,75.60104762587879,66.65926652398328,95.13712650125336,75.78385370082235,2.7036184356516046,car,659.5666293128603,0
29,private_salaried,52753.807656799916,68.40096697325214,42.13481664197589,70.1736450882921,23.617923711073004,100.0,24.372081226967296,1.607839565809435,education,706.3163313579356,0
57,private_salaried,72085.26757549495,26.494499892370527,29.371738441511,71.59832791330975,50.02470843138545,52.10170766047446,55.169578805932645,0.7374718496718695,car,748.559256363202,0
35,business,33527.68273526557,33.27350839902128,28.792013684706248,50.546913381690864,35.78911727472965,72.14711278298942,95.67820635374868,0.32953532461585555,home,717.3811920703833,0
32,private_salaried,32069.06181487338,57.65144297857672,71.53540000204381,99.39649532410203,48.08428324219528,63.92678304876446,83.71207096436771,1.522690957507483,home,644.1848678754747,0
28,govt_salaried,83775.20566374909,41.78419411339317,54.16135439179253,46.74280807290307,52.66095909531891,51.627022519630074,99.02790350284232,0.32279150064987094,education,672.0761262992282,0
56,self_employed,53995.093630528885,24.541234001811194,32.4969655222561,31.609195383828272,45.13278789228485,44.02732337246635,72.81020398521532,3.2205591056476806,education,731.9971407981087,0
27,self_employed,34673.008235517154,6.239674867898827,47.438274004169095,97.01855843332365,49.38595080818791,82.75513167587027,63.29574413646165,1.553114780863363,education,639.1161006417833,0
26,self_employed,67640.34194632068,37.20837516519039,28.699218251345638,66.08414569016114,52.05676275345891,64.18295320881184,93.5215811927045,2.286474009134756,car,766.8606553303605,0
36,business,76080.70796825105,30.88470609537756,0.0,44.04809581315656,66.58920774795304,68.62852739703075,65.48262871683832,0.6015415280412393,car,631.6048560117603,1
34,business,34331.77104185112,30.08744635974391,48.91412254343602,92.38149013745804,88.4678525029968,61.229850414819744,59.58996084528923,7.565459001322385,education,732.4459216068592,0
59,private_salaried,48633.574090755945,41.10529032172665,37.129953804754756,71.77019463068923,70.96636551488908,98.52909657198566,55.846527273610064,0.2510020132108511,education,690.1166662146326,0
54,private_salaried,63442.15347394107,0.0,43.876720920812716,73.67949111577242,76.51755888502726,80.07120308800029,60.20385053237486,15.0,personal,698.9158047020946,0
63,govt_salaried,127713.23615781563,32.729966849681944,29.53083740586722,80.82895632162679,15.337573673183826,57.055849053045776,52.867059395630676,2.211472791156707,car,522.0395474865134,0
22,private_salaried,61769.87916036519,30.90736989252989,41.60063107866593,67.95493325529478,87.0368513203826,75.88036012732186,56.57660380283031,3.588828087583613,car,641.192000138999,0
43,self_employed,43256.69526267623,23.01486072315202,58.56318405114158,47.32866790929152,83.64272661936471,83.17171724248355,81.21376006127687,7.6893159445744095,car,868.0190721462814,0
54,private_salaried,20367.07082695384,42.9300682087827,28.93331369746499,76.25130337588706,56.6998059451571,56.90332676517498,84.692758645673,1.3883267113024482,personal,634.0169805033729,0
27,private_salaried,35599.77749544657,33.945260729679596,53.68731909670538,54.05658395002179,5.949049529889663,69.18407479856421,93.51451850947531,1.535056245422497,education,686.736696947975,0
29,private_salaried,73782.1477223699,28.806345449845765,21.813320885858776,80.76363786160398,20.155141614589773,100.0,79.31908141825838,0.3474820408461171,personal,678.6205848570314,0
52,govt_salaried,32096.87491584537,37.33139948777738,58.13911781701648,98.45977554456277,78.4293068221883,70.67376752970972,85.95572956779243,0.1,education,621.0325547760019,0
47,private_salaried,52509.844369030296,45.23615815342537,28.210150935631944,100.0,77.89304860414936,45.028104420987894,16.679093769191923,2.6097696106700514,car,663.6823395834499,0
59,private_salaried,23815.449853864073,47.07159992879731,39.24823785371382,67.57882405095748,70.32681560011146,68.12915204490477,58.013367907208895,0.1573181023979445,car,733.9402106812028,0
52,self_employed,45339.0423352404,6.63597210702526,59.27697496168516,76.69997828090831,3.5654475765572755,27.768968760343313,81.44952002185498,0.9221614717446501,education,622.4729453401015,0
37,private_salaried,33692.61179246728,19.09055975358721,39.60807078567798,78.59719302336698,64.95830352364318,68.68005947551944,72.25745941868756,5.960753359120467,personal,757.2108680115573,0
59,private_salaried,73443.8567366828,45.87201016326239,17.80566629273743,70.83267974166628,100.0,68.21154075668564,77.91371910400132,5.597138198960215,home,604.622831314881,0
48,self_employed,104366.39262576237,36.69941640938804,33.58143562254237,75.15282171872931,100.0,65.7961500629577,53.398466015727976,0.7998558597768647,personal,571.3578918061714,0
51,business,95268.44535749279,36.47522433187773,48.58855639098259,100.0,68.83023792982459,31.019552191595906,51.448327702275336,3.6547188344482744,personal,469.28792059918584,0
35,private_salaried,34483.26118531042,40.331931535517754,0.0,79.92605346938049,45.529020106579736,65.90783770048371,55.70123885831768,2.9230183653653024,education,712.7878574013511,0
21,business,83395.42249309148,34.740629683586164,26.240562977289038,93.47762015764013,32.88175497154187,75.01513917845172,79.48177585690185,0.8806547950313297,car,626.5369062764767,0
56,business,105465.2053246253,43.83489311219125,61.893990629472654,69.73194061752483,79.96665747623166,58.69370396500067,63.41613069805571,0.45414976846300426,home,503.2517660377251,0
63,govt_salaried,56894.69048019108,31.057026536746825,69.22984853309387,95.57507360650251,64.64222936653957,55.65930676871435,88.2395225752766,1.6896999144411309,education,807.5687678492662,0
52,private_salaried,50577.19533010551,32.66475000460191,62.21124664353301,63.16824641917859,50.63905207611396,52.05087236954044,85.57971319966136,0.6442407996213727,personal,546.7417815334325,0
26,private_salaried,19025.063129917693,61.63763411531473,48.478369459584655,83.8236935694917,39.26873357644679,68.98063806589667,73.31403299039323,6.469571839344564,car,523.2161911788903,1
46,business,24707.067739661477,24.616478475067424,57.96259690346549,100.0,89.12488768783095,37.979314573469146,62.962700928401986,0.9756842733994304,car,562.6907139291849,0
55,private_salaried,107196.10601986504,25.847537008079872,50.744513577664186,68.52964918503493,29.00941662492489,88.03307855010539,55.850236452382546,0.4787734490080797,personal,541.3657973508019,0
52,business,92753.89439173602,34.50873676284962,17.437438061937836,99.05834617192842,98.7785683668047,83.33148496750005,68.65483321278191,12.278618825343425,car,613.0365967681971,0
61,private_salaried,96772.64592408661,29.97606560854826,29.367855710915943,100.0,14.524078679451499,68.44830777252074,42.78029743790465,1.5207295058155408,education,620.9708176416958,0
58,business,48617.2266645361,15.860501457280293,0.0,64.47848184966662,15.915636727512165,68.42759893447084,73.56163133321348,6.742701350439494,personal,533.2144761989709,0
23,private_salaried,48367.43483474263,22.80957912775168,32.789716585841454,44.37985869247369,99.75772911569616,68.66304077418562,54.20102286200411,0.1,education,740.0338784345969,0
28,private_salaried,35906.905985515645,43.90165061263543,51.419449197268705,26.058301086344606,99.2480694212833,71.68188618936755,82.21211734268465,0.12099501222504222,education,779.9611556687719,0
40,business,68371.3632594552,33.49148108269169,22.18560926492076,100.0,2.8255100375355653,62.81378415686031,57.283290685910714,3.5453844845340865,home,384.9105137015065,0
41,private_salaried,28279.7489301853,44.707247887083724,18.587759868437065,74.05192752218763,44.32142714089925,81.29157780968471,60.82330142534211,1.8385772906275009,car,300.0,0
41,self_employed,48190.3108524235,19.687316614115204,46.53409757766292,91.15830667211144,59.4039439637436,73.18019515717486,67.30352791576793,0.2569625647150789,personal,610.8625223242708,0
47,private_salaried,43447.8832291282,49.10011871489917,45.47672850974391,79.93905172111668,62.14717351760496,65.42120237902067,58.359221500029264,1.8109619735362814,car,856.1677143864054,0
62,private_salaried,66708.42589482601,6.847044724392045,30.76970651613625,98.83052455359508,47.949590324013364,100.0,61.28768852036892,0.23607022847186326,car,565.0068393995832,0
34,govt_salaried,92773.02213718295,29.707451738229665,42.42739427857258,70.7322854766432,77.43569193648185,100.0,99.6992751279252,2.077965567808224,personal,576.0493721476897,0
23,private_salaried,55480.37539367999,34.19127070098412,40.7969257145277,72.80185444077802,46.089409960322406,55.85322382897848,53.62593872946875,0.25223077504506675,personal,757.350263920241,0
23,govt_salaried,37429.9645685773,12.518342724973149,45.77072290669873,88.51334424753007,31.559509857082023,67.060539946454,59.09714550379238,0.5216528198620332,personal,736.194080445617,0
64,private_salaried,30779.46999637121,35.410954028134434,1.60042645521348,61.135800994188486,50.34290484862201,94.29405999708557,73.66788120323542,2.1346702650257745,personal,900.0,0
63,private_salaried,17737.959920255526,38.334498679005264,56.805862006627954,45.98302199570489,57.623458988249546,54.23893839887094,52.907240169717895,0.6126963707664065,personal,810.3163988464205,0
38,govt_salaried,82905.47076373953,21.480921235051003,13.234767226980068,64.07047971339159,40.10109201379248,41.242732774651685,69.45252294846337,1.753147018363799,personal,695.3225531808491,0
29,business,58515.41864617556,31.212037394578,82.03856685992314,94.46456770405736,33.339175437902156,90.83069077269965,100.0,4.409972249481568,home,624.0164807831147,0
31,business,40144.40320872315,37.393523267234755,18.55499440666733,70.63566393872377,80.6210719309613,76.30000634598377,81.16274002853936,0.15427907097990795,personal,813.2185449644867,0
61,private_salaried,40125.899873247676,33.878770701461555,35.833018403214226,51.18194783745891,27.101759628185825,69.64244097616842,56.6733409635644,6.334714837670922,home,810.9240630753402,0
57,govt_salaried,82572.77042015648,42.20872991419205,31.046468312607566,41.07574780381279,45.80418448464592,28.24853922511101,65.90646427370098,3.6553576877576277,car,722.0782846264142,0
27,private_salaried,31136.260777469925,34.5520033858271,31.957095723533783,100.0,54.24206818765243,91.90728660309696,100.0,0.16240932641775105,personal,607.5528967608792,0
32,private_salaried,80645.15666111541,19.087717059024406,22.49239097478744,68.92776406982306,86.06622009488228,100.0,28.371046958727376,2.2639284577110965,education,630.9076585753223,0
30,private_salaried,42808.492881240374,30.54551027876989,49.920346754783246,100.0,12.994184807325126,58.68699478986643,68.46383754718417,0.8338132203521998,home,663.112155306442,0
53,private_salaried,65068.07167509102,16.123090789107714,40.200466282734325,82.72991709173104,77.5916796778488,98.23256511404168,64.6131989737273,0.6005599917478126,car,630.7384577490094,0
59,private_salaried,80925.18191319249,24.18289451056556,78.7879216014361,80.58973286728174,5.584245431033395,59.76381868198406,100.0,1.769416866542616,personal,579.0303160413924,0
38,business,43542.31080101273,44.254294416024806,28.45498201903069,74.60484068684764,49.70726402681278,81.84466193926603,65.90546648981362,1.5980502297563115,education,639.3214880620172,0
49,self_employed,40893.68468733444,40.87620638145667,36.452599982859596,95.9381948184943,64.59177282908698,45.88300003195966,60.44906572140928,1.2739127327826263,education,652.4355541071533,0
51,private_salaried,33988.3400244214,23.666026274840014,9.293973608500629,75.37606025651677,79.32169104520757,53.52238920677962,79.9314777436526,3.882099690107065,education,648.7304975905702,0
60,private_salaried,68438.89465702175,20.64274098949498,77.65288052687272,53.47272066825669,79.98660211751815,95.39330878410422,72.19515211986729,1.1105068408777865,car,557.6331387703003,0
34,govt_salaried,120381.80411242471,7.418509513808367,42.24109981138607,86.6322550251816,100.0,37.353620494665385,67.30386776075522,1.9238921610904927,home,716.6467653683701,0
29,private_salaried,25020.357272775345,39.67859716597443,2.2303424209148446,81.57811347826026,34.32668829278607,89.05572791417366,57.98343650215909,0.6694994231287639,car,594.5724274702817,1
53,private_salaried,60974.09213077215,41.10119458396119,10.80134181131281,53.24270392753658,40.83077737226672,80.50268391700774,47.227527774293776,1.3107722861943136,home,869.7208376572559,0
48,self_employed,26817.866882519407,76.36588931904498,38.12972077659231,70.138022413236,59.21464919287044,35.486242615667116,74.68109768536802,7.206339523863447,car,554.8273971626513,0
54,private_salaried,224498.91963887564,39.1056532987692,34.97899445355119,78.84693933459619,44.46231506241726,51.86162757438502,65.69809699798397,6.834637920586837,education,684.3653394846406,0
57,self_employed,122409.5408898609,8.609075771344738,74.01212554372023,61.92674305869458,61.0387668941783,65.88105689502314,43.23597039730201,2.804206096817378,education,713.4811184491673,0
55,govt_salaried,47470.82246426576,12.847274906641438,10.196670862049615,61.05431138437425,86.81899231692269,66.92240356859656,29.986600193094986,2.039450246453037,personal,680.7409084776348,0
40,private_salaried,69557.92836501247,13.217995666066926,23.09079067755882,100.0,72.80836558642125,47.72090477043703,72.80708914218019,2.6363223123820143,car,638.5886693763742,0
33,private_salaried,41782.65322753205,41.28250612496734,28.430394605296144,69.88327294211439,52.446585736269014,48.55432190715021,58.64413315855226,0.9631682207182317,education,663.8538183403401,0
64,govt_salaried,60505.812894273215,27.78345242206013,48.18958303185276,53.75447908986252,35.062141283691474,69.88729841482021,57.59913395387363,3.070338765760673,education,885.1022444057746,0
34,private_salaried,25734.50378807629,38.18007748694727,10.082428319004244,100.0,56.52554059495855,92.39526922531495,87.86493689988865,0.24259939993121832,education,506.7168064220167,0
23,business,33254.65757966237,59.98446279744192,38.7615558912907,91.92559281922374,44.0532832823323,96.55554050966127,55.50777699677414,3.3103962085150234,home,636.2067181853497,0
29,business,118641.37052646879,19.01741640264313,33.38323107229331,72.8931744747976,77.41026019676187,59.21163209665598,50.4125019592874,2.224908719668539,car,665.1047996024146,0
23,private_salaried,46729.24691376726,22.46783647970258,27.647811686254347,89.28941049251308,72.54563213434618,54.9459111312882,65.41393383612612,0.1,personal,418.9839946496073,0
63,private_salaried,85017.49788571919,50.61308290112685,35.57040303773621,75.1812010751351,40.03799433939703,63.771086381589846,57.22090298394456,2.477994784554765,education,599.8943052979672,1
48,govt_salaried,33897.054481468156,47.290070455933545,30.416937281984914,100.0,40.96264354427127,67.81433597403114,64.22276487660432,2.7723792983458257,education,702.7733669281787,0
31,private_salaried,32819.35214601476,19.836827865784414,28.804616431674443,88.78658373674673,27.005977289624013,88.11896014970101,62.93228200897535,1.7572907503796094,home,586.0765185217952,0
64,private_salaried,51886.48759433694,26.260353222167375,66.59437560174013,70.06281656654754,47.48990103703065,37.08203078525962,78.38434026159538,4.710184584866325,personal,509.09332616638005,0
35,private_salaried,90169.79204919026,30.876868410631424,5.575126081915602,100.0,31.913235648142024,75.1414108253296,78.51588948094488,4.304842774372589,car,591.7184632725257,0
25,private_salaried,68099.71542478987,4.944738324547746,41.77407719880741,48.37646405228758,33.29920556225968,36.77864784664808,74.92212831564605,5.033500637347322,personal,783.9633742201157,1
48,self_employed,34403.665176445924,42.00628421375021,0.0,93.12613475323289,75.02879904902252,57.753743386831864,30.51586544534615,5.4116314808546715,personal,333.9960522965397,0
44,self_employed,32471.094170104287,27.47911931035132,32.27914739257041,98.55436070781195,75.47394390070146,100.0,40.19547648679582,2.8005970098050765,home,491.15180352212326,0
30,private_salaried,49839.9530007288,23.847062571518787,41.70987304298781,57.01174026844534,59.628153923442895,100.0,98.52265639190001,3.892032262109135,home,548.295909677157,0
24,private_salaried,38279.354048936046,46.36626972916211,35.50789305000455,76.1940887874474,16.219609677974326,50.70939235548215,85.03720934633628,5.6533920143997936,home,517.8719791101695,1
31,self_employed,69181.3133645188,44.41589079710098,22.524138159149416,45.64690872677652,33.16161469041624,79.59842393809822,45.9830681240861,0.28914754354253325,education,700.130649940599,0
60,private_salaried,80837.67872439115,24.248530209266583,0.02123686891307841,64.76712290170835,67.76368039734169,28.38454470232675,89.06620619532023,11.380143379633434,car,477.08230215691054,0
58,private_salaried,50052.658428243165,36.08452077718719,3.1323030247473156,91.18971319602164,92.91019512683818,85.61688839420603,59.92963639451474,0.27749303201616415,home,655.0761706501239,0
55,private_salaried,61296.58454253814,46.555694528548216,47.70257002303022,57.25561481891894,80.0320482516698,59.04785779436156,88.58435646534433,0.24017754544323222,education,634.9860068034444,0
36,private_salaried,77477.59845927292,11.354034309358592,48.43421730204352,82.12724929986726,35.60890879528447,72.28617818033483,41.84079579792198,1.7754723569167687,home,666.3123386776293,0
31,self_employed,35977.030696469796,15.347206409811893,32.72354745021152,57.80478728609751,34.963953783668856,36.664867204509136,74.9932610386221,3.865536125942471,personal,604.7607793012528,0
56,self_employed,48874.56988031351,41.881046718822034,33.91962514063022,48.169388583470656,19.459177998083966,74.06405834559138,83.9509506975713,3.046540153682049,home,482.7850693251849,0
55,private_salaried,61407.67082152319,44.48999002453951,43.981144601576545,38.06434689670029,59.07874220934078,74.54550338056427,81.84455833252696,0.1002056751297618,personal,628.703163601853,0
34,self_employed,34169.69001876621,27.806449463375973,34.21335443935459,35.283296451173996,20.170779618279475,32.97393640199589,78.52001073786657,0.9961769419951673,home,639.4416719106326,0
44,private_salaried,52933.56481564091,21.07900174860019,49.975242463481464,100.0,22.45724464944842,75.68278204847238,70.5704043890931,3.2044768887078434,education,535.6532891988696,0
42,private_salaried,105297.76083367375,12.6215322963475,48.48524022574438,97.32593257356544,20.853046083555178,65.43499031084123,90.16289138773891,3.1866198982424305,car,771.2899919483672,0
52,private_salaried,31985.842063014694,17.527294238049365,63.04689704828253,76.87895358878257,7.395158907793871,64.74424684036934,82.22590446425262,0.7310559253422841,home,726.6338627165894,0
26,private_salaried,41338.08105603665,55.56202222377516,59.35288184971768,56.15303830642306,45.31265017681318,100.0,87.60357912907088,4.919256102357605,car,829.6999276559168,0
39,self_employed,98519.89387897446,49.162400873167314,67.08694867587545,97.2116063501747,52.523795353108056,41.577468719262825,57.95894199271925,2.7136001135723857,home,438.66195353622567,0
48,private_salaried,70145.24604030092,58.95727517323603,44.29975646121202,72.4141688286471,19.659768908759943,89.59064429678578,67.41749975427977,3.7548961134382357,home,612.8462180682022,0
60,private_salaried,89723.13708562084,30.055724594715194,30.858972315585213,61.189091015027955,85.79154518210828,78.13421927993465,47.701063052815456,12.055548592061665,home,849.3052878836825,0
37,private_salaried,64547.678722897486,30.551910665484577,5.66018420463611,100.0,45.79920817186655,85.21704881727342,73.44518559533523,7.2800967521144155,car,545.4862795359649,0
57,private_salaried,40665.42820366724,11.107561071152247,43.58529044041506,82.63571090646467,88.33283529753732,85.69647017895076,60.01863853013126,1.0473519591053404,home,511.13426286007973,0
29,private_salaried,50651.98836773726,31.777971007896376,42.7040274868731,42.3807152000049,58.50965285268762,75.5519448616429,57.03545510278314,0.41055178525759567,personal,752.7435403293694,0
28,self_employed,87204.49453686058,27.082777853030635,51.50232719525334,88.47088324617634,22.62987948044089,95.25970622825373,96.13721031959066,0.3507427367639082,personal,495.9539313154726,0
44,private_salaried,38081.52426732908,44.10033781318409,52.565183007263016,75.57234468028797,81.86927973757014,69.64895482566386,66.99716080329212,3.9021386735020642,home,602.7196996281978,0
28,private_salaried,55470.8388228708,19.25661100462086,34.5225786250606,83.74043242285939,79.73180478090606,49.892426665101986,58.82940554597731,0.7382193935729624,personal,566.5808013535764,0
42,self_employed,36819.54319949686,33.63237636386347,6.8935409044105,88.38940328914926,58.9785919601896,66.19938958632007,44.33193023377555,0.4292008563273082,personal,666.6942481922194,0
57,private_salaried,34283.71151743839,19.250948606760797,97.35825805264389,34.41452001280972,71.88504233895713,84.92024753284304,61.17030204587184,2.2805552283439994,personal,689.8418570752843,0
56,private_salaried,64929.115303218925,25.962803108496907,20.989457145189157,67.4473609275615,52.20442147580048,71.21186158274215,48.40094394434183,1.0652350991670028,car,554.0120370179277,0
52,private_salaried,69594.79795057717,35.3583919311413,48.73411562974772,80.17657663353762,29.86429482749834,46.49442468157801,96.2743925027084,5.080614853236472,personal,717.166585188577,0
40,private_salaried,56095.99753448028,18.57131366762901,59.01252805045014,28.02789770602903,12.784905421716545,83.81296369311454,72.0781555322544,2.2008336915539184,personal,738.876750743424,1
24,govt_salaried,36650.820266219096,38.742243723387986,21.484308148978926,79.05016854681166,93.48779807721787,76.08994952519492,60.62878981251219,3.908609816125646,education,692.0906525575676,0
46,private_salaried,45159.60245490241,56.38207006797887,5.949425940804403,71.01300097538918,51.150104474908616,100.0,100.0,1.1540663957234,car,428.6124274130373,0
49,business,28693.061905356568,54.56707376741928,20.45959063352553,72.40691269730775,26.63573808644093,42.78726883990744,71.18286526192011,2.3195073499897614,car,535.8266599698118,1
27,private_salaried,47037.75087725651,7.693171783203628,39.54635894667719,51.867616358269984,51.9767374936691,47.25293548411959,98.54996756735098,1.9544907972371381,car,567.5051433594845,0
31,private_salaried,32280.903917771288,33.32438117303287,28.986968895902113,78.63225301301689,20.147821423078767,94.03979617324404,88.73117737944544,2.0964108140557234,car,437.2749598522876,0
48,govt_salaried,207858.60157104422,44.585962899782075,53.89948112594463,77.50824373326557,50.68780466956816,55.51009618347369,98.15753328465705,4.3065275632820645,personal,754.957134838401,0
38,private_salaried,28659.205103840686,15.99777526409419,38.81644355071347,67.41009704743487,20.628680951977216,58.56190158901228,100.0,0.444401991489542,education,645.5104509215608,0
37,self_employed,76796.27167009146,20.56460952633482,20.720783981690733,88.06117949337991,74.19198025471377,68.9196854429312,89.5823265517881,5.675647711702837,car,536.0055770247484,0
42,self_employed,19899.001761328436,0.0,48.81040961842304,89.29930587648896,63.98670487046637,83.10839210541127,74.2061570771199,1.2047236158311942,home,490.5412976568482,0
55,private_salaried,69663.89347855309,3.0336701738465592,37.14059458845967,99.90263088864717,0.0,68.31831009901029,49.77959142295002,3.09403933548688,car,773.045838636662,0
29,private_salaried,29946.961404086003,33.45958895536374,23.469686718219204,92.50787347665668,71.7205243736498,76.3475819468219,75.63830912163553,2.079466136325383,home,702.310924050284,0
55,private_salaried,40347.70823349285,22.595369992045335,46.73380433107693,73.77879930801862,60.43812704123821,30.813365651356236,38.54320413889182,4.238295515079599,personal,846.5280078226849,0
41,private_salaried,105357.32952614986,48.899066080887465,9.152622938169834,97.15681721176776,63.15739273368606,74.08297255683657,100.0,2.088916181355312,education,679.5904588925049,0
57,business,81728.0471202968,28.44307164471497,37.91011311184921,68.96607429306455,3.040925975773632,55.16523920264415,89.11091099835646,0.9297554158373458,home,567.6010055756784,0
45,govt_salaried,44007.67373331898,23.69646962294741,33.66614484179995,52.746542398714304,94.3552500960472,82.91190617123868,26.567588795986282,0.34746166282182583,car,750.6302448881298,0
44,private_salaried,32105.603945607778,48.733651097721285,55.73032279418191,78.22621640405848,25.853374872877627,71.0517909047594,82.82137844780051,0.36487433030669225,education,558.5448976479413,1
22,self_employed,102768.32718073332,27.62245406891261,3.6385585227383714,71.61958603973564,40.90615367142153,36.56236805644221,82.43740144982007,2.1550174391725108,education,650.1000670047473,0
52,self_employed,187873.07470335724,51.37811997598418,0.0,69.2793373886097,58.34673479329526,91.03082066780115,53.10675341995862,2.8849348282951945,education,705.4683510241907,0
58,self_employed,59140.7160039568,32.10488744623145,40.49911415358621,79.24186544119564,86.92528157713357,60.28718336725358,63.952671776323044,12.990235904247946,education,778.2061447897006,0
35,self_employed,36957.90515053227,45.472551105225826,53.402093580222186,69.49589669182892,82.77097412209207,59.7458723651017,70.48069040370851,0.39471584723695696,education,693.4074307570195,0
59,govt_salaried,67193.22620718318,44.10483753416244,32.575276097846476,100.0,78.43602766995319,94.03243186885999,79.06806766337189,0.5520168187936824,personal,650.1403705518908,0
36,govt_salaried,44815.31040190506,47.4241021930511,25.91999438923846,63.216026538359884,22.093636790444158,85.1201829814925,100.0,2.558343892259612,personal,461.4260460096265,0
31,private_salaried,46016.92577453924,29.278689875965963,15.527130917849806,100.0,49.98709526090529,67.84926762162036,47.53559478538309,1.1541331576480653,personal,557.1203918458363,0
21,private_salaried,68197.05132940992,28.03953175617059,28.802185464793222,72.33214741592303,16.573746131927663,29.7505465848268,80.20308386081423,2.9039189441579123,home,832.0584490224463,0
50,business,29878.606844652644,41.11479062335497,57.62598290404875,82.34933706670037,91.7133475560483,62.0002505729451,65.6670135739127,7.427973207358996,home,658.0821557336936,0
51,private_salaried,63600.64473483296,41.10155907107084,58.802426073991924,100.0,52.31178608118812,76.05274371068492,47.692563564394476,0.12770292183639825,education,836.9718542400727,0
38,govt_salaried,30311.695260407272,24.21585844757412,37.79162957272559,100.0,44.384664574834034,50.67545939303968,73.27811220713633,1.1325412569966042,home,650.8983124081826,0
31,private_salaried,45447.84366134542,45.780148437659584,57.181305265162194,40.896331171065505,77.14673537550553,95.88018348988662,100.0,1.4159919109314556,car,532.8937347854574,0
51,self_employed,21882.17985782224,47.85684694735973,28.512085688783,55.39720672960529,27.194932410129564,61.37006160360802,45.540841149073515,4.100251228274592,car,779.4360429837825,0
51,business,66056.17139537158,61.35518904030028,18.990243618168424,76.9095140694265,35.91054030197857,48.56013960933254,81.89764514718816,4.313595737172515,personal,560.7442693909296,1
27,govt_salaried,150718.44518012865,39.818641629185656,29.081520952535605,85.71672304934322,69.89340646903183,76.69301200811552,97.45760390091402,2.0210069191087037,car,696.3311548344165,0
50,govt_salaried,65477.991357886676,48.82699117329351,50.78371471525801,100.0,81.91543971666081,48.01365990750976,74.91801102936641,2.755862648874337,home,713.7810906611153,0
26,private_salaried,40195.96650043056,57.68562706243557,15.147699180921762,74.66376306353513,84.72107170514715,81.92826322318606,100.0,0.47389377664215204,education,650.4046390651833,0
60,private_salaried,149155.0613916445,35.73360198913089,86.82933742458255,58.21423126655033,44.27978478239976,49.4926197648579,57.18487870014471,3.072562462491058,home,491.81379783026694,0
34,govt_salaried,316132.4885870948,46.58600213197063,37.13377616813579,88.46549443491503,39.92214863972863,70.2485102200461,89.09324369620145,1.520623698449468,car,646.5205178550391,0
54,private_salaried,64261.64774728665,25.83082852361295,29.585365801674286,82.06712101467281,72.544131205941,92.66895260433388,100.0,1.2625323120134457,car,846.882975375049,0
55,private_salaried,115155.33904581689,23.62881875321598,45.415101736169525,60.7028346199382,53.01903017905027,54.367004373637116,57.45673293150806,1.4642928995640192,car,672.8198755200682,0
37,govt_salaried,21369.227894671836,32.30594362866658,19.72218815663517,94.36037979532662,58.73445128001589,52.5310477172233,87.14539084378355,0.46614408780086936,education,788.0437444358645,0
41,private_salaried,64437.21283426201,26.267241823612594,13.64378735247097,23.544671970860954,95.39929111242569,45.61125765266816,77.08200384052417,1.3744559209215215,education,673.8776878247587,0
39,govt_salaried,29743.700321166056,51.607174996779236,5.3690281097199914,100.0,48.90521003245065,62.623384262445875,100.0,10.847740930255508,education,738.797743951592,0
22,private_salaried,34438.451026920455,8.51473124353421,0.0,70.36803311729122,20.473563446654367,78.05317527533688,65.58494009535346,3.527060804650687,home,458.5173776218876,0
22,private_salaried,43765.345465634535,34.4924908647171,35.279674496786676,100.0,47.652130611785985,86.46364706039671,68.5186038708796,4.483971000228021,home,813.7836273230066,0
39,business,35372.854245718496,15.565730580794032,26.068139394862534,69.69291393990315,65.18823472775243,63.15421922167207,91.54791723245123,1.5090704034218976,personal,773.8895565601517,0
25,private_salaried,37248.44744334052,54.626377002602844,11.9106976691641,56.97796485719263,60.64345585145563,58.82287419308158,98.94611207266647,0.1,home,585.6978497463318,0
21,govt_salaried,19411.72791620818,53.482452861659205,1.4840748132185482,100.0,52.06509338788678,59.25227893816047,69.36719386757593,5.94641797308049,personal,521.1159238793575,0
45,self_employed,81947.46462000713,44.86837538601799,26.82889789819322,68.74713588215725,87.12777571796208,30.604755658385564,66.08483186010334,0.852018175059857,personal,608.131660094449,0
28,govt_salaried,123575.85167248374,42.49176738359799,19.418706381250914,88.04348586377772,56.141193542636444,79.83883565526996,65.9201571601679,2.30103904493254,personal,553.0639831646986,0
27,self_employed,33111.03924273505,9.75358090367719,36.666733068790656,38.78473357717465,45.14936278846429,71.59826859621612,62.960918697879805,3.0343399127687674,home,632.3246647143818,0
52,business,15126.73614687123,15.975828811136534,8.265056503347093,100.0,67.97678746218742,70.52713531467255,21.806999428737086,1.8448219040788005,car,647.2765063270043,0
63,self_employed,47610.75424023684,24.81049886338551,45.846020681007076,69.37470238128968,59.17705765045177,18.525674525705284,67.810552897786,5.8922424184142415,home,699.290215369574,0
33,self_employed,28866.916515928035,23.521527325645256,7.9534524340620685,91.57864581913465,67.92510528105913,43.069577518352375,51.481325208491924,1.9189897689839746,education,745.128571830428,0
48,govt_salaried,41616.36579836061,51.28820681641124,23.67526622520445,68.0715631073763,100.0,100.0,72.8655424663036,0.9786172949511214,home,757.721405826537,0
44,private_salaried,22584.21074273445,26.593959331300148,7.6608996433220575,56.011367290790176,100.0,89.63164244428819,76.92860507261642,0.9006864944354243,car,704.0198457489957,0
55,private_salaried,73832.83113856934,31.538713164541242,63.87641866282701,70.13214183651931,30.19057534421833,70.24664477607615,66.14959881464729,5.501389395899285,home,723.9269038770155,1
22,private_salaried,33677.252593982674,49.68000020480721,14.553719190902001,77.37129929425898,46.694484192295704,62.80077698154307,29.266632881005094,5.13938896907934,home,727.2580325545737,0
57,private_salaried,35063.62796184973,22.953703909138696,40.84179954037773,79.77688489223547,14.661649653870256,63.822510346174525,38.84957968623222,0.6915039180871375,education,494.7907175898422,0
22,self_employed,48730.44654749242,10.63285768666696,44.511720725231676,73.42876404272072,50.40064254241253,67.80078559660716,80.47525816370471,0.43546140715982556,car,546.8858061243845,0
30,self_employed,35682.94637056044,22.93435848904371,4.90964124490954,69.65102753365139,37.728329653859106,72.22759131669731,74.44127837249258,0.5930127162558785,education,766.9291385478414,0
38,business,119674.80737984175,33.14809342254863,20.282280232523327,83.3288744487443,89.52565215024109,64.13776820316716,85.0736131124778,4.441987270371543,home,599.2754617624141,0
50,private_salaried,85821.32884032272,31.271083884228933,48.30511389908864,73.58438900199161,33.57083644675111,100.0,10.912188018385613,2.1696032627532125,personal,568.9009644880239,0
35,private_salaried,21833.370639493332,19.853829828440176,31.963474557855086,73.11682294161233,100.0,75.06535813508629,89.40510230657313,2.110421210533985,education,667.0484559119682,0
48,private_salaried,43949.4656446101,44.71984117303665,23.25521852762474,78.85793138493449,39.94942199341916,42.89053033193513,79.7570562553971,3.05120727650269,personal,839.6910058104202,0
53,self_employed,28180.916640753236,30.865533504981627,35.109411560107475,76.72797273498227,86.25008044629269,45.87422174671282,43.36975401775567,5.237413527536568,car,722.2788419606114,0
45,self_employed,43532.99714757051,53.192806081763095,49.60821590166012,87.67394294926557,51.94390171028768,73.40901703276931,27.940841988146715,6.782033008458298,personal,677.167527215166,0
51,self_employed,94707.14282148328,0.0,26.157538119481696,43.08578893611932,42.47872146921192,63.51765455175789,46.06412932167577,2.7399132941960884,home,317.0627308832911,0
44,private_salaried,130596.51856215068,28.140872727825187,9.472287766223971,58.87445924043672,97.55029252866572,69.47358972848384,85.77647202090348,0.41740357442980225,personal,652.9521456714614,0
38,self_employed,26439.101395050682,45.60295449723839,61.92027645852698,83.09170948542906,10.080418853077681,97.71259001550563,51.10352212712472,3.2112223528613777,personal,696.5344192267894,0
38,business,84271.20765619354,41.880853136159445,63.9623532208992,85.79835199770307,53.14584488596957,68.87718843076318,100.0,2.6471852484555454,home,504.8835890200595,0
44,self_employed,15086.138967413768,42.16573970156523,37.526425459135794,36.798389711703635,37.53526146152845,28.86015766575391,84.63379774592826,3.4456406482145017,personal,816.5591843252116,0
43,self_employed,68613.88441851233,32.3256646066265,23.33369544316229,42.306074815401516,93.80276361137001,81.41850044199207,68.25389466206464,3.5565781689419333,home,684.1517456016987,0
36,business,52425.90575714027,47.92971322842867,45.02077428285045,92.07826420974527,100.0,76.67218322951057,100.0,0.6400998874271144,car,793.3102309575138,0
23,self_employed,39986.92635186983,37.328771815605926,49.449236079679565,53.54319744377305,39.2545042386552,43.71888213400444,100.0,0.6565795772898518,home,594.9825846819042,0
58,private_salaried,72834.60796681145,13.837614436087694,56.74652637839392,38.869676454622194,53.12522246617816,51.07710414302943,89.89204271932674,2.961055305188017,home,822.8531702032595,0
48,private_salaried,111722.96007600847,51.269151775978294,53.322816737350635,85.57548509616674,67.53940024963826,82.84417140178348,67.34263590515934,9.901761617238948,personal,728.491213862154,0
55,private_salaried,68460.47389677961,23.757138595495736,11.03115068104318,96.30389029820842,26.472715994988146,62.33743152483571,83.93609829032123,0.21557674304754176,car,705.628604055832,0
26,private_salaried,52923.712399827564,21.84150634345057,42.366545232187335,60.0073448641237,83.93245649513781,79.12875413865558,56.04981998412864,0.38653939932820547,personal,643.2972897766549,0
37,private_salaried,57625.698856624535,16.24943315286853,14.83195853461234,38.833362014941194,69.02127206943787,57.80627377142679,55.48744780821025,2.2005528041196514,car,897.7182574738332,0
59,private_salaried,60773.20086262454,26.886631058729968,20.805161427194363,80.00136017372475,76.94285428535059,62.73700026149531,76.46776468662739,1.2843162506082906,car,702.6664192650557,0
22,private_salaried,46544.19861436073,8.258484920204367,52.80699672706787,87.43965756183952,28.355692288635076,66.77201891101082,29.93573022893721,0.1,personal,702.4204139263148,0
33,self_employed,94638.24242744551,19.56516867445945,21.073694096712416,72.49083278912626,23.40338145724894,58.08128293131776,63.08543052984371,2.51518517254234,education,394.34219077970084,0
42,private_salaried,138395.4476038909,32.26749824513557,16.983801048855575,75.40373939332908,32.03189862177065,29.811315850003112,81.26454254746768,0.7609434340689846,car,655.0845451536719,0
30,govt_salaried,42290.98289286479,35.337368572802724,67.8262489316256,88.14267815886461,35.67866438497227,68.03695314465786,100.0,0.806891079184002,home,581.0834589460007,0
55,private_salaried,100746.71891518695,53.84421853795483,22.4992604442877,62.06839560385341,56.11729456655709,66.4933809218692,50.75348141354006,2.482594462001464,home,620.1043190121749,0
55,govt_salaried,61094.92712758885,41.52559181767895,10.262475243318917,64.9807008373092,56.579321527565405,78.50601659733674,65.5783576410225,1.7325883968960518,home,433.5072319943039,0
54,private_salaried,78821.31507648905,39.00640201491616,46.016968550737026,78.39609530270215,59.20825224860969,71.6439160377739,88.98464874012046,0.5352665945261144,personal,512.3130602750717,0
48,private_salaried,42810.98813827242,28.50919775368053,0.0,100.0,58.175431446144636,48.65089581224264,67.55471484641758,2.9132134079982883,car,787.086252937607,0
63,private_salaried,107601.1578653097,5.658153067606079,52.073393207124894,83.9608957451363,35.603505290305804,45.13426491669152,29.39967285506686,2.1003187832624923,home,727.1267824799302,0
45,business,37095.03712301557,35.75380708776717,60.0123244903326,59.649480162017355,53.52020792690594,67.05759693944023,68.42472500685498,1.8644793708879375,personal,660.6444299729286,0
64,self_employed,55956.07330501557,62.33801408960571,8.2750685361259,75.1182442404835,80.96877815103298,61.04444751531476,78.25730111555362,14.839297020195342,personal,759.2136528683197,0
33,private_salaried,14390.202588179964,26.743867938404215,43.838962836568385,78.62267993594328,79.94562928483612,69.64020208319589,54.40630029284192,4.553360734270205,home,708.1027884902171,0
37,business,58070.21070047325,24.43611290112986,0.0,95.85546858107436,71.22317037083803,63.260653206762925,52.02696388884914,15.0,education,624.3775225434465,0
53,business,19951.886778821252,24.419239742766948,32.04803682799538,52.21622307803496,92.70446063329274,72.20997546222152,56.229835854292865,3.5537636732134015,education,683.4967101384444,0
43,govt_salaried,103520.99810512699,26.601974382496138,26.659427643120097,79.03304836201495,54.22103541025249,84.3895661152369,86.425793269769,5.324992395956613,personal,689.2738225422177,0
53,private_salaried,67549.77929910923,40.40876403229095,44.469209565573024,98.66130757365038,60.679532699114866,81.09419343604814,54.7843726492612,1.3361195857472488,home,604.4670210443674,0
49,private_salaried,39329.47262620542,19.695569192915684,86.34661122586553,47.005005972908144,65.99819524461176,54.1833978103319,80.73648691308262,0.9995244553635036,car,620.9508042285248,0
54,private_salaried,95659.7039011628,57.74607193333193,53.64095082088577,78.89733971190999,81.13700236592037,44.72375578011494,99.7509045257392,8.621074297620462,personal,792.3396797262868,0
63,self_employed,81422.69190266423,49.32884901382839,6.611873494433546,92.23590923666,50.67797079616015,70.5472077643822,61.76223442080091,0.12404365248421716,personal,518.3389474175589,0
41,business,26588.1011466679,36.17433731729527,18.077430071413218,92.87591494456464,26.631063106762927,20.838590621292553,55.824934371882506,4.4176415221415635,education,570.9317862634418,0
34,private_salaried,70189.42712095618,50.71500808349279,69.33963031011041,77.50033225735993,61.31071458641092,71.53211397400983,92.19290079098822,0.4391549039246605,car,776.4987704980467,0
51,govt_salaried,116142.26461495491,16.507787871619605,42.270961590543045,32.45710127515725,100.0,37.56926986467093,56.955933098862346,13.399428429725589,personal,622.6328651514206,0
43,private_salaried,48843.69433960213,19.00809476475692,33.5573240788843,75.8959836733573,64.67064366771977,43.10582642759881,87.6902328015635,4.215691893406988,education,665.6019597898971,0
46,private_salaried,47958.96987747889,36.71050832666616,63.481781935609526,55.39942845575911,51.80899826302638,53.13200862835924,77.77272128124531,0.5339665762870975,education,520.6211423443752,0
48,private_salaried,46915.66943547443,0.4924399664797079,60.085997050893056,69.35107439517772,75.42299773078446,46.134580511574015,37.68651395101922,2.3885365487871937,home,560.4814918385403,0
53,private_salaried,101163.9317711663,62.0021610119574,25.788839430864826,54.118717493828896,40.58461783081803,30.269762814157886,76.11605043974245,2.2556131148359198,home,571.3767767320005,0
34,self_employed,46224.811174764334,38.31389993171246,65.170110600246,89.4737645410514,43.13387006537105,36.93024277759896,81.7610752365557,4.983804403992076,personal,539.1238387238925,0
56,business,32836.95174152305,16.424044085941258,70.78532121534164,95.57736629431699,47.40535997344014,54.69439883678269,71.5697948261787,2.525379855930085,home,567.5773601985807,0
52,business,40426.29880344038,18.981756926896594,66.76831716666156,63.61876333425787,74.66075270291822,78.50775212172141,68.82875898909892,7.2789075592150665,car,533.2403882572764,0
51,private_salaried,51762.25880149902,60.76670099287996,13.243017681114232,69.99082792008144,41.87972289436799,70.47478755014976,39.5638324737836,0.9911002224372966,car,796.1854885410377,0
35,private_salaried,113033.70261014314,40.2140071539895,36.299917471996125,100.0,64.58994702958547,74.55152222794015,60.53951069640398,2.7847249640516725,car,573.5205973269102,0
55,self_employed,57179.84034203377,33.77167940093597,26.540274178103175,44.663631778255656,92.49532651487752,81.10647660568797,57.11435707818946,0.895022433758183,home,420.40734684877566,0
54,self_employed,81156.58032309683,15.537390850688865,14.285178898471965,94.24807545971221,66.2703745256037,56.30816580799272,84.23039473507225,1.4305111803328487,home,710.574178450039,0
34,private_salaried,28880.882240569783,9.95649006631254,39.245846528278896,87.91262134352087,70.6116283208467,82.87704123059419,72.33811747655515,0.30791816050657794,personal,628.3687143041573,0
59,private_salaried,59056.34180204505,41.92194528363753,20.88574045958142,80.00017517543532,52.96930417118356,68.7977932210636,95.07135393240216,0.35637508780911364,personal,703.1036204971587,0
56,private_salaried,53115.89957296357,11.18511329128376,27.872175889559614,59.73494024661283,51.4448503347642,60.68707249590078,72.61157982246046,4.549078222282204,home,630.6207882332152,0
54,private_salaried,36073.22715397526,31.033187224092337,46.4651111260132,63.200545509456674,70.71494967047083,70.61113836840147,87.38577490003753,5.883006312693384,car,586.4043225672131,0
37,govt_salaried,23369.709057367545,19.690971364157896,33.667255156365776,94.8023858211537,38.33201925030901,71.56081911515295,69.96490113151187,1.8151523908984815,home,680.1070735244336,0
62,business,36910.16569886783,50.50970655359862,58.51805072078662,76.43982202274289,43.96777478981375,69.55294002504854,44.512159317793135,3.570770733068225,education,559.1566239913379,0
58,private_salaried,38438.14872308381,25.80037216224948,9.284287177148922,69.67689435253335,50.168225152137595,76.45573001285973,72.11118977618969,2.335913542175658,education,900.0,0
63,private_salaried,80717.05639538936,11.474763969511674,56.198270508943025,82.66965521009718,49.34660335882116,69.20689614667923,60.18149677574541,0.7569223764774659,home,579.7408207998207,0
39,private_salaried,179389.4565685965,38.54371869747679,55.63632859852388,100.0,83.00436328565877,81.62926839541367,54.24286523160612,1.7155883742222202,home,411.33780800911836,0
30,self_employed,34124.99302032973,29.215466440152774,45.54917202216793,97.6296621206253,60.545947777907365,27.027304040863235,93.72221735443821,0.21547043961011447,personal,805.4972985708192,0
38,govt_salaried,61745.22471804091,34.04154652183803,58.02688183179976,79.94195135285418,72.80671905935775,59.62798282793799,33.87967688185935,1.8840862513573362,education,573.4442697700257,0
51,private_salaried,39176.72231970714,31.90009662550676,36.1101797685222,100.0,68.08532198776368,79.40878008914417,60.647658036875384,4.489059353239745,education,828.4970906711009,0
38,private_salaried,21748.880914567886,65.32681236199474,52.76509596384791,89.49651121170818,34.17264264246583,88.82966715373013,86.32549176465677,0.7620691479525878,education,900.0,0
23,govt_salaried,32865.96468123915,34.381327559557775,63.85469059091099,100.0,36.1416022418984,90.51794769101389,85.222826253055,0.4103537188937868,education,726.0006245133994,0
31,govt_salaried,49016.239628258096,16.896944841875786,14.18449789208248,81.12394849531812,35.26168348352242,81.47788707401534,54.9156408748691,6.906131201277495,personal,589.6530476574989,0
47,govt_salaried,34891.3511692966,34.72092941521645,15.766255198241467,70.52984497005883,73.71227519488039,42.26497841878658,60.25861176044212,1.9844347950329513,education,712.1914891981938,0
32,private_salaried,62832.89205808265,40.910032431975324,37.46758032674541,63.59487229952795,95.00019099473383,80.0690420144337,82.06331618041291,0.9857212505729295,education,647.4639567259719,0
33,business,19169.335977529012,49.36022391458371,0.0,55.6695879997485,43.679384239296965,25.92768907981442,47.98754754392584,0.5924891208770112,car,679.3784108940838,0
31,private_salaried,68931.33086928588,31.98621995643608,10.161763461637186,92.9539422388513,45.21233163253489,100.0,89.33805073042905,7.327008701880761,home,605.5489596589462,0
50,govt_salaried,34070.553060072685,25.680224371349567,31.377358200411493,76.53665550013235,54.32710298026769,64.96030751723943,37.48634585037114,6.176994819255533,personal,900.0,0
28,self_employed,42181.47358650509,54.527133161821,76.55235367029596,100.0,10.836776914501023,55.79163718380414,76.71634239908735,8.75232106874614,home,630.1913461578408,0
43,private_salaried,19192.4524774082,11.412657137790003,14.706584314167085,73.04932092462401,14.431866120528518,43.792155318703394,92.9789008461909,0.5354142903772866,education,636.516757636949,0
42,govt_salaried,53290.78023796937,6.6181206076562304,43.77217488672263,67.01014564893714,48.56951520441305,82.03531604233567,78.64066954916018,0.42617945295117077,home,685.3558332927125,0
28,business,67149.94959381723,11.03909083690452,53.3574660629025,95.21201705767137,7.1847289202883005,73.9867010537587,77.33007295499709,0.6324518289807014,car,734.3659165623232,0
46,business,46989.929537949545,9.376580150326767,0.0,74.87982441342436,23.909310631817313,75.4618733840818,63.756668103830016,2.4616287969436366,car,875.2952200944809,0
55,private_salaried,51955.66342346932,59.369361243956504,49.319606089665655,49.204420740036525,43.8211774981158,53.57132543725088,26.469305434236716,3.4182133106736945,personal,767.1014649041873,0
35,govt_salaried,35077.63525075178,21.594092006648427,66.58693640361838,100.0,24.535882209666322,74.24107256660832,84.4317891929005,2.7724996446961336,personal,341.2195758124997,0
21,private_salaried,68197.82689619619,69.10640813765603,32.99645991328721,88.54552865067762,79.2577877134872,99.37760879835793,47.37314435173566,0.7434858586512318,personal,757.428929275715,0
56,private_salaried,104696.48095283676,36.17748709851726,35.95524766197112,87.4987009770524,40.009409509012244,43.10619327842252,79.74956256655784,0.1,car,743.3756539225349,0
37,self_employed,17256.24866587632,37.06123022249932,25.97233104349978,68.7053953470649,45.72660617542023,28.387961548627906,100.0,1.125379250477173,education,566.7428504964581,0
55,private_salaried,32656.443726925558,39.30661174216422,43.46569874609173,51.94903368331606,26.09323161278278,51.911086464287706,100.0,3.756762633760999,car,673.7356350286132,0
53,private_salaried,34106.493796016235,58.42308533471655,33.9163013128837,71.02068867122289,55.6344592943599,83.29828003819306,70.50164895423124,8.228549027088919,education,686.6639803399122,0
58,self_employed,38232.54054665939,22.4340894888247,37.169008729615946,60.844531475783505,49.19760475205583,42.94370546547778,52.74337665429884,1.2298268895107314,car,515.8538367825149,0
23,private_salaried,25705.133068782518,24.44318998600535,32.68693283488798,87.81279309988791,52.888947482373,44.849297418265834,59.17340255397678,0.8388266618548491,education,577.7865960146099,0
33,self_employed,38441.13001903271,18.24825856316098,27.616519020120826,98.3280379621959,2.381623850421839,67.27861009803306,63.22976912826475,3.3928873597848024,car,662.6562873931489,0
35,self_employed,199008.801278563,61.76446496005126,51.50792880386314,65.29547553782221,45.60633866337312,87.98271310798597,93.75734054816657,0.1,car,547.9039807204765,0
53,self_employed,33799.00369742943,35.25959515503699,41.47703961605699,100.0,100.0,78.59332258814456,69.56603332497998,0.7017742533139859,car,675.0070535194243,0
51,private_salaried,45904.24342113295,22.705669132628113,57.584187857040114,86.05854961268153,61.44218695932041,61.786362110270204,79.14287705325334,1.7972528612400898,car,608.1991776542204,0
26,private_salaried,41021.83962946736,38.34266985971041,42.16616171555101,83.23007928878822,81.75605286856232,82.92627105064552,44.25259083221846,2.9734697974748263,personal,581.9576673611474,0
25,private_salaried,77628.61940065623,36.92287274889421,16.14471677292528,73.74081205373649,51.007828502260494,56.19117953494117,83.67812222712739,3.3450791392900565,home,592.3986639756231,0
25,private_salaried,50570.365213782185,13.446704998572645,66.6832006409517,78.59519321204658,69.01923398399495,72.75794732106479,91.74719763216211,0.9514561083314204,home,369.75051328656394,0
50,private_salaried,16544.364640034466,34.69937737169751,67.85201158328094,75.64059860033029,55.87194370895309,57.81277459838485,89.53638723343332,2.0296672175702044,education,643.7825093827413,0
57,private_salaried,69537.5296706263,58.56362614952113,65.50246296950633,68.8976256533281,19.87068743802746,42.708612855317725,92.24913921325096,0.1961935886917397,personal,900.0,0
31,business,53696.436294191975,23.39856129417801,4.014785991377316,53.94837644374554,81.96906294995387,31.492018696163733,67.29400016857905,0.16193766134565507,education,517.8935688718866,0
45,self_employed,53093.217171674194,50.3678855878711,20.50335077327782,79.23621989885076,38.458048946647594,37.82145596787749,53.03152711095417,4.21997331488905,personal,624.1203979449785,0
30,business,39607.34998856078,15.497745861615574,50.85368718301139,57.9872659753282,81.06554868748957,49.79762573082033,62.81639690447712,0.1949027335515127,personal,551.4169630798222,0
62,private_salaried,38591.865815932506,33.18445726128998,0.0,73.5930767626294,36.09233182831626,55.6362354978081,69.16927942310053,1.8032147068526547,education,596.1834833482108,0
30,self_employed,17367.42601718672,37.672259778883245,49.0644472526548,42.631853052227505,48.04906531951864,54.67788083285028,89.35962253555088,7.979563593248741,personal,597.4464050580392,0
29,private_salaried,22829.951468385232,47.925125667390205,0.0,75.12690619601275,94.40560711792848,78.50802655902038,89.61343991375725,4.826184822366292,personal,826.6439673435609,0
38,self_employed,28592.156984961475,33.10169234961,0.0,68.31803648116384,44.09060142959244,93.04478711226696,57.935537947426134,0.11904242438210885,education,618.0371529685425,0
45,govt_salaried,41326.09909878605,52.04865056216195,34.762437633682616,100.0,0.0,16.275413587777848,64.16042880828999,0.29167030454413706,home,613.3942548820709,0
60,business,63503.85022840036,27.98151229852536,0.0,60.722467450540265,28.703367739992192,61.60989550521556,81.45193865746316,2.033458241766601,education,876.7942358027576,0
35,govt_salaried,33901.65298893546,41.239218348198605,54.37914232767781,79.02171318307522,25.19915224057219,60.571450144730974,61.85700324413166,2.640767231640532,education,544.5266008090434,0
41,govt_salaried,48867.23370953828,39.61104640012829,37.59452982996386,74.74908110167388,51.681906013136306,87.1368122005104,52.763719849614276,6.526574250881262,personal,629.2194955081942,0
44,private_salaried,88994.59443796705,47.18331656525428,22.995884564199777,47.23815743255261,40.275329829954856,29.85201222842202,79.45468981806702,1.2611151997989833,personal,508.9445139468818,0
43,govt_salaried,137529.74381505715,28.182022729073147,57.38177745592142,75.72276953620045,0.0,54.97342364458137,87.58630031211588,5.848088231005649,personal,590.5164975183282,0
38,self_employed,52273.12727253849,45.66352034128932,44.75324547749514,94.41372711980458,52.677992122114965,48.82284629587649,80.75646407238935,0.5795259907789831,personal,601.4828233401948,0
51,private_salaried,72315.49599378758,4.931484318674759,41.206005393596385,83.23603594395037,31.894672483115123,71.96314287279779,93.39765108274852,2.3039609883217094,education,701.8795019380418,0
27,self_employed,31516.542471759403,50.046554048021385,75.6539812350952,85.16052435590927,98.82776286309044,74.1312658440915,99.13274761196989,1.8352033326665695,education,494.4740912472357,0
39,private_salaried,15874.903991405903,34.20030423861225,45.384032037303605,78.7409639109743,22.876400424353463,37.94899147387804,74.3600940436619,1.4002122932392302,home,853.7900379620756,0
44,private_salaried,32069.203066562746,0.0,38.635908795837544,71.02500013417622,12.352107743684869,36.45956850359018,64.74849612638927,5.843734750213265,car,604.7418904807504,0
31,private_salaried,33050.829999771246,22.627205225976986,58.307792693899714,55.81028320202496,67.82452033909057,49.158958608883054,79.11837711679155,0.7110768381841653,education,813.707859902062,0
60,govt_salaried,39246.79553163592,22.813723894987817,36.01642046628611,68.55514624243796,46.496310220777886,71.33918282037527,51.687140535293196,2.457058530486248,personal,581.0741384297078,0
22,self_employed,37578.776066321734,29.824764195848953,0.0,94.26165564353268,68.10040529789234,79.1613757062366,77.74651240795488,0.2057312452971597,car,468.08516555716824,0
46,self_employed,74298.38038667574,44.33217527765924,34.395436810816065,70.68915358162174,32.387410338919324,59.60533632586647,88.1704791917629,1.3818966689347807,car,641.1024487200099,0
21,govt_salaried,37873.320981917605,45.639780287582624,44.64457229840427,60.72551119082952,68.6107471077741,73.8222933259999,68.96483163054346,1.2779679373700013,car,784.3428306354991,0
26,govt_salaried,46339.14846430775,8.508208027569076,56.527620631805824,90.7621188192846,6.956143910954374,61.28336250721553,76.72672758214631,1.1934504209516819,education,634.2202118313951,0
29,private_salaried,51619.93667454402,37.90966529198962,61.95500259571223,74.52047247708447,88.94331060980619,32.91058192016209,93.07923514924299,1.6041535350417502,car,774.0039290362945,0
42,private_salaried,39727.653572267365,22.79960592346568,39.995629459482004,100.0,59.512664095514815,65.20586848850944,36.597071102867936,0.19024400034147132,education,533.6561890946,0
38,private_salaried,32393.083400818286,52.525351440072264,63.94670393241698,76.89081536153452,45.968034209524916,68.06446392189802,30.721526583062264,3.084191969255408,personal,781.0336555888507,0
52,self_employed,66469.77705596702,40.22411403641183,12.097713941660672,83.20844549810136,71.45829948308662,87.20620255875731,82.60169049803002,0.27476794869929344,education,441.435748220012,0
58,self_employed,71428.73203688598,65.43814970705446,0.0,65.79882851347939,54.718184522140426,51.55541052078054,51.40498550695218,15.0,home,443.94084315641516,0
25,self_employed,25584.53318664339,38.3036761779753,62.15199630432183,44.59865909309535,51.029100490686766,70.72992581617879,70.2003068007358,0.8665529169644847,car,665.4050091027347,0
63,private_salaried,61384.28140076608,46.12879609558041,25.61420694480592,85.19676873426903,25.69281074623032,56.709901150673616,70.72677880555067,0.40667368328392156,education,542.1500690531708,0
64,private_salaried,30749.65443067204,10.730584129322782,18.340919638191654,89.03898343478892,44.23428495524664,79.84820277536927,77.11766717353515,0.31253890148276464,car,672.8226144286203,0
33,govt_salaried,12277.03298887711,14.515597905743611,28.73247477959253,53.882887193046145,34.20833509865783,92.81140315151555,90.57626648076132,11.210793229576765,personal,566.6398174687278,0
38,self_employed,42889.45317789236,44.278227373786336,40.978549660837906,96.9664615543681,74.23794949893532,40.738114728851784,66.22135492122067,4.020936088159421,home,818.725407675207,0
27,business,140912.04428450312,22.066377157903172,24.62328141068001,97.43935474855651,23.022490718474458,91.39384715851776,45.85089235630856,9.52362703927353,car,723.226827585324,0
60,govt_salaried,110124.49323721531,47.40376516990901,63.660306489510575,96.20777495519323,22.26262775912297,63.82874402805575,60.37581538331218,8.336011286985144,personal,727.1937045653906,0
47,self_employed,69312.62017769787,31.257485937134913,0.0,71.77146975285032,60.94087681768032,62.61519979352736,55.60025715362792,0.733138753554543,education,798.8398680378938,0
46,govt_salaried,139905.3116284877,36.566197980378504,15.752909022733487,52.789494238277825,72.9901417419734,64.03892190334713,90.04782732143272,0.9470059538589997,personal,440.2039178617898,0
23,private_salaried,71844.50819354109,44.345521309870904,6.461523929953636,100.0,36.12497832961181,69.78953082036499,75.03558043677674,7.850848543397554,personal,841.1517383356828,0
32,self_employed,83750.66418860947,0.22009105344528734,35.65159749587969,46.75273818970443,63.75443038284679,67.97500174368312,72.4886739209472,3.0370400029164912,education,745.1165897423275,0
31,self_employed,25156.126635803965,23.624720236072577,4.822182768667858,100.0,82.01120817072969,79.7895914947274,81.02283803705701,5.990285654924122,education,799.8010592979647,0
32,private_salaried,50892.566280024424,25.704338365479252,38.29974279548366,73.44967868117251,43.69009185636174,76.78303877614955,55.84575253583891,2.7621012403867877,personal,720.6173373815151,0
43,business,82563.60648559406,26.012763535960623,33.626108606266065,91.9197937471409,56.10085816826871,75.60415213742695,79.5113358745349,0.47526492634710005,home,611.6995739414232,0
32,private_salaried,59084.69204630099,27.149414501186495,38.35052305862234,89.53455430413723,72.41257492081343,87.02354888871265,58.99830647143498,4.885064603733161,home,686.7797167306147,0
52,private_salaried,37447.11918310328,35.17324716750072,38.213420936790186,65.79175994768099,33.51917707730361,62.60160894935581,59.830887532256426,2.5236898856529066,car,366.7265894751966,0
39,govt_salaried,46753.73577076619,48.692168001308794,80.85300982140433,77.98697231232232,46.43896625273383,79.30125671813533,50.22027208622573,1.1260091249758128,personal,444.72284541523146,0
26,self_employed,39419.988629791034,0.0,35.309478793391236,53.248611273989944,43.80571480503354,43.19848383011869,83.26999747987661,2.4500278810888716,education,648.5361398267175,0
27,govt_salaried,42205.92172316454,30.078641524884496,24.941123261192928,82.44881425621655,51.778887764553915,50.03203452106038,72.3811657731862,3.03562085380316,home,543.281328049401,0
43,self_employed,20686.678047397967,30.318468624187673,56.441981959554816,99.67103426337383,8.015382356713054,78.32158960986933,26.30403996344681,0.8120967179426408,car,705.1016665799103,0
22,self_employed,31096.706816921134,18.483838135656608,18.21232992161598,75.74164208621985,55.86039610656201,53.93419449439492,63.990391770849236,0.5741680451355098,car,603.5057475080102,0
54,private_salaried,18438.761644020975,46.258386780611325,23.801643117096802,72.61180842567346,45.66975918120109,60.11772449303545,95.26749631193437,1.8292414242655084,personal,487.82043056872624,0
56,self_employed,63302.06276820546,44.050832648972204,14.561130261609875,76.49150381876248,24.077156910154873,67.64287514382656,69.58245438156199,8.33857338283139,education,685.0633449567192,0
62,private_salaried,39267.18822789914,49.74091595805904,40.843038576823815,100.0,42.47691537054585,73.27456790474452,94.9762825786524,3.580650315924098,home,725.6413775267396,0
39,private_salaried,36436.32418717746,35.77502373650915,3.7780066750585988,55.14361407349547,64.68379713449886,39.6997340416701,69.09580405823318,2.292950010293628,car,677.2746376201886,0
26,self_employed,20315.877855157018,35.031348968927205,44.15835778072684,77.4186272250696,96.56887156914303,90.95339272946524,70.52406407173439,14.037686273137183,home,739.49357095667,0
47,private_salaried,110108.17163530871,40.85484714490063,22.060375842186456,69.03473866894875,69.44107018522465,68.97441976690229,55.13859352300552,1.487395933377154,home,684.9288692594903,0
38,private_salaried,100519.66455901007,37.83567606795513,39.05185807169739,70.58744683407731,44.35049713018601,100.0,81.26409221599897,3.5593053171246423,car,743.2597496577202,0
51,private_salaried,100817.97470455176,40.888337984386304,19.641736545566324,85.73695178390935,51.25167834633958,64.1604510769971,62.6308563745658,3.859818662700614,home,682.2606617587131,1
42,govt_salaried,76116.49327151348,47.38762458702416,65.00836916961725,88.71839651377957,58.59706832198166,87.65383388568713,72.51690658996792,1.5965626659654522,home,684.7782305931486,0
35,business,51942.86446836824,20.934370242119947,47.80475614545988,50.24205675491547,67.29722987953201,93.39725922686075,75.7639189750687,4.185012315415592,personal,759.3363030635072,0
30,private_salaried,60138.66693851083,36.40598869659619,0.0,70.40841638855565,100.0,69.93825543660195,82.08871999997575,1.6112166100079341,personal,572.7268198489829,0
29,govt_salaried,81751.1840336334,47.416226752976755,51.03619307772221,70.14647614665617,79.72635793247267,71.86479642221033,88.1407083509782,0.17812829694670262,personal,468.89136876304656,0
45,business,38868.1408119347,34.88421800802799,34.796441966401744,84.28149243075279,26.80741542574821,76.26057713729902,67.066215873094,4.848141879968487,car,422.99304846265534,0
59,business,42989.17204098943,28.581066612659928,52.41710351338559,66.45307628413343,53.91085462874629,100.0,99.74173944759877,6.528751910391225,personal,564.4646816202387,0
51,private_salaried,43755.97048130088,31.90699558855184,21.620274688090177,53.000209854823375,40.84704689493334,80.27418880251614,89.86047183167547,0.41815550988944045,education,900.0,0
51,business,36194.14130784828,5.242139526565484,52.04351420068957,56.73286874498902,38.0938629598914,77.92563713663239,71.65403156695155,0.5027088812588938,education,715.8214737260972,0
45,private_salaried,57945.03070769086,31.914163450779416,37.76523050234787,100.0,64.36960288643368,94.23130503362755,58.82727572507893,5.023606571818381,home,626.996581441211,0
64,self_employed,77904.54392969795,0.0,17.297451412008147,80.25038412689142,100.0,54.93048763247011,100.0,2.0363365362297174,education,540.0757322664358,0
58,private_salaried,108294.93183692626,40.023990067111434,40.12841819084196,81.59893364977322,63.08958764702185,56.13630262745718,51.28852049601192,2.1260475063066897,education,900.0,0
36,private_salaried,26831.183821056155,45.738686963754425,29.87642407602543,97.56487706766418,67.93411444601254,72.87525650065993,54.124809586426736,6.687867832766888,personal,649.6806088007172,0
52,self_employed,23148.08755276832,36.88772586208229,51.30566155286135,63.00858745399059,21.874217098766124,43.50528347895388,67.82227981604952,0.9064332889392572,home,761.6741773956279,0
23,self_employed,40305.79254452489,32.143511452083246,57.282895629730795,75.66814237510931,100.0,54.48161597088615,62.58119233745479,0.6084043377834691,education,712.1322713901078,0
48,private_salaried,46832.72576300546,20.971154523118763,37.9167162491185,89.90939984777766,67.80873917634925,43.30619270423138,85.15275779034997,0.43868238544032984,personal,642.7209101840972,0
39,business,35262.91008448619,52.83234971207345,4.302637822877557,46.97161760769974,48.99930383411735,94.35250039945564,100.0,1.8581948695751793,home,525.4158684492062,0
54,self_employed,50629.853939988476,4.872231143451199,51.21582566080809,68.22760263351925,24.865448017448443,71.65093619913624,62.60261513989007,2.357438688801386,home,801.3753236931468,0
62,self_employed,57223.99852565924,19.567456976773233,70.76918754267518,50.74905109183466,49.75470758866062,91.0931325481352,80.1353814500895,2.7468299765358015,home,678.1835369300918,0
61,private_salaried,72669.294146219,38.50677449380022,14.753164326677712,55.59042912938087,70.43852176766498,54.470088517895746,57.692745624678004,0.254669771135166,car,628.3267593158848,0
24,self_employed,31461.704533588065,27.417534526096844,51.02480072048632,83.79410268108808,13.15010031594872,70.89015325966615,16.644831314457953,0.1366795982729212,home,900.0,0
47,private_salaried,48760.62736361002,8.481618410576878,12.616764660529043,22.821737734955583,21.435918573892906,76.581266986371,58.85134122849707,8.113797167546998,personal,670.3934650071869,0
38,business,103271.3538148322,50.34698634669577,30.941787156579515,93.21336746119812,0.0,87.22851913688093,44.19843815780445,0.9575515734380735,car,555.3528264849494,0
57,self_employed,35314.73614633347,20.574684229613315,40.10789601718876,89.87216669775336,97.60811289401576,100.0,83.00361506375938,2.3993304613728608,car,693.8785024243242,0
58,private_salaried,81584.10306574573,25.050955201788923,47.33980283400726,53.46021811091667,37.41796994490652,60.464086656517196,39.80618099114974,0.2218971098034904,home,642.7158419023334,0
47,self_employed,60733.62013822363,29.158723928308962,58.47932943554851,83.17865237028721,79.6922782787023,85.91852204299371,60.45436250159061,1.8518834986838701,home,543.7377179305759,0
60,private_salaried,97354.76278355933,43.94784790270543,6.324932020708367,41.11242916995116,13.12954487572894,75.50613749226767,58.364129409283436,3.0130955833143065,personal,653.2593928566943,0
27,private_salaried,24498.934391620664,63.22262982720444,39.76797424435527,66.29390026769865,59.914124062111455,56.66327346668926,80.17235455934353,0.43723455331161004,personal,446.57032512639773,0
49,private_salaried,27665.80307813466,38.87244471719166,27.358273665952854,54.702223971856526,65.31760408992331,100.0,62.85160134384253,5.260743466279896,education,568.9377946181031,0
52,private_salaried,33474.92682666677,54.42629950315601,39.37336249135411,60.6459539144939,75.88915320959993,44.28656777010964,71.30383736350942,2.285381667639594,education,762.3719226798349,0
56,self_employed,50054.90310067884,48.94449985179506,24.943598357926838,88.33603343440392,22.552300431427255,66.80326203937226,81.01727623826018,4.0169413012932935,education,768.2387495220675,0
43,private_salaried,51043.93108338378,47.9490138218779,58.03351574328213,91.7521378521927,45.82001001657363,100.0,51.024109518397665,3.2841702845316627,education,530.5402493457135,0
30,self_employed,65436.26513152751,30.828196187258033,18.974403424020675,80.49413725466816,12.60844941701091,58.83330540945553,59.3856200078843,3.816668535504962,home,611.1438688950615,0
49,self_employed,35612.140944693056,45.08766993572168,0.4547050555152623,89.6479225111017,36.34582659973651,52.84443737352322,96.85951276154512,5.21644867422657,education,696.7445019383451,0
22,private_salaried,67231.15007344488,39.598895451613664,0.0,100.0,42.955699315665235,44.90145361864232,70.23208442801061,0.45366439210236487,car,716.7618763278822,0
46,business,49710.86652587457,19.312465966895974,27.362342662686984,76.02438969230178,89.54734687754406,56.399136130373144,91.25309290947571,2.5876781520016983,home,640.1794386483368,0
33,private_salaried,109124.07442227328,27.085636073081417,53.39267682826977,42.315817671916086,60.82955712792919,74.64752721177753,94.4591699359458,2.0954701491061654,home,766.4120881321464,0
53,private_salaried,65762.27519786339,57.39341440952591,38.71756938061364,58.46296869158317,76.84457454922702,43.57706470979409,96.03886543928016,1.4052749860946578,home,777.4064998016534,0
46,govt_salaried,30769.162305608745,42.0406393995688,0.7015833725074927,85.37252935445734,52.55180236956476,40.630631928982126,82.19807169795918,1.8271196499984599,personal,664.0771201905224,0
46,self_employed,74322.2613768719,41.97537638283126,30.576537255517373,60.160667493296785,100.0,68.45353710079686,73.0777546555185,2.0221144275781575,home,780.3636578984671,0
37,self_employed,62810.47378336655,48.483137246253364,12.784231242323926,100.0,74.53268369691453,57.430833739719866,91.5887469391477,4.530696706158313,car,509.48603106087,0
21,business,43891.00445644776,25.622306067885116,53.88817148977242,75.86760579722626,81.24876334203174,53.551768914287294,50.520040210295065,1.0418709764040108,education,782.1705488555367,0
58,self_employed,44718.433837139855,21.42420641909809,34.94000429217817,87.8295527521915,31.347993318573877,47.10426877355371,68.81089692729606,0.7035749178303781,car,885.2972830438231,0
50,private_salaried,190980.2843242082,28.049072250496074,58.59510059031797,54.53556765869335,58.084332760396784,86.84838792769276,67.3776105309289,6.346396994203344,education,506.5483178624231,0
42,self_employed,50371.28575912281,37.43509895511568,17.83533457844529,61.624116951567686,95.5070337155508,66.3262199933971,44.2006095366892,6.707980854179692,education,704.6433527684677,0
64,govt_salaried,78426.31436183323,34.29254248533373,61.663789709807354,98.6357704651094,50.89151186332071,40.90442834795901,96.99070482115738,0.3707399126684735,home,593.2241579564642,0
32,self_employed,96908.6942572965,11.044850385939057,44.01802045444832,100.0,83.14554955669806,65.73953385923164,73.02794545165743,1.185174503887279,education,667.9533211773676,0
42,business,74807.03638017422,21.860337265120496,20.908079853460297,66.0116607102995,34.38726575982709,86.38850316802396,60.67876154653041,1.6942113673323231,personal,715.7749821874585,0
23,private_salaried,32143.3091711302,33.29238026768348,40.939367917980974,86.54841787581401,49.34702290391156,74.9567395424488,87.90395792303285,2.68606114770882,car,481.1407793271187,0
55,private_salaried,29564.906273513094,24.362403091748803,40.83165054415829,65.50225983298742,51.74633293216412,64.14086890443788,100.0,1.3995529333681278,education,735.5174836709882,0
64,business,55282.98370897413,27.78223702038154,51.69394941207368,62.49073567524238,27.542130818467193,90.3624525536298,64.56743614379985,0.6834741800421347,car,510.75136765037263,0
21,self_employed,33277.69556486792,41.90142699742751,58.897935541868144,82.12969636927845,41.54493184513752,52.60947607196689,54.84773460847015,0.12278042063296285,personal,544.499777630213,0
63,self_employed,91876.0995654572,29.077274456487697,59.53570851117355,77.16240340856677,33.91436829979912,55.477413039931875,97.46507738567456,1.8611284088981837,home,651.8785607214936,0
58,business,43578.39642052924,41.6477156536291,41.8509654728074,36.079545932568806,63.81715430442607,63.273126362295585,94.63979300929091,2.1412938419850427,home,551.1859169630964,0
44,business,66048.72812176155,21.997267529958492,58.092267790609,92.18245003249913,55.27761314492166,64.68794582952134,47.57600619143034,1.098237429699208,car,899.8101934984007,0
57,private_salaried,33044.26530338273,53.620366175970865,37.59027040304912,45.412778321639074,28.0089632508704,78.26798076983926,55.307422696632855,3.4165165109386337,personal,438.1417368848963,1
41,self_employed,49843.47504803303,43.748393725815795,33.17782417683991,59.76036266676532,91.01616288078799,64.69736338985436,50.878866637177,1.7521195734879267,home,704.8389062914382,0
48,self_employed,79416.47054932907,28.98041477623159,17.12629112985133,69.80053897835714,72.05438898129623,80.92512889519337,57.81730912641893,1.3032320635192094,personal,819.3488458765737,0
61,private_salaried,41408.7856552209,32.896326435150925,42.51931098747729,81.5721718174933,64.11896821127549,61.6482422183046,33.94319484123416,1.5533273834196781,education,642.4598630310232,0
40,self_employed,43951.33500855264,45.40662619436013,39.07545002292808,57.451130274148355,68.75252734556608,58.97363619934726,86.84782501037488,7.439622565940941,education,603.9677219246344,0
43,business,35878.04000126872,43.18910658800964,70.5448616072721,100.0,15.088226309254772,38.05592728002155,79.62456999194112,2.7808291371680953,car,546.0077353304185,0
50,self_employed,46237.368835714886,33.04469548660739,47.12851610996401,61.623085247522084,19.2988945150897,14.514694759860504,96.50420225009752,0.1,home,750.1828573499673,0
61,govt_salaried,31320.594106320732,34.63422307715164,33.977020840387674,83.5042696052321,79.1466910890761,24.656455015090586,34.4019327131894,1.5686494288974127,personal,631.2049013323677,0
25,private_salaried,52330.34730849865,38.81915241538287,31.006653466272496,52.49670964563508,37.50834705833202,62.2603257438644,35.66486627559305,2.288119733786906,personal,547.6136829130107,0
26,private_salaried,38470.66719550514,12.552642250052376,65.81909573902686,70.13175913161193,43.04025969182679,69.48754570273516,58.424052095175924,2.038090610216271,education,666.1567886149704,0
41,private_salaried,32899.565391690274,17.910075737107324,26.080321099561626,24.287825699479654,37.648961213035065,73.37078701978558,77.3303574062159,2.2264198244142905,car,425.33293070007517,0
35,self_employed,61930.26896734026,24.36417990153854,51.753574794528035,97.71932421559006,79.34915896757484,43.90708265829346,79.870903743346,1.7351472575419915,education,489.50685616059087,0
27,private_salaried,25256.44418534729,30.416211894187946,24.650856098391813,90.38856209040543,0.0,63.35026777543381,97.41911868971758,11.348407770154207,car,689.2414829939239,0
30,private_salaried,47700.15138270686,47.18072669381784,18.835634162184707,100.0,73.04126494305524,100.0,48.932462675661476,1.0721504921025347,education,658.6962123861999,0
49,business,98088.37726221172,47.148290938238816,25.702521016524287,96.77304355511652,52.700653877075354,78.87118516260256,75.91313886947499,3.08115959207311,car,624.4249306014887,0
32,private_salaried,61120.5161406087,26.567391013689075,21.75501021264945,48.79664133513283,34.101664972406,65.02558360739019,98.27577041556856,0.8164735983602078,car,544.0798598510665,0
34,govt_salaried,90386.8386096104,33.70236638465045,6.082425080959773,50.33834343439899,59.707034716498605,84.90508789352113,100.0,0.32467122386872804,personal,508.1118998116717,0
49,private_salaried,42183.93914455623,72.182690854002,25.80648433428656,94.75556221718986,38.511808134130035,100.0,76.78129962837659,0.8148226606895376,personal,638.7600471506532,0
21,self_employed,54717.64040375336,34.67385913759287,14.80324262896034,83.22005061281527,38.250679741196805,71.35755711015379,53.30823018753183,4.141722046228166,education,739.3723447675118,0
38,business,28040.921281746396,58.05203857752042,42.666869568181774,28.77332759200658,39.78310020050658,62.02818544374733,96.15270949691067,0.3815458666175792,car,607.7837029358379,1
35,self_employed,28948.441947981584,14.094681910838194,39.64201507471178,77.77742872758745,25.2337781635502,44.88698196315694,56.85366271498361,1.1837211374939363,education,598.3553570835402,0
62,private_salaried,186027.17862787272,22.354932403212786,19.16527310324699,65.21741766969626,65.22395970009161,87.76898930954572,41.7286883152506,2.574162135637388,personal,584.8962516996363,0
61,private_salaried,41092.18614563804,10.392337056940178,11.23962333100966,84.164872433601,41.063945153827824,76.21699505568793,70.19402583263137,0.30584203360867324,education,626.2601730667427,0
46,private_salaried,24841.648654758574,29.64127054903935,28.66186006094891,47.962688778782606,73.14531472746316,56.42551837838834,22.404435566497312,0.6522226010025454,car,788.470119780373,0
27,private_salaried,64116.68956587053,41.53314954191362,52.078740375707945,84.11458507338986,6.286306397168815,88.0451435965081,60.385856752341596,1.7248344231616617,home,674.1671972979897,0
31,private_salaried,48710.17532434552,30.38090334353678,34.4159200301946,88.84956283296279,37.45139662424241,92.46511751273489,60.225357925502266,2.5404356589325667,home,663.6912942912558,0
26,business,38043.43527743206,58.85812471258447,0.0,100.0,100.0,47.18406723058688,56.870628128388,0.8183414831544207,personal,516.1381323362044,0
25,business,79500.04118773586,24.813272311925104,15.863942387924656,50.310491248630896,71.62930292049545,81.35917568154841,88.36184063028861,0.382964813733486,education,579.0826357989383,0
44,govt_salaried,29473.833171515736,24.547663472689656,11.961959752662715,75.325623787539,18.42315631689192,49.79262844336354,87.02246038588066,0.24935893856976776,education,775.8585462178548,0
25,private_salaried,32800.013723955104,36.13233968931502,74.03717104425228,70.25072949612066,75.03276083467766,98.87208293283352,72.60595399093283,0.12183759044414022,car,633.4889453645993,0
41,self_employed,20832.81776516809,28.112495782340673,6.572812718795383,90.64437424797865,15.946023743085092,72.84480899107666,92.75385002969118,4.653512745145122,personal,737.4756662745488,0
39,private_salaried,81993.79715669078,11.650288773924693,24.918696205293262,82.49477616325059,42.18360408857519,39.16399057172735,52.17346896868875,7.076768891891037,personal,733.0476816927423,0
39,govt_salaried,40019.75395357798,40.97573894666828,30.460648162185247,17.450182281423324,52.72956004613898,50.96163042525738,83.3718052753268,0.6447243532258631,education,669.3806381922248,0
28,govt_salaried,54354.4299818561,41.17716428955201,1.8885946592320337,100.0,43.71025291107961,87.98743158453242,100.0,0.9751876796692092,personal,697.8403702881094,0
39,private_salaried,33833.50155769595,43.36212949773471,32.807031845225445,75.72549762757643,70.94296889955353,2.503307008454101,69.33310647743708,2.657547427171338,education,758.2438488560178,0
25,private_salaried,48460.78438327611,37.55749370355489,9.90789517145808,80.85625263562761,56.17335209848843,87.6163766856306,68.56901729613287,1.8579818041998355,personal,688.4714649667939,0
35,private_salaried,115946.04759332589,18.335623099496107,0.8489472983026118,82.52373369870148,48.91125404222154,48.009313659064304,100.0,1.3859965619486974,home,900.0,0
54,self_employed,38440.38132032062,47.482826574364694,61.38045870686307,81.75673081858383,31.397611354687015,75.34569290237678,67.88180630882162,4.83174377854858,personal,721.3665201579282,0
29,govt_salaried,79252.99919094887,42.53726214272711,51.853087662829,56.325512458829415,81.3576636396702,71.98948006727174,89.04483302220984,4.787385246487091,car,555.8376866874532,0
62,private_salaried,27177.56817866374,37.532057148861156,6.89603927667077,100.0,48.80445475440163,38.78974870562611,59.75532983113331,6.1477737993995705,car,839.8304573074237,0
54,private_salaried,18269.963093214825,33.144520006110504,42.344685586442296,52.60833492354761,92.47613702604176,73.68953302368342,63.64719070307145,3.781942659050844,home,700.841300195357,0
31,govt_salaried,60112.761509030024,19.33204199235981,30.0341778899675,74.38694994688927,50.77605499863476,63.55890795854181,100.0,0.13397587275566053,education,467.6789511809172,0
32,self_employed,50092.27072871409,35.67469590992915,24.199638457350503,87.32157743838545,77.55208594001252,64.63664734182402,64.63020280623206,0.8235565237739741,car,647.3285372461825,0
45,private_salaried,90624.70692870663,26.424274320173716,53.11444143735859,46.235029749263816,72.397100552593,56.09167743260455,69.62449698650119,4.781012511247504,car,702.2711856765026,0
61,self_employed,56441.727562310094,28.714643314779213,21.175134138433748,66.53007605532946,71.51131576910517,56.353258681532274,95.90593276728274,2.1965056106598277,home,853.3364041331611,0
34,private_salaried,26588.53510254172,24.70753180513846,38.396459365427496,50.58220095879155,23.411323933117345,100.0,72.66209339712303,2.52123882048238,education,508.94492104845574,0
43,business,72047.84279097448,33.24853014814029,35.28599362503375,66.58156879349104,33.35914819958195,47.2587741489762,62.64092677473837,0.1,home,738.4368056320126,0
33,private_salaried,41419.449035366204,27.028206423520523,50.19956097611104,51.89282533121698,15.910876279846335,40.45788365554792,60.141877328986446,6.1824219256143484,home,630.8751045938075,0
27,business,37330.69731812842,45.06075812719443,55.552034247430214,100.0,55.99497108180371,91.39164077369628,72.94846863580476,1.9099295589857177,car,822.546816763645,0
37,govt_salaried,76412.86919255347,22.8389367295903,27.675517845114594,100.0,65.6193237136344,85.08586535417786,81.44114538220302,2.5527896083923025,car,641.9271670365315,0
29,self_employed,46814.20742737416,45.46950619484264,29.399403875308206,100.0,61.68016377977111,77.38884447161774,100.0,0.4241823143720413,education,484.34295754367264,0
54,self_employed,70231.8573736977,39.037996950565145,42.75183654612991,87.93271092591228,13.90183185376874,57.983895770870866,77.52467862417328,0.44489755475897175,home,726.2084477069839,0
37,private_salaried,52041.6152754191,33.46531932118428,11.693934862556358,81.18977368109967,40.8709776949118,56.04576294680062,55.30041161785287,2.859318674403883,education,704.6003101171492,0
50,private_salaried,47993.20583619119,48.07279756327219,25.623759087742737,61.2562489957341,78.94912959735069,60.483375913329795,56.72404751096041,3.5683902889226857,education,710.6096243664406,0
29,self_employed,42834.53019177514,56.324518367597875,35.84335643219779,67.64884136449236,38.14923020142558,20.984981151087226,100.0,0.5692085515985357,car,900.0,1
29,self_employed,48709.45864271634,22.136037495663192,73.39816650914413,80.61215234687002,64.94886975827055,63.41387648671792,70.1339844214964,0.6319917246275211,car,805.401194261047,0
35,private_salaried,54693.93304895691,28.942488624344733,28.85605524653714,97.43580981438737,89.22310034514652,40.292667674933924,65.79138788169624,1.140105063158385,home,598.015379564412,0
27,business,59395.70752315965,45.07260609586553,38.94616755373973,100.0,92.14718872080451,49.79074225669013,87.67290679575103,2.2641947594221827,personal,703.8004413931457,0
52,private_salaried,59443.52676487632,38.08315130808666,45.829021878163566,85.39507454898131,49.109031179389724,60.14921862603674,50.5840253505617,9.263529209260625,home,565.8614834858487,0
21,self_employed,56138.322899199506,31.51121884033896,17.29390887604457,100.0,42.438152795089415,88.10054904889273,99.05572267452118,4.7976891295946915,personal,336.0404809558701,0
21,private_salaried,39391.58989603244,32.78874914428538,71.48756780958199,54.162895700676394,60.11523059439976,79.226119283748,64.31248317315288,2.4253754070282083,home,699.9298845489894,0
61,private_salaried,79214.55141374789,44.60872783902978,22.060096600214294,41.35804116968995,56.03801034079535,70.02843571803194,68.54439836822394,1.6539344815451809,car,594.216562184733,0
61,self_employed,44876.10982147274,29.86672720890767,0.0,76.71541512443068,46.534430598025935,69.98499764086918,79.82578548040581,0.8540004199217064,home,798.9282046453569,0
53,private_salaried,52270.04171845446,32.80964930449268,59.36664215948866,100.0,75.29307726011271,73.71154347751424,78.84759146519497,0.19708013177280467,personal,550.6914770479559,0
37,private_salaried,44331.59794211514,10.881663135762011,73.05018178703102,63.6709043812987,54.29161986305138,88.85805794475557,100.0,3.391591843533796,personal,626.8885660565224,0
44,private_salaried,33278.23659075799,37.874389091320886,43.79932643652196,100.0,21.519117419446594,100.0,65.64679547940479,0.1,home,578.5203557992954,0
55,business,56844.080804067235,26.155841448609458,64.19466525344416,63.431915993766985,54.42688366745298,65.26960604179072,63.36698718312351,1.4232136714446884,personal,698.79101974892,0
61,private_salaried,31618.59413164932,59.26670945744509,27.034764649025192,68.99980957855398,72.32512237845576,63.71613278183935,76.21106586435667,1.3668960621019586,car,567.6286230770692,0
56,private_salaried,22664.083980308274,58.425207700713926,57.597115639766514,81.17559979484601,66.2839229938746,79.93840417456488,61.67081571720048,6.2982559545609265,car,605.3928227200902,0
45,self_employed,82069.77207735123,17.565008783507118,52.13836020985936,69.34686158584563,39.912745258851885,100.0,71.49169454209007,0.788833754614165,car,639.7329113582941,0
58,private_salaried,28059.701519879447,32.18700891085639,24.350945360459594,53.4568613597167,64.24150390788111,74.12993953545269,100.0,1.0422440174280094,personal,734.5573994757361,0
50,govt_salaried,48356.82206450794,49.04096587380451,36.9825006653858,67.83610000713972,86.41301088293032,75.5778419226601,67.73127006760184,1.1400397858640114,car,775.896744641196,0
62,govt_salaried,105839.93148484662,36.21818205988051,16.728901765684427,92.77493443091211,75.38101708267156,44.976577761567725,46.14126540625911,0.1,personal,699.2623669648484,0
47,self_employed,104399.35339578408,29.91303709777722,0.0,66.93864433210302,59.73209353938596,85.06011885525615,59.576786195282025,1.3023100292372,car,580.4161773968856,0
52,private_salaried,51131.86029392763,26.09562419435938,12.038216536401784,91.81475675055243,97.33762068395164,60.62374545148223,68.16906481964975,0.8665890306005692,home,900.0,0
38,private_salaried,28534.821615525085,54.30124985560131,44.14305866669642,78.8351197435975,65.4510831954008,99.49658245313289,55.31099601579532,0.17921088740866717,education,576.1539760395054,0
44,business,34068.58967335954,46.403401246842996,51.90884874957423,100.0,44.381036101272706,88.08512813838102,100.0,1.2695992026881378,car,490.8212970534349,0
54,self_employed,45417.37683518811,46.973180535504135,46.47120768486171,90.54550189170244,74.75100772683714,56.467371375518475,64.68350011299195,3.5861106191551735,home,395.696229649123,0
60,private_salaried,115988.30129208033,37.96008185196842,32.553200317428896,76.47111914177485,68.26716976734424,87.86719122401377,68.64264417931565,1.786649152396369,personal,629.974278749027,0
58,self_employed,48313.6569333185,53.84890479634362,26.438269797182837,73.76702177269681,58.04229972099076,55.37053016973309,85.57478666385055,3.525305752380055,car,635.6542747348041,0
55,govt_salaried,58675.88772469988,42.51999086621547,0.0,70.26160871647875,42.85309696535852,92.62076647404983,81.84489208160863,0.1,education,628.0306973115436,0
25,business,159919.5922973636,22.889318408573647,61.28463679672514,80.47161645355186,38.36422674548261,52.9121370750104,77.31812679280988,1.9948049572102886,personal,828.5718768667799,0
63,govt_salaried,33719.885311767444,32.05780353870897,34.1737787378432,71.80057948530239,52.14387597323792,100.0,86.98500173186342,2.126884835656249,personal,792.5860107857884,0
27,private_salaried,46434.612241035466,35.299099763672956,51.18758867563119,59.51466094923233,17.961345589296805,51.43045446811521,56.375057586799365,1.5891850857594991,car,591.659998421694,1
28,private_salaried,31413.083135875702,33.08991231270265,27.355895292338495,82.08427191475943,100.0,51.9604023670756,76.34771871980611,2.001234503631477,home,648.1608802896467,0
45,self_employed,59171.78376489483,36.82169513217646,43.916486411832835,58.03757155937929,94.94697215559486,96.22481778918669,100.0,3.56369367823705,education,488.2404108109853,0
63,govt_salaried,77925.5093626077,35.25778286701524,31.98352418343596,86.1785073327825,39.34151930638218,96.6065221400217,70.16821253562517,0.1,home,741.7707001307075,0
58,private_salaried,57396.20546448486,17.93793129989045,56.12630924869383,84.68980914351809,19.530738763773165,60.750144507755465,65.64951670936956,1.0258525969176049,personal,741.6254001928428,0
48,self_employed,147771.10584081835,1.5982351905400023,62.34738106644034,90.8977110325551,50.621798791528064,59.86730576361819,68.23465842689802,0.7815570098141023,education,679.7439315373716,0
43,self_employed,61893.881829723374,44.63929706048347,10.90685339451591,82.94481799188218,68.80913480894513,62.39259950985447,70.92283085432068,0.6839678037390563,car,443.8776959968517,0
41,private_salaried,72942.05419001056,31.985912443113687,55.11836862552214,88.02705305027953,51.46703420787973,60.68300704728944,63.29395478085137,2.4493911118199665,education,649.9995236614525,0
58,business,43031.39846650713,43.57950024399349,62.217437092679305,76.77335169739763,49.81074588350038,100.0,80.96093141103479,0.9327723600120781,home,758.3016662027223,0
41,private_salaried,43809.838946463926,13.677663632802382,57.64731771422839,64.08544756516696,63.58756115173051,41.83733747375848,79.77472062998274,3.1329381619511687,personal,346.5707395418994,0
41,business,68191.91041365545,30.08030562876749,45.49461788330536,100.0,20.159222735019277,36.11859650412219,75.32410624777847,2.768368786017022,personal,662.5497845781227,0
54,private_salaried,42485.506995749776,16.876823151510983,19.202920778160568,71.79096690211007,23.625738278215053,64.26292186498031,71.21509311429003,0.70039826679147,home,607.0635680154622,0
46,private_salaried,46030.16562179451,46.70362180879453,48.87974780291364,66.65954789138286,37.74074005193522,32.35040510664567,74.89578589532366,0.418033601239518,home,682.5817178629962,0
47,private_salaried,44044.505612981666,17.27494523649827,22.888072557587638,89.46572346397748,50.961305098659786,100.0,57.986627502811416,4.5650206592774065,education,639.6888491763847,0
60,private_salaried,77870.2318875858,31.04206218008604,83.65750567627896,69.27099947801631,61.21500877243547,65.83183628022302,65.77615808451979,0.7481760093475499,car,665.3159115779383,1
64,business,42180.137565299025,22.6253026251135,78.47426806130596,73.43015803798875,65.88817923509048,60.77323685725912,100.0,0.3287932497114475,personal,648.6547963838055,0
63,self_employed,41525.28807012609,28.370105084519356,24.45707332152663,69.32664656641302,71.76379271530061,24.033892196329973,69.03463189595767,13.781895399217811,personal,527.181928731515,0
45,business,75473.42782103486,40.81075374593643,38.59488668517589,63.82849852349002,31.828013865483154,76.98228632165767,64.88332974241969,0.9788782810619643,education,697.9059569069684,0
39,self_employed,84112.049167983,47.962974130040365,0.0,100.0,40.10021838924705,74.42387974145475,55.748441474299334,4.192357751944526,personal,718.1412104144076,0
32,business,61336.43935114639,25.62927734680757,48.3310179499949,77.23209002785792,65.75998605922905,72.27537339713089,92.59108207241061,1.080303773175011,home,710.5783573457502,0
33,business,82047.66712784431,15.126664001668125,15.152357198567415,96.87132199947831,100.0,31.914638390640498,75.16368680531507,8.033088856533455,education,762.3821779198437,0
54,business,50208.55428234653,50.17112012546022,44.92739512359149,91.58198674967082,0.0,64.85729128338987,51.876491075758736,2.064208438467236,personal,544.3307732023484,0
33,business,126929.76909833739,40.00150168709268,47.618880929458626,66.9385374663169,89.60352802481756,46.35900882714678,41.348496552932616,0.2123213646003154,personal,687.3035154713882,0
46,private_salaried,65300.0033084248,13.200309318684774,2.163086072708012,89.13583080787672,40.685698110967124,37.439771998767185,58.00001153518948,1.4752287713422954,education,717.4069010275681,0
53,private_salaried,76728.12366564081,19.391515025410527,14.83331980731296,60.59871011604597,77.65010386263856,29.909070393192593,78.66968559957942,0.5359383883825611,car,615.2527812683053,0
47,self_employed,32609.05003551453,49.85617510864177,44.93896168510585,65.13728682367571,77.72279310416651,56.08243569587772,69.98116269012009,0.494893753038489,personal,577.4619549746444,0
36,private_salaried,65415.18549218173,38.95567942493025,42.76975836482065,52.91678145816649,65.16078472061864,35.465532326179286,100.0,4.282800631063575,personal,582.6617102852158,0
55,self_employed,60352.751713367004,22.588901612150003,42.239379041085954,71.77015563399594,100.0,53.966515745344914,56.064633425888516,4.779654660492831,personal,680.6871189774046,0
63,private_salaried,34448.28183807807,25.00480096804356,32.24739480379719,75.20970232197905,99.50559352472634,54.53149869980012,65.04973684706209,1.982276282443439,education,791.9603587721523,0
51,private_salaried,116740.99932941781,39.53392439734632,42.41772402917777,100.0,42.795082377169145,37.303508057028864,48.238078227949686,0.7406428553663651,education,646.0610199352357,0
51,private_salaried,28468.873804370087,24.78308096415379,23.09823859871481,69.68281518133831,37.48366067416318,40.64651658406876,72.98264556829568,0.5592201187920882,personal,405.4001718157584,0
32,private_salaried,21312.418892632457,43.924414033932706,54.24741248991968,22.75711717270405,85.52590830271664,72.00864306348412,100.0,4.500996302984946,car,533.8360723905466,0
35,business,34902.42875219022,40.90914822618,62.25471923158599,74.2056850243893,62.872058246578774,72.0483583512409,77.58027593432581,5.965958049658411,home,664.3051868868829,1
51,business,38702.778809167736,49.52779709137435,35.2737809376405,62.40728155293776,33.46535656947695,63.922880237258475,56.7687142701016,2.594395765885757,car,758.1773911200665,0
30,private_salaried,25339.537853783022,51.36176573243475,39.95602578717624,100.0,75.10927996736288,49.03124999423159,34.45396148065512,0.1,education,599.6528978846385,0
51,self_employed,47886.82270659505,37.48937293079098,0.0,69.32075696539039,52.64865349435152,73.97711166836952,63.47912387516087,1.382681305097113,home,589.9002658268864,0
37,private_salaried,73007.81388014214,34.03294082507173,17.861849089397307,79.28064364121182,76.89371305924864,76.05273879349153,59.195729129241776,0.8931489422828797,education,769.0152065781031,0
22,private_salaried,91412.83933045408,31.54678115249008,34.291108461426745,100.0,40.17256420703205,22.1054983456726,97.64447614921153,0.1,education,597.5420885000195,0
21,private_salaried,25279.89130103975,55.565165879145994,59.31527734668555,86.06419072059315,68.02821571927134,31.010799633832377,92.62091830833467,0.13169743726492278,personal,695.191353140055,0
43,private_salaried,114543.11281069476,31.374783844391793,0.0,79.62722682402281,26.071720903823817,53.00943334521591,65.78102793703185,3.489477649386015,education,763.7069625900454,0
30,govt_salaried,79900.85492871173,51.67372570668492,51.582305150863746,42.661160646438404,40.56095792232366,84.4934384041489,79.67464965419875,2.1262253061960674,personal,579.4118556667906,0
21,private_salaried,21521.22719258964,42.91096006277095,6.067968438492592,75.01182820450191,52.12669569638766,87.28856082001423,100.0,0.14307742116979316,car,603.4885720595814,0
35,govt_salaried,42396.665001728,47.49563149151999,27.031561924782633,92.02465402104197,77.25259419096275,81.40318037643532,82.79200806299858,7.416849635766011,education,502.2277626282497,0
35,private_salaried,62894.087745544675,55.330826155437606,21.630088948928528,43.3774948848626,58.160052758423106,44.06306649217979,58.642454282682806,13.813976852048484,home,661.3393646323526,0
51,private_salaried,161818.3654188192,32.654694524186056,77.64134612184925,99.71063240011681,66.20589047511322,72.15554765104037,76.50199951530861,0.5671565138293675,home,578.0718888174002,0
62,private_salaried,58331.02472602189,36.431145270140775,39.20038894090547,100.0,49.81368247739274,43.697926661015316,58.78635293233908,2.1584817373002303,education,750.2422851740182,0
61,govt_salaried,80982.43029803317,14.397813653112973,58.957751619648576,62.76648989840182,64.01267740054838,62.99244019989249,38.23310296950987,0.48886173343886563,education,457.01987284870086,0
47,private_salaried,26083.816124579756,81.47847176491531,18.088468297690255,88.96228712365641,77.54456359505642,95.54864490858728,56.62941663398825,2.644540760361388,personal,560.2248218595644,0
57,self_employed,33937.38447329585,54.93917731341014,38.52416814802084,54.71540238359919,32.537960890548604,59.65049861383426,77.12658105567913,2.2149433015096602,car,636.0449940939988,0
33,private_salaried,48780.1559795687,44.21836115122153,83.94689148585775,87.35943437880891,57.155307599127326,85.0302476839087,38.331534377202445,2.3083965726875024,education,679.9604994318506,0
45,govt_salaried,95206.09412994939,49.74294997066113,41.946822070969205,84.81804260147325,73.44370205779464,58.354534442826,50.742296491257264,1.5041941200202427,home,734.7342822870675,0
42,private_salaried,37648.022117479086,35.050136793328576,55.17563200793597,89.3544413838044,45.80429572132343,72.20310609235528,53.12921521739659,4.084228477974552,personal,658.9214906779788,0
52,private_salaried,113148.69714404993,40.03048265759452,48.22376672867678,82.73532223219942,6.484255504689905,57.69902891587869,53.58270266196631,0.17597712816430075,home,577.3874091680697,0
21,private_salaried,59168.63230320835,36.85474119651892,42.12322516146345,88.233832539392,45.85652690487479,50.15108664145134,76.94977602306858,0.1,personal,580.5988261133297,0
30,self_employed,59443.8838570636,53.501263682459495,43.22464682919727,80.74139429706545,65.3908213758268,55.850890136504376,47.174523934107725,3.835921326087423,home,397.60393403088324,0
53,private_salaried,37503.69193242113,18.26794404282804,24.76325348230505,66.66609298955363,54.06602652088269,83.13277601328382,94.3936501099491,2.616271618859527,personal,670.9823022775911,0
50,govt_salaried,42181.26712484421,41.3282074260732,52.32348982420367,70.49595157943554,36.80448048736835,73.18501515981646,84.78925470713429,0.32528368247159445,personal,610.8001633611625,0
45,business,30125.710381531604,19.989968915920315,72.36811848178722,71.86668601375054,24.426573352810827,36.72550710869971,81.47808558791263,0.5077247492256651,home,690.2282720881863,0
37,private_salaried,60069.979845157344,19.312836775052276,31.70113028950864,57.29515087370754,96.20358207902882,83.44728990773785,100.0,2.960301285813693,car,656.4411186602213,0
57,private_salaried,36663.62497602686,34.99215279095693,2.422970942443463,64.62709224024623,45.96618343172149,83.49731124865833,72.66077233940302,4.1645504343173485,personal,484.393119906233,0
41,govt_salaried,33749.28112135999,35.881237955051574,32.83476645401996,48.762087650901464,14.663509024588038,69.8664377535603,70.7411816761681,0.47037568233320975,personal,591.9151402320495,0
42,private_salaried,28301.414997744043,39.13454310179624,7.206843827651074,66.95058841384993,47.2483490767375,51.40725697098907,69.20166742924077,5.169293583514671,home,900.0,0
61,private_salaried,36458.7450416683,34.36297623859781,47.0898579346957,92.22970114556342,63.7206917201305,86.2097340233107,56.95074277173965,3.887693163990342,education,828.1706333305663,0
34,govt_salaried,40499.55720009053,39.57670449721483,64.76999820580897,100.0,33.10234613266161,76.84490433286689,78.46411145543654,0.1,home,761.166505333364,0
60,private_salaried,61424.57517982173,74.9047296092499,41.13945473415741,57.04274083992182,78.5554140630748,46.882118873294814,100.0,4.9211621136346,home,645.0861053037117,0
47,private_salaried,47932.79386269463,12.138217242296054,15.321109557770885,59.648792658728965,37.87949526107571,68.74936643200903,21.363752346682567,1.901046508338193,education,673.3128745761187,0
61,private_salaried,37158.60546785288,4.303652482435247,10.075783287758462,100.0,90.69590832452161,40.11628618682451,63.22875743480556,2.1801682137817897,car,624.6450587963925,0
58,self_employed,21531.382962520354,34.32213526951229,28.128535505478194,64.82726103212926,58.164043771152166,60.742985109081296,92.42603978294727,3.596470049231135,education,540.4120686521973,0
29,govt_salaried,40805.75237171427,45.97845601266184,27.98891429975027,64.31920054369068,45.322923839464494,30.175514692768573,83.65887371232535,1.574466319294574,home,653.935655311697,0
45,self_employed,31917.171520349664,46.611041401736905,56.06552683053586,61.863031015510444,26.011432652121314,30.78564366043453,49.12715097364064,1.04218688473551,personal,599.816059514533,0
56,private_salaried,33117.68291599381,0.0,28.177029117189623,100.0,43.34602360773614,51.50400233056668,54.55686803245994,2.1005901097731887,personal,508.67005157988547,0
22,private_salaried,68564.66118775816,26.8636469026275,44.72654570817958,56.606693006047564,31.697153805298825,45.95141523456864,38.60443134374762,12.35943613618641,education,638.6337389726449,1
40,private_salaried,53403.2121137038,42.48626769637392,0.0,85.2233934841345,34.677230348194556,79.36291947210555,53.9050300452422,0.9391341720524676,car,627.5240448547546,0
26,business,75849.2092587978,48.95883479837041,35.717827800735876,40.26864531736142,30.519162383108508,80.61246827018132,38.94255818982724,0.55672118864125,car,561.1580146373049,1
24,self_employed,41358.58751590795,8.028623839285803,38.3460248263319,82.32068319531413,2.045880565040335,44.49509640782227,96.68028367079951,3.000905618641534,home,710.8827991620694,0
52,self_employed,29226.759836686997,35.08105560145486,33.88162111563784,96.65256854687357,39.260667756451085,54.9222755239533,80.27119052942108,3.16429051345154,home,744.6000940412994,0
27,business,64981.81000165794,36.479779580103184,20.081429320983673,91.88760884618495,65.7121636769205,57.01901792325114,73.10740678275491,1.0803131777524442,home,785.5904214513314,0
42,self_employed,58885.41878783337,43.89776298306287,43.045075500784506,57.61222286598916,40.01683817604482,79.06489701760897,67.90027602159485,4.1367105202089425,home,410.62247281609496,1
62,private_salaried,32992.342235966935,30.514650956143935,30.537418631920964,71.94809806626489,9.889782728940318,72.54567161783602,58.18293866713037,1.5698491021396137,car,620.3997720014501,0
29,private_salaried,53878.85195591569,3.3968316477630047,7.946780097975118,100.0,67.1147556921228,94.66941121432562,87.32635403015765,5.0189851828429735,car,697.2780371808956,0
48,self_employed,21119.18257103606,28.68293581336826,45.932992201735445,69.6086855898391,29.50882538277367,43.84350378905678,61.55389168596575,2.2833038719328744,education,853.0298469330928,0
36,govt_salaried,69837.16618021028,38.76075139862214,45.13519814827649,76.71610377233448,37.62760306170698,30.462833793548754,59.40903974502397,4.4255615715317695,education,635.4054134280958,0
32,business,31691.37633898294,43.20606115778227,75.44913610039964,69.3691129433306,30.893941257299012,71.43692491780752,47.014190324628345,3.0048666313655206,education,863.563992699865,0
55,self_employed,32717.855590122712,54.84538141060503,24.86155838228268,59.00154276684101,50.25151146569688,76.54076792996966,65.84998765471437,1.7082082720123082,home,628.6417181251136,0
21,business,30564.957431527182,66.04905296534815,20.553712872038545,65.2096374775489,38.23682520719778,51.030632276241974,80.73848285441993,0.35003718556539865,home,531.2822381687322,0
23,business,55469.5448895565,21.92031853088219,15.147745990385854,100.0,60.51798582777995,91.10479357867803,71.39013622483789,2.184562042036976,car,651.9052614022279,0
47,business,17144.497464301014,48.07129480429725,33.514740724726614,63.89860755059588,100.0,59.00782603245221,54.192738011884586,2.7358531748207455,home,488.0590954005264,1
21,private_salaried,44278.17772002577,43.96373172408613,39.6998031735149,81.3415682069728,71.53853777520332,59.10343834053414,51.10978494255426,0.11763751039242501,personal,706.9274726536526,0
38,govt_salaried,98120.4465102462,17.273491713104313,30.546107831762566,79.425808937017,54.48889753280656,57.756883342917945,84.51683340267134,2.2504738425758393,education,900.0,0
54,private_salaried,28112.91042764054,42.98178918904555,22.133804001177396,63.3753946434091,24.0192539011818,55.465350586993424,73.87855511748569,5.702929243101971,education,696.3002857265503,1
43,private_salaried,26009.442865395064,40.055701619550476,16.31283629931025,53.93368947832086,64.55726101512204,53.802349627946185,66.1900130938021,3.14460435389642,personal,587.0671795735366,0
50,govt_salaried,30719.177077271765,48.04908424934505,65.73033728563402,58.09809369613214,54.220822400840916,83.3492202266222,70.48422016656602,0.3267255769837704,car,717.3806344856512,0
43,private_salaried,43649.045771363904,8.427442114678595,42.580948992804124,62.03984029633643,33.10922097185569,91.68837217143458,64.89990044621241,4.415099299401625,personal,641.6044341242565,0
28,self_employed,60234.15747393456,31.751368592878013,13.495753624356361,98.88127631465528,77.90854058172178,74.00232509834771,76.67257778896683,2.2631927931162803,home,686.0710896638368,0
55,self_employed,185831.74209213277,57.444051512941755,34.573538504240844,83.75513740853856,91.80506654822901,52.164479345496815,46.38251692345547,0.44800970506837406,personal,597.0462161851145,0
37,self_employed,39221.02089451506,33.9171550932249,71.92499936512013,83.37767416233811,28.651775990682882,66.57840841981258,58.75810335108453,6.360363887668155,education,766.4939254035095,0
60,self_employed,35196.96533322283,41.04940226265579,54.1309105614315,69.28362247226926,50.960396973477785,68.41216775882518,56.75037462494792,7.661559481271488,home,528.4371007902159,0
31,private_salaried,97708.95896038807,46.834404257164486,13.846593889842612,92.30131946405771,100.0,61.401143477752896,69.9878327296581,0.8935052400134014,car,742.5266322915265,0
63,business,51417.87493003751,37.269574061203336,53.101792187415015,63.875044977695936,84.9180128942545,30.18474829980797,100.0,1.0276081994694843,car,469.6231140816193,0
24,private_salaried,35154.50486168378,22.24846220420735,23.63727884403786,76.4707237710598,52.68974899863356,87.73168291272856,29.06413218466807,0.5956512109548455,car,629.0921236554225,0
45,self_employed,36299.33288235307,58.43531630625393,28.70528653379256,66.21961656287337,18.478814379013485,42.59814109806361,53.76797240455625,0.9437611852783333,car,659.1708795807267,0
24,business,108540.86488907269,23.196611251998025,19.917016808736612,100.0,49.06752739886725,48.838739815632664,70.42605631536722,1.044063133029256,education,672.8698178135942,0
33,private_salaried,14575.112215843761,35.18143327868091,47.0844391888577,59.52238358235373,100.0,82.94499856077752,74.60175066253396,1.0378591131095565,car,492.3141764633982,0
24,private_salaried,73438.40262229923,34.9976583839171,41.466349277382804,71.40514897582136,82.40327729669934,50.3964727347798,63.716730066822564,6.789284757346621,personal,672.9414079635176,0
37,private_salaried,42137.80642228854,36.69015286838997,49.94722693967231,68.22854660320351,64.96559051955994,36.70842300139636,48.41057267031081,1.0285125149844416,car,581.7927746705134,0
29,self_employed,15770.854322073554,61.35025484520743,37.29023296816629,100.0,63.81124267021483,52.00406614046349,77.09261234474063,2.1798789745537186,car,688.0915638776152,0
37,private_salaried,26791.795144799926,51.141810831262255,26.54348535360962,70.14259995936317,56.715546555062836,52.48109955159902,61.052953748390735,0.1,home,802.1751144370788,0
33,self_employed,41195.04785241297,0.0,20.092501680363185,85.38173055457074,37.70174754293709,55.473991692508086,63.91795453612715,1.678478715439624,personal,674.3066772227304,0
30,private_salaried,34035.04679068147,66.6828277519812,37.232509032695795,80.34035587733865,74.28004248423116,62.97826338775784,99.54700465104779,2.2263865408919776,education,517.9637726697648,0
43,private_salaried,109915.01581341328,34.866886352832836,0.0,98.68171876637527,85.87084917534935,89.58467911365672,61.549373810320006,4.063708747055726,education,617.7427265908914,0
57,private_salaried,19461.66529521515,43.44239295755642,56.511133664007744,45.818443074308504,20.48927460001496,59.75908917566376,93.9216640608638,4.865798416953514,car,674.481122164508,0
60,private_salaried,27565.139403260077,22.952977258064244,27.32528101459439,52.237262730225375,85.44271298599517,69.03747752277256,76.28477153343705,2.1464323896321984,car,684.004984453765,0
24,govt_salaried,70208.58832209487,30.53202198161673,52.70299975888946,100.0,54.85130718227981,83.92764104522709,63.47574745013706,0.9704061759613413,car,772.7027378719289,0
36,govt_salaried,86786.59396032315,44.76483329811984,56.17523909517466,57.97971262115972,53.28795006539206,33.45945572598524,46.12782874820368,3.010668254880333,personal,824.6132484641784,1
63,private_salaried,62707.13182298756,33.21821156504912,35.83834678348509,81.23559029509791,21.415480586377697,66.95744780183121,69.00482064537432,4.535689594315198,personal,737.2990744072368,0
49,private_salaried,24890.766346907407,64.92416399629093,65.82008118195458,68.33308956831891,57.68616388255877,21.482199689116044,83.41294809490117,2.0070230768199515,home,561.9425904160421,0
24,private_salaried,68688.56149068373,39.189192561680336,60.16334823476716,68.21054664609684,69.81515635287366,69.86250861578499,79.11631623834342,1.3390503355832128,personal,585.2196402876341,0
32,govt_salaried,19294.88330352985,34.79419138061048,42.494676762554796,76.00187622354387,61.5967523696351,66.97035709265916,63.55668954825629,5.5023482769444065,home,671.1542593063655,0
36,private_salaried,31752.37424287295,41.614735650626734,59.568023085886246,78.8636910489651,80.27884794418536,20.58562199825174,48.842646747405794,2.307893653042765,car,874.6097431087856,0
41,self_employed,56434.693445849276,67.8265958769211,18.949533297415723,56.84358482468876,0.0,57.65928013024077,88.52177894340018,1.7530427537622464,car,587.9130331069156,0
41,business,63481.838000612675,39.676210982615814,23.27759347746986,62.00214653131677,63.59801851402784,43.954365019761376,32.14681520247642,4.058920354662071,education,643.3713326578802,0
22,govt_salaried,72028.13912734842,13.140246398024413,42.81928206074725,76.69148444518909,16.225685864569343,35.12107796536408,52.926170540404755,1.6276391586364671,car,608.7269627005677,0
37,self_employed,34766.64979745318,51.097509367288964,34.85880574258705,60.88949448906561,67.47136399235882,51.2885636292636,100.0,2.264611689867906,personal,616.5978514782053,0
34,govt_salaried,80163.4126628889,30.33169432090984,49.86953189822886,54.03395090199585,96.76083718833469,61.74101885226511,60.06576160766366,0.6944101127156539,home,573.4629687333977,0
48,self_employed,30933.227960189994,36.98070174293761,46.07766030800349,88.24433717483419,42.0822487153134,40.305475702715185,60.861264197835084,2.3159668925030528,home,373.9784386469103,0
61,govt_salaried,80896.92794159758,14.554666079203596,45.84943456468535,72.21894232184822,76.32688115194473,72.883034572346,67.45059852284216,0.105804244078292,education,530.7302071471522,0
57,private_salaried,25661.542506788126,57.135020355996325,2.3850751757535136,90.73448648457497,87.46233149959139,61.70877083618851,46.93875792738936,0.82945649710276,personal,649.4910609231785,0
50,private_salaried,55163.71111605281,34.372037440676245,41.8125029115926,62.963364090778924,41.90952876215618,33.682632070206495,84.06372184311238,0.1,home,634.0292808648738,0
29,private_salaried,75963.79840513685,59.752701571107636,29.8004824828323,83.427611707298,42.188185547495756,42.031784169930674,70.81032165092964,2.7850207153753526,car,367.6849315934837,0
52,self_employed,50980.438709581256,50.024979738989884,63.733004005641874,73.6520324984968,44.66588252606026,46.62041032415798,69.98499049220129,4.58827724121791,car,791.1560210832046,0
33,business,57568.98044340362,32.409819379778085,60.483207827070615,82.43956724708613,95.76462233542313,66.20481638591397,93.50216089976362,11.056136691553247,car,504.855112676045,0
24,private_salaried,39036.382492543744,33.00387604433994,46.74881768070313,73.1209833427381,7.913429308362495,58.70406501621061,70.1669786581625,0.8460439692206766,personal,728.6223866168971,1
53,private_salaried,29119.063223135025,42.260087938806905,87.4890648895918,92.37505172751527,79.37501899431368,74.24044125093091,43.05293735472317,5.640789327415931,car,475.34354586893824,0
37,self_employed,25896.278085861795,27.76652132318245,8.814618557735777,65.05615885220836,100.0,97.45411715211746,73.24849109096003,1.0583582969073189,home,837.5920190097954,0
54,private_salaried,47519.12156655916,30.676505626945293,27.162461053816454,72.73978357762812,28.99337658326712,39.12280183820126,42.877870906926844,0.42658024279214357,car,708.9081570940488,0
51,self_employed,28365.96683479181,60.9784162461859,20.974564164199187,100.0,21.532757553694793,44.7221218896875,34.09864661025651,0.7962541257189355,personal,659.9723250025052,0
45,govt_salaried,104570.37696401402,23.45778883332011,98.21404226872413,99.56354076739638,29.07933059175481,91.55894561321298,100.0,1.0246548279942236,home,723.5436455876649,0
37,private_salaried,32960.38128479794,26.174704861790467,51.80769240431073,46.59561315938562,23.496448989492652,66.1897579660183,69.92461870087729,3.9463656027724623,education,758.2776012521292,0
50,business,45171.40058869035,26.916728940971225,68.73724493631411,84.34740530822873,47.792993621435954,45.595464210101184,96.04666595384683,0.6592706996003622,education,654.3530451391343,0
49,self_employed,46672.533500385485,24.41825998027563,44.76206494738584,72.98473359809583,24.213138112813954,62.49755442113381,74.6613621950907,0.3996486581065061,car,600.4747986589763,0
44,private_salaried,118634.91283213679,29.30747865505964,33.084664976811126,71.0300681132421,80.07522547054653,69.66357894551581,72.89561668956392,2.6445863426639877,personal,834.4503783721292,0
35,govt_salaried,48546.12605833749,57.833152068763376,35.949948746722136,74.24878431249823,59.74597819433737,87.79759409971138,55.64463709964802,4.458128489393529,car,453.03924751148384,0
35,govt_salaried,45592.51084555141,47.69357794605915,0.0,64.9587037717497,67.43405699431906,73.40417970807265,92.0965978730553,2.1090434063845165,home,781.5696456395841,0
30,private_salaried,24107.430370381393,46.38369980018012,37.47822880312882,100.0,71.36175781828705,71.51610359128381,100.0,5.432216343636148,education,563.472918109137,0
28,private_salaried,31228.228230427645,9.277342138448706,32.20444427272493,52.72641245214132,100.0,100.0,77.0601430060048,1.9953260892849147,education,834.4172770809774,0
50,self_employed,40838.94550188294,28.423213946718544,26.655864327298445,43.32073737568263,64.55964500953093,66.62713918324191,63.469545885285825,0.5863583792837874,personal,682.9428109087323,0
56,business,74147.73652992524,48.43692416267159,55.63748431475723,57.04215430292635,26.974166384645187,84.02624174773571,100.0,2.605226957902334,car,641.5978672596426,1
38,private_salaried,74344.22656900354,32.00150795908284,74.6766117854428,100.0,19.175477565323916,40.449690165221725,65.87640791462859,0.5325323029912808,home,803.0944776824787,0
50,private_salaried,35777.26595241178,34.87651642853063,16.046040489430617,71.96526410340998,65.53770060193325,67.5953351886605,59.254859004979934,2.5177939211150906,education,556.4011162291566,0
46,self_employed,33491.25064985508,35.03237352895042,13.532906379883482,55.125786333127714,76.88595123483518,85.1116411539182,93.06711350662874,1.7840613740462186,personal,641.4132953426536,0
34,self_employed,80394.26988739702,17.064129262908413,16.16131457139133,31.42831609275622,45.736917308928,79.73511915234461,99.82553727212974,4.10362714752043,education,357.1453114437623,0
50,govt_salaried,36111.06336256719,0.0,59.46378974439192,73.93550049916801,89.70741312001289,46.0073376228865,100.0,1.1558698866051063,home,620.1455294400464,0
54,self_employed,36021.78292030398,23.205057329261997,44.50639647685461,100.0,85.66274361822778,49.0935060991977,76.91876737460953,2.280223355852063,personal,558.8934599321905,0
32,business,80515.68032792618,24.223718333913215,61.74860791974709,67.5895465191811,26.582557981150945,85.0809210859995,79.16159250077031,1.074541604622417,education,766.5309503718245,0
49,self_employed,64744.92896887378,23.408712033425754,46.46216278870753,58.54949610295148,33.35560465469926,62.30114371429399,82.76548875720569,1.890597971722906,education,807.6476480676453,0
41,self_employed,91449.0600803861,50.20515057793009,73.28203615027465,79.14844726083258,73.79239582447376,48.86809122287836,74.65936318115398,0.749045616969848,education,682.7144003426417,0
25,business,49778.55617959181,50.92718047177459,30.75529390272035,84.38814148673697,40.03596426980218,85.81379279656531,67.88446092812855,4.2783935000881455,education,788.7605803149733,1
41,private_salaried,31074.18976640373,12.667055765230256,16.34283308782089,58.02602749462679,23.454110002001034,34.65612130697153,43.92715614684043,3.881895755104523,education,643.8779547540486,0
52,private_salaried,37830.20927668719,24.033608269283775,14.252175562437198,81.27386870985224,100.0,80.71339226316155,78.25390899623606,0.5425135457176337,car,519.911808743736,0
45,self_employed,35679.85788587928,9.269067075843992,31.029604607814427,57.02497923106914,41.79070159929181,39.32491123853446,86.12908637360661,0.1,personal,576.7590922917454,0
43,business,18547.92907794976,26.273454498680714,31.296559101436497,100.0,29.27026531114694,48.198448931533505,27.999471128702794,4.364633419805279,home,900.0,0
26,private_salaried,41183.231799138215,38.54499514719062,15.676592244206773,68.85760843649406,55.41695108663169,34.20759747575325,48.974053096534725,1.2501139325315227,education,570.7994556776699,0
56,private_salaried,49301.51369842848,45.05453532010517,8.48907485129915,93.14022026289335,66.69742990137443,63.49196305866813,88.80051790786347,10.124715882660574,home,612.7359346111277,0
38,self_employed,37416.70420349449,35.24919389454738,61.87045622670986,39.1692715496055,100.0,64.99405627135867,93.55996893625009,2.8761328957530985,car,648.0743902458636,0
28,private_salaried,72435.05721380103,53.23481407818318,38.35747098818194,100.0,28.157120943052167,63.2763536386441,77.12363542445574,1.72480054941105,personal,736.6924191670873,0
50,private_salaried,51945.80900647726,0.0,21.4120850918316,76.58472963836171,0.0,46.56550072806881,63.59725900892342,1.4950307130610876,education,611.6068164647447,0
60,self_employed,52547.57879020106,27.683963897136064,54.875890014227615,33.054139025726684,69.04488380680813,69.07060923247039,75.87698501499548,4.466089907662618,personal,746.4301766305764,0
39,private_salaried,37603.814845322995,12.910856847018447,71.60363327348713,91.5860012052685,100.0,64.60691144294341,89.78282799359596,0.7228360429006414,car,798.8989774087593,0
56,govt_salaried,66798.6238488523,44.81594454619551,40.23677934529462,100.0,87.25635958117158,53.3216015526426,70.98291622846952,2.858853424438965,education,717.2395630701019,0
27,private_salaried,32169.984581982873,28.35271122082032,30.8611971067322,100.0,90.6196787262731,100.0,100.0,2.4814517121224116,car,725.5484524300937,0
62,private_salaried,32654.670599668465,27.485825747545487,14.338349572428978,100.0,69.1075839207598,32.21555276563761,76.71115937706836,6.253162731627615,car,562.7458867484138,0
51,business,58953.71269296687,23.036909585509193,60.164191333247715,86.8324200370389,15.538457347321916,45.148931690173356,60.17645160605254,5.540292282845702,education,861.9207971424817,0
33,private_salaried,128407.60629682569,17.19648951572867,29.04630700569035,64.65298256789963,33.994546446301904,91.06637260666267,67.45144447769408,1.4802339131752311,car,389.1120332368314,0
54,self_employed,48279.58011391812,26.450857675739535,8.112143173521844,67.83162782271307,10.545713224683489,92.11829039209239,80.04168562978568,2.7021432967032015,personal,594.2755446410854,0
64,self_employed,56613.40349018225,23.399324957619978,39.20105832267366,100.0,42.00502598701031,85.70030607917518,69.71688488637304,4.509700505033144,car,701.448931406898,0
59,private_salaried,90788.67792401525,36.78819976635353,8.779236989146142,100.0,50.0919611891033,69.95161952936446,88.23867538222915,0.8621111068608417,education,414.4525752152082,0
47,private_salaried,50519.22361592148,53.887598199545,0.0,34.46532178374212,76.0011245034373,97.47233668405738,98.66407120262913,1.8711097831872538,car,485.46399071765245,0
39,private_salaried,60995.9698755733,56.077510334600596,22.480802499335095,65.25058784751207,75.15925513064221,49.15193361875498,86.39560657855517,1.9731350757610966,education,516.0487020721923,0
26,govt_salaried,50660.98364547463,36.841563843313544,32.32521291778729,54.97574679515884,57.620278211768714,35.391331969225156,100.0,2.3380390653621173,education,683.3224576524843,0
54,private_salaried,92994.79274046065,14.082466697565188,38.191246549512336,49.47851438771863,42.35090600776394,42.9665459580729,72.21702372102686,1.739377484377904,home,715.9296491344232,0
49,self_employed,40995.473560181024,46.83614878067276,62.985171506444715,68.51211240816238,69.98882809123961,15.331894359818044,93.02451223292786,3.044577842229346,home,645.4589494799199,0
44,private_salaried,54179.66755834154,70.39224073901883,35.289722184180114,68.52938812726114,72.27293355767895,89.67519921865691,88.64683887911107,6.077863831532838,personal,718.7090184710459,0
36,self_employed,33673.27036193025,46.518351005567794,5.389090986965968,63.87484434551551,56.20811948971934,64.4007876648804,92.34565429513205,1.633550019538387,personal,689.8862513657712,0
40,govt_salaried,52741.04316375014,32.050076345560456,7.966340066607639,69.66189978251549,83.17403334424951,32.14257882167132,55.725042588621676,0.23977264921589836,home,512.4064196415422,0
59,private_salaried,29631.857430106153,35.28734247248535,3.6555743462252437,100.0,40.828732582593894,57.49625246468977,63.142558873290184,0.4221200227719317,education,673.2490280801727,0
49,business,55754.152521982964,0.0,10.239602995415527,62.10238330510152,70.84911565897096,88.81768167726412,67.27187876279963,0.1897344055636295,personal,840.7322395255959,0
21,govt_salaried,20670.67345826435,38.20626656195294,20.232485718463526,90.64578428269314,24.097111918213084,35.40138799113683,68.88248921593839,0.18045552549733967,car,717.5991943190394,0
35,private_salaried,60860.63320544179,29.814236912972902,64.12104208835889,94.32106326660801,36.65872104600841,48.01014609287038,68.94448555267931,2.017707927592344,car,757.8742950673607,0
38,self_employed,53859.74134374852,46.294610121081156,36.59527430359362,72.50983409034677,80.4151683245752,13.688321290689736,87.21248702748215,3.368328624496668,personal,805.3484279347822,0
44,private_salaried,39163.21650021795,30.437757779084684,41.8510810675755,47.30909566313043,73.6250185066153,40.37665315896014,87.62548520886139,2.0438189571433467,home,617.7947722924441,0
47,govt_salaried,41667.85300834629,50.14360984953139,50.201428434889266,36.26425047408941,33.22821284513506,46.39404632587967,54.444788180160046,6.074870008385256,education,718.3208980348088,0
50,govt_salaried,91166.05555998794,19.155168741931483,24.925624093313868,69.79278321168744,38.31539133613559,42.54820833874188,77.80320856101099,0.7390175871268039,car,565.6150549458011,1
32,private_salaried,66561.54148629017,38.226923487457306,39.87752365868029,73.37504081052089,53.40567857526006,59.59687167509251,75.9802607571644,5.1219841777562465,education,533.7700571613088,0
39,govt_salaried,42749.23173705165,44.46798687971663,44.69785411588193,68.58686281784804,22.047316460224067,100.0,73.67035692872105,3.5159132127914456,car,748.4039266383322,0
34,private_salaried,43688.25617857035,54.53992352274687,16.12775531742861,84.65751203225936,97.15477042838822,98.29403036166698,51.547897621542944,2.906641721838061,personal,571.5563093350875,0
49,private_salaried,49175.47094450964,53.136379246537444,93.19821145252291,62.88436386324387,59.55247078885549,44.20752981571786,100.0,2.513851486614787,personal,688.5835910772004,0
62,private_salaried,44578.72070914624,50.425967562325326,60.632321027695326,96.18611328856737,31.178654028549968,61.09059940801922,78.64351531092676,9.790407549326535,car,608.4590528661786,0
25,private_salaried,42599.09157608073,37.29480287784657,100.0,100.0,37.10360374196755,50.40300420529917,48.62632194316619,1.0397895404130593,home,740.5736079983209,0
35,business,55845.71563811051,35.41248130599252,0.0,61.86831833275724,39.66493184822517,62.82392543718017,51.39322330713786,0.7991862050354128,personal,607.3595551900178,0
47,private_salaried,38249.39397476197,52.67956919062391,28.45830744145981,68.96688408784125,36.45508429598883,59.80413051836148,74.32897018986881,0.47036679248865904,home,624.180695216597,0
62,private_salaried,87787.65599304666,33.72102139051111,24.232996370999032,85.42051915082702,57.57349518459832,87.60621620673976,55.19917434550053,0.3559253168092473,car,645.9214223516185,0
28,business,52975.8998350307,46.82201965541247,39.49604978591249,49.464449272321694,41.103180611492625,63.39636857139512,63.438010599847495,8.08359600494682,car,625.2850352774159,0
62,private_salaried,32108.4302827917,46.190069783493016,92.03923759116805,100.0,43.99524540219507,100.0,70.54992733191078,0.510256011496911,home,693.9124997429975,0
38,business,44621.43625509386,39.10006466207704,26.708435313981777,80.27653554405995,85.07651273613956,73.09626707390034,66.93005726310489,0.20118835551404574,personal,635.1805875340792,0
30,business,24627.98629256406,26.76197373138046,43.649933033487805,90.7815861395361,67.96724856450813,62.24952572249322,47.06450872215051,4.962659740103349,personal,753.4265210889467,0
35,private_salaried,15988.817387712155,26.14767396722008,11.122546355679678,66.95300751987442,92.58582726173614,78.11438576180834,73.47396796501039,1.1623878315795482,home,883.9755779055329,0
32,govt_salaried,53513.95316815321,31.809856336706062,43.7490883209085,82.92616567521115,27.04509766574966,38.38812911197404,92.0557648952543,4.47809147431507,home,655.2887508997969,0
60,private_salaried,40736.63961745299,19.218735991478987,58.20735643434281,43.505452832547924,94.85927970411134,90.7530575479839,51.62942218729948,5.43064523032487,personal,600.0218883632168,0
57,self_employed,42827.727552399236,28.50604289876763,60.09614135488922,98.43644068922542,50.27915228115267,64.81083044154165,100.0,15.0,education,636.6305567008995,0
35,private_salaried,132443.37250467675,25.82909104226208,30.96282957626745,54.62858758905823,63.568749360279185,82.78517207648144,51.02245430730859,0.1,car,786.0554624266005,0
37,self_employed,69218.26608489781,23.86205742095684,24.466550270980328,75.09671498630514,55.148157367462126,25.55657203731652,61.520333382205386,2.193948741709034,personal,476.7878886671972,0
38,self_employed,62823.862527191115,56.43848295100234,63.08783270903936,38.91742047568926,80.36952448533822,81.2978155102324,89.21554601517698,0.8561641377140434,car,385.2238225339553,0
40,self_employed,65224.4889998099,41.0366308530584,24.755797564470747,63.92351038356972,65.50932727863633,62.72999796203058,81.48221491904172,9.769698982872889,personal,668.9390944105121,1
50,self_employed,71835.70135018018,38.850784831487644,20.534833208154318,100.0,62.61278025290928,72.05056457013048,85.80188461304373,0.8532634966582944,car,718.2433146502351,0
55,private_salaried,68638.08426761162,38.687421838988,20.085470082475442,56.95809833263837,31.852068690864346,55.35335000984726,71.18576564649155,2.388519155833645,education,493.9040884166361,0
64,self_employed,33308.68070180713,54.44771684052287,21.872400746592746,76.01558390469368,77.73345168352722,88.62022734583329,75.11507158995312,2.8432309608367987,personal,442.63544224211375,0
47,private_salaried,83874.97028542402,13.728111041272637,24.437409631757472,82.56899300817284,91.29580229107859,62.9216939414196,69.48509327320399,0.9858349939690292,education,900.0,0
49,self_employed,60025.37534036447,32.206304007346795,35.84033206670572,65.72829052737472,55.790951939479314,67.79652322275015,100.0,0.8537701049561047,home,717.8739253254439,0
63,business,41771.39556332876,48.660435376143724,25.120657983387122,62.649281065707804,40.18718509924735,50.416418956466835,92.54370150687038,0.16746749566404856,home,540.7348737040232,0
27,private_salaried,42225.69883559732,45.10831676613145,25.35450404485544,98.99539555406965,36.32791236171926,79.11601322744072,56.67172578677163,1.6873721490059594,home,715.8145394269848,0
24,business,49570.838804494524,47.17381614141156,30.926975787021973,100.0,0.0,90.86168821728417,42.42639702762772,3.3592398362601834,car,507.38746604471595,0
23,private_salaried,39180.436027226155,28.99826274985425,22.883277819089585,76.40164896462264,64.25885309815064,63.39435530618783,46.73691469775241,11.436406728832143,personal,547.6913902765854,0
22,govt_salaried,64640.103664747534,64.61681916318082,51.243104619197034,100.0,75.76601556553008,83.81318467396515,70.9367719292536,1.5602686380744955,education,672.8491083512247,0
64,govt_salaried,65994.79223131019,9.025304417602175,42.29477629409178,100.0,97.07278808487615,77.56850849600133,68.37005935458484,3.4352180419652996,car,767.2726521959688,0
32,govt_salaried,66783.43980640199,34.48551472080315,58.839093064678806,65.72897398167125,98.254301394291,89.51246287239506,77.5888698041279,5.696060947502232,car,829.4415928823835,0
35,self_employed,42486.71542780439,54.833123232533936,0.0,24.329138675781124,36.93284321945855,71.95795858132497,48.71061293140811,3.7499070833548003,car,505.15548845926475,0
43,private_salaried,65017.51130597888,39.16804198989967,33.37637507827892,92.17148544804462,73.70482164087166,70.83597461288075,32.84297367683912,0.9405218939135727,car,521.8087220343666,0
49,private_salaried,94964.52927565633,30.242229570238372,70.161798218793,61.89286035282179,100.0,51.35173659658298,55.307683618939,3.093938583660157,car,573.2784541672454,0
56,private_salaried,16825.983245898657,21.394011117967345,75.5112091099233,52.40936910415232,59.68777997773556,46.65757781882357,79.20856459433648,3.443094044907718,home,798.1346645917382,0
35,self_employed,54480.47794135406,12.431344855404092,43.915207544411714,78.63942433555378,36.00908820931437,40.29584127191866,64.50109046289892,7.36733053554418,personal,507.25075448395444,0
41,self_employed,51992.422823252105,13.732401010515197,25.177742418598804,38.81776135238376,83.59737661178296,64.6874240374127,72.62086261025728,1.4250630373694597,personal,674.5238062940116,0
32,govt_salaried,76602.2226569183,49.74981490920774,0.0,92.79100992305325,96.16204730518967,70.11218732227651,89.00352845311136,5.852724109118861,personal,803.4507352241858,0
27,private_salaried,44079.78264108639,54.8416287263767,54.546718006497954,80.19797802084621,32.09741953714649,32.35635482795074,86.04826259946603,0.508676185551095,education,580.1885926714559,0
28,private_salaried,45917.45359252118,31.43086100429019,37.85219084930358,94.32263417268545,100.0,41.85423344885104,94.05958001036049,1.012287547808772,home,746.1760314052482,0
37,private_salaried,97451.32200692905,62.4387924952636,54.86974559028222,78.17032315373936,40.0585610485005,45.4632016920704,92.3930203397187,9.608439039257853,home,733.0550823100053,0
54,business,38718.43901371045,50.190537065234,31.03626305395364,76.81138529435279,72.93476516594293,63.82073186302119,33.64304283340282,1.1938134978052972,education,774.8705005464257,0
54,business,29106.638315276407,28.604248894256447,14.385946982867313,71.11164715387233,79.36056847914278,64.68644081238001,82.20568171786095,4.947075127721636,home,881.8926463277264,0
58,private_salaried,53821.47870382542,49.453581551876425,33.20343274765608,55.52119154703267,43.70888108850774,100.0,65.74709096163072,2.189388083173806,personal,773.9962597371004,0
48,private_salaried,88391.49342353463,33.92390663660732,44.209330089623556,44.361937347568684,39.12668774926321,100.0,76.58474277731698,1.354009120802212,personal,556.8601256735084,0
33,govt_salaried,36544.23045208307,67.89972435331964,87.37457641737308,69.71233280300554,76.82392164816847,83.46332342642005,91.11746278955155,1.6986374486122378,home,573.1897613871315,0
32,private_salaried,25011.68907285623,17.211716393097245,0.0,70.73239047972547,32.989309076918275,75.9500735597328,78.67580317423298,5.4318049666175305,car,624.4788240118021,0
42,private_salaried,43834.562316290045,52.56451650282514,0.0,73.11927345900047,69.38655086397388,100.0,94.16515273855211,0.9526749761451135,car,665.9139660037383,0
30,private_salaried,24740.845995455722,0.0,78.0803405493708,89.91431171847488,24.21093543298426,40.19431964303274,85.9512521403721,3.0146783695457966,education,622.5287633186081,0
32,govt_salaried,29937.650409152884,24.832804277065936,0.0,100.0,33.90708513241522,92.43654185298365,60.9059799465965,1.9729515953575105,car,578.6301431371577,0
56,self_employed,67828.66410352536,48.8001665241279,56.415011880557316,79.07512581400854,59.338863759077036,64.74653634563008,54.34203864280527,0.40323826814736446,home,710.2887012095412,0
48,self_employed,39227.31869304376,40.31859277594159,46.178328601403436,77.90384058560304,37.00598377908797,88.43890249305625,72.5175361770443,1.6502498688398397,education,705.3340275579592,0
27,private_salaried,45381.546967845614,36.88744468468015,39.01588371272212,83.04189056287423,61.4687155624445,5.458706742644672,61.86732978238622,5.0967848070018364,personal,676.4354474326701,0
42,govt_salaried,41231.14915424116,20.0470263964347,41.13666961819054,84.04265679732107,0.0,86.82681460319343,90.09563073002235,3.224109344484498,home,636.1444169394999,0
55,govt_salaried,40926.84404468402,54.9159824289271,8.689347020276266,81.21058312714658,32.814830877322635,71.36191155332472,81.5199976391161,2.5018972009262166,education,715.440017043243,0
56,business,49563.92332062919,39.28535648255614,43.55122607798828,100.0,9.572969213430746,33.89527453424505,67.94669755079379,1.6855887826989386,personal,693.5951023889617,0
21,private_salaried,57751.939281155865,62.75274032988967,77.28975467662866,99.89478047772788,63.08496631980178,62.83481382052163,72.98254558053547,4.923282105289591,car,727.381828118995,1
23,self_employed,42251.06694832218,49.36293951068643,32.46320115449178,66.74544910947182,83.97761723231554,54.82800953967946,83.15310129596426,1.9887335977400635,personal,611.8658080579025,0
29,govt_salaried,114203.61316266174,43.80264005203112,26.62548456425787,68.69312996559482,75.97397839328076,64.89058606049356,41.894233365031496,4.2294464909745555,home,526.0658181987471,0
64,govt_salaried,130525.95789476662,4.7393392275656865,45.800058978481104,75.87935592001494,50.57233581988489,17.734435537449322,81.60415362510035,1.8419673310699523,car,635.0035235742423,0
24,private_salaried,28129.46089480267,26.7614987797891,40.23425665370247,77.16223949120328,81.13730556426938,62.92615212662652,86.0218367832046,2.872796287016179,car,556.0904515146094,0
22,private_salaried,26256.57684338915,45.91403531386812,0.0,60.6493328800121,21.455902136206177,67.84338800387724,26.217686605375974,0.8423273258694118,car,715.7421013933905,0
47,self_employed,117579.89195799551,49.10450561624282,5.621413267670768,42.808107149935104,92.56623054175229,48.56220589360761,59.45191649982892,0.6127823008336674,car,500.6821645193809,0
30,govt_salaried,24087.513937178897,27.49993505906736,12.465527600218095,59.52129162216529,84.6412145032668,93.10127267932134,75.15668258850926,0.4506333842873839,home,713.8651621552967,0
61,self_employed,89835.42329973305,24.435401870022204,48.09825627269452,60.92009580927531,34.26565046989545,54.89016832513305,80.04980657235959,2.173761058076301,car,612.9987160790959,0
27,private_salaried,76667.78748519502,41.85567737486465,42.93333461147072,45.187368292667074,16.551586918328866,78.07283157466406,71.45298516751649,2.722248947221577,car,717.4463710317768,1
56,private_salaried,68073.81986090887,26.465782397528123,14.876598645482385,82.09614217966157,46.7397174239751,51.45419491031956,100.0,2.029715591430937,personal,551.2594613736585,0
53,private_salaried,37714.34307457733,45.8540750226049,17.500498712464278,86.09116293060356,68.00283274113835,76.58278102873666,59.85294266654774,1.4881447935800236,car,741.829526894945,0
52,private_salaried,68011.71315284182,28.184031588655692,64.11490603666076,97.71930500432032,30.230372606751843,100.0,61.40149966972471,0.1,education,811.6355924305244,0
52,private_salaried,72068.55065520764,48.87972138497687,42.17013295030518,75.86563789197618,47.66995277893413,49.12787594621204,57.344839420829196,3.792169249583716,education,815.7535763963459,0
44,self_employed,16394.089503954292,46.87390380779209,24.891564024180695,67.22059781656432,62.14531025993378,51.09625532056096,55.06467599255702,5.269120190335164,education,725.5607445298585,0
31,govt_salaried,19016.24296827995,51.22279633420001,3.929137253131035,100.0,65.71116298628938,76.8139848221866,61.248749094853736,0.4028173596649752,personal,715.1181778735404,0
28,self_employed,64643.043051277535,70.099244131862,19.331919898144267,42.64553493977684,97.33932330231514,80.58274754957512,79.09931278823932,5.958323529164687,education,790.629965903277,0
45,private_salaried,36447.33909604972,27.465114623281078,49.44152041696516,100.0,45.31366003615402,77.91844225234023,90.78996211264567,0.7794882089149753,education,539.7989102382602,0
54,govt_salaried,62769.43488357284,32.36163392811011,82.32435728339621,82.94495711482793,71.92775503281013,65.42821191923832,71.59774232150784,1.6207894116628399,home,606.2584835702993,0
35,private_salaried,72705.89060277246,60.06198199365291,72.80549017538263,90.48526951704144,26.342683154400405,72.1138323223297,63.04570425824023,3.4112224030787237,personal,710.2196984945438,0
32,business,70048.79520125575,41.56957349451825,50.007010309957046,60.27920987108674,63.13387461663011,63.79295021329128,92.79145189023436,0.8147883088308266,personal,539.5537630780458,0
22,business,60600.68421651264,30.41016011329919,13.700521873861181,35.67629808704624,82.96841827579499,37.99861162776473,49.6984690250569,5.467618952488121,personal,662.4937554183286,0
47,business,43285.69217822398,30.99504006559297,4.67719891186119,100.0,77.16902623784493,70.5332131627738,98.6569845229107,2.6691174607988613,education,588.1144685535024,0
63,private_salaried,23407.89204043106,51.09787866207556,31.071047473077947,96.31876684330652,73.3347520600617,67.03293598939364,86.82251895374657,1.5893889156860515,personal,556.4426159409902,0
37,govt_salaried,24177.094273995626,54.5648003123192,27.84408383120595,82.74825471727691,67.60447909410924,66.38569114598846,31.148110818526092,3.380002656562348,home,727.8333703828154,0
58,govt_salaried,12833.316276661557,28.464982911571987,41.64168981906095,72.07953473523916,49.564967538613665,76.37539644813577,100.0,4.505390368443281,education,602.0120061068103,0
41,business,59182.65564584561,7.894405833234739,62.58437449073254,72.42155767105997,44.330692978033355,38.24486023334651,73.87698698298608,3.8240164943889665,home,674.3055034072568,0
26,self_employed,60044.328450869696,51.642328433669135,52.82439361038104,87.42869582643489,61.864546232813815,53.373455756990964,49.34402375009691,4.820364108412729,personal,507.07927131467756,0
23,private_salaried,116318.56758561074,46.5139407553696,19.523510045364677,100.0,55.510661520310244,93.36460713395286,94.637406887027,5.223632916299662,personal,543.8146504499379,0
40,private_salaried,70146.20795998433,25.73606299319929,7.250569082029692,79.13693167128947,40.453004405756175,61.45129980473435,40.911548338110435,0.17164819551714697,home,774.8903429013553,0
49,govt_salaried,69826.86168928717,36.83689664490902,22.734855470459756,70.6827649986666,89.65728561383312,29.999160607293767,73.69123402122669,3.3331855647526725,education,510.96448203690153,0
52,private_salaried,44011.00437916351,40.244513866029706,90.51244915153914,32.8037993734079,25.022096625389178,91.10437760936097,39.82080714734551,0.43660464382393727,education,651.1558307418945,0
58,self_employed,67771.90861328697,46.799370139469275,15.65384823631469,42.514126246739394,76.33220841591475,89.92655370923376,100.0,1.7822233511999999,personal,770.2037967685017,0
59,govt_salaried,67671.72845369596,41.94778476177398,31.636689760759513,100.0,42.55805357559285,69.48617309830055,71.53235505164089,0.48165716959168015,personal,707.5854101223099,0
46,self_employed,46538.60474340207,25.7927233886648,40.812383976113054,80.35285949307476,38.39894301123562,61.735954253883804,46.014677993401705,2.1087922054851242,personal,638.2398893288226,0
38,self_employed,134396.81133524995,55.1059875120762,42.00687189980169,100.0,52.71826747542977,89.26741292020807,59.37815583720711,0.49633977119448214,education,656.4734315750408,0
46,business,42584.400144727275,39.36757752604248,40.010739754074976,100.0,57.442325864515254,53.127434899925106,68.97189797388208,2.6342762079902875,education,589.6909131633814,0
25,private_salaried,37211.859693485276,34.784448114037666,33.341942422359665,60.41365888693102,78.7643876049591,53.64137995928379,51.931979813931406,0.4295775035190098,home,626.3257813742953,0
43,private_salaried,17089.997275161466,30.096449391639034,34.81051896803359,86.84138757208106,55.24044105562505,100.0,83.79846467967684,0.6215890127490423,personal,560.4597473721847,0
47,self_employed,46805.24626376458,42.631447218163494,27.5901899011655,89.27144089102154,43.38622376683896,70.50978746477998,100.0,2.96327089285822,personal,707.6774395777866,0
42,private_salaried,92559.55239489484,46.12406760683934,41.31503145239833,79.32233658555889,40.52771353376187,100.0,67.25722156741595,0.9538925683164543,personal,576.6784816155277,0
49,business,64392.774530512266,22.955275116338072,11.449548307525678,55.85352994372195,15.64245396006995,50.575480834173426,86.14910374326493,3.005797976031317,home,559.0907775932443,0
64,private_salaried,61954.80661700016,33.48074360218993,29.469770183492063,93.24787123010138,54.313241539992156,77.23997862982222,90.0392007840629,1.0522136105334858,car,603.365557750575,0
57,private_salaried,32728.420489874115,29.70494788991684,53.10703232132307,64.6094081880655,57.36203646810653,59.02930953386274,67.77959929389401,1.606386217561835,home,570.1673483141881,0
58,business,18610.10143288134,40.57957308588902,23.978571968285884,59.64080204686348,68.05577590008579,80.83677508509295,92.94089926156201,12.98219242852067,education,678.4559305324836,0
46,private_salaried,54924.00634053026,21.143643823825663,39.27883190276151,45.72426639361095,88.79836239191471,57.05619126427003,47.946150296637846,4.960355335738187,education,804.7591857199848,0
45,private_salaried,40898.48212215335,29.296125457346854,16.81609716440301,100.0,40.416413149980954,17.430083195430882,63.311344188039165,2.9757887170191433,home,439.2678370317141,0
22,self_employed,31111.75478899425,4.404067847964605,67.80698338776162,50.20724247047046,54.72050806202059,47.492553998012,48.01940929955947,3.250041330333163,education,672.0220493847673,0
37,self_employed,18880.942570299016,13.776168359246576,0.0,76.0265293586547,34.34119566082332,39.16239847232589,29.745511943047987,0.1408013369808902,home,696.4902308367448,0
48,self_employed,33843.83685372978,51.08631187860877,59.75473896859903,100.0,48.59192273151194,55.41605840211527,68.24508350803511,1.1933314306642497,personal,661.0296232450224,0
36,self_employed,77516.1217829339,36.100202921354374,44.52240386100908,99.8983987957355,70.09839734174535,83.6321493202751,78.65494013995594,5.38652181745182,home,648.2220449047405,0
35,private_salaried,76729.9999603532,32.544024036535625,33.59351114575665,79.79818235644267,100.0,21.639475713342748,55.567382079552914,0.5625199268997109,home,817.2809616762781,0
28,govt_salaried,23056.06665093239,0.0,28.234770941317116,100.0,66.92528666427863,40.800314814222624,58.85470883436946,1.2555749244641219,home,644.8585261458766,0
38,private_salaried,72754.66887298574,68.63401174727235,45.65801684836954,50.21481155563681,53.79908057538797,45.170953876758844,77.7780930913165,3.428721941308839,personal,859.1484468460417,0
59,self_employed,80216.61636094401,9.488717092191408,29.68628439309295,42.14673151001938,41.91587970983576,87.98554450619106,78.99050682326316,1.8255070645305806,home,701.8781418156705,0
48,private_salaried,47240.082667649214,34.59609135695534,52.413648115921866,68.77433136655684,53.65338134553674,69.96688206890039,58.18660815166248,1.2102514517965766,car,709.2186428547545,0
62,self_employed,116383.82393940518,15.687665426624534,5.085562075827774,87.60245115388207,100.0,63.77253356345292,40.39989643638038,1.4824002632103266,home,656.7242330512515,0
37,business,61110.96250261102,38.77317192821285,49.55173643575492,69.93990997375673,57.520317224029675,91.03237216139647,85.85771232691698,0.7546501112861304,car,498.6683338522065,0
28,self_employed,71732.10642518618,40.56376338879099,23.629494064140736,100.0,28.63164430505598,49.070621204576845,82.3405699373901,3.29261457916197,personal,437.4276152661962,0
21,self_employed,31576.684684887896,15.69805175923377,0.0,91.84315475102498,90.74212788493742,76.11989928753752,77.60148280999304,3.349672325588818,education,660.1954926091227,0
57,self_employed,43512.05550704121,51.632035139753974,59.58854939064589,88.00786659491274,64.68951781957216,72.06545906976474,40.35971276861819,2.3114448630829534,personal,848.7259069578929,0
37,business,44844.02358360366,37.31634024302509,35.01928043022608,83.03883170389405,57.88843186468244,44.92462099865226,59.32536806787348,1.0631645723182832,car,683.2150580543425,0
23,business,35982.896043410394,30.56101080884065,55.274130586933616,94.35442800208186,40.207304963684344,78.23972644397752,52.037524182893335,4.508869217048954,home,413.04885087368245,0
47,business,15707.901083776911,55.740494925532886,47.499472679359705,65.75508806487328,78.64908564283297,54.54145856122539,16.317510996565872,1.2485106050655472,personal,690.396584849488,1
25,private_salaried,28526.769227132903,16.513910856310087,20.335220118692146,100.0,68.04006595251602,71.1570440005824,69.24847896822844,1.9173510732891046,car,628.1994886741765,0
38,govt_salaried,18507.14832483694,35.06997738774768,24.95878761017042,91.30551785189265,20.07396392322331,68.88326790048326,82.3531522527095,0.8624817381513256,home,739.2778478120349,0
41,private_salaried,35334.75789518504,7.866508964444574,64.31876830880628,75.52104395882492,28.7898080921497,18.071936611458888,76.40723617825017,0.14227840083998394,home,741.3097780593035,0
59,self_employed,39599.45597766494,28.70157299114087,19.26142778831789,86.61437851932628,46.209023265210334,48.84840444366031,62.9174527237311,1.0352796838638365,car,694.5361169794958,0
36,private_salaried,68745.62567257171,44.57567412657292,23.281336466129314,98.19269232397609,71.08256727797445,98.30588449524957,100.0,0.6704337874091357,car,652.4239208406019,0
45,business,75148.41246010289,38.656152145786386,18.302424346873583,44.84207517838877,33.06096565879389,63.587934156420616,45.740910075978505,1.4348844754072547,home,679.5514392088049,0
30,govt_salaried,29148.406592349216,50.917175704981155,42.373698443810895,56.43793979779579,26.717797053986455,96.05735170032519,91.97789141354161,0.1,personal,788.6154902611935,0
40,private_salaried,53222.14236624873,4.7603593542006415,57.852294246454626,100.0,43.13131061803714,71.2140774460553,91.7025602821549,7.482026720070581,home,900.0,0
52,self_employed,64809.21924610585,42.97471039751735,9.219344828901697,78.5395825153277,62.359194853751625,35.624749205872746,82.72103632988376,2.837990688394826,home,799.2051366743133,0
32,business,32858.61688087595,49.161332401409524,21.300706397329435,100.0,89.62266786705172,76.29282159016525,57.400279555116356,4.365127086135307,personal,700.5788773045564,0
55,private_salaried,63056.49915980066,35.381250251329064,17.2405453344494,59.278632013582786,53.10067772124274,30.43160649576936,67.11888653584998,0.7762291500101816,home,740.6664625526818,0
37,business,128953.56992797264,35.45915329479669,50.23878461297987,71.29659000870461,55.9038173774485,46.07400984110495,67.97720488758647,2.028671687093302,education,550.4571538763,0
44,private_salaried,56818.66211722887,31.3297389364276,2.0717008420448906,100.0,51.78996961172637,68.17207141919137,60.92413088324913,5.397909932371155,car,683.4810664592558,0
64,self_employed,192679.59907926375,23.622369953831452,20.166380786076303,90.39428896912784,70.52372118062898,78.39806020533192,91.42723379201097,0.6019759052786149,personal,538.1857730421607,0
40,private_salaried,41634.47100697857,9.583803964895104,54.00716410093597,86.98447213030396,42.98521631104339,69.55196250258365,79.31525143304634,0.4406167665311749,car,611.2465968331684,0
61,business,68413.70660913012,38.52740496883777,42.118187375516264,61.99482362997638,53.304474104805564,80.58818003677662,71.10179851868175,7.16062672233512,home,708.8552240723566,0
60,govt_salaried,17356.625089304842,21.39813032853229,75.83276433267105,78.0788689516333,28.868464218371454,37.75252436146312,44.67320794464929,0.24801848668196674,car,630.7032602058546,0
56,business,64469.78522308622,51.011242820846306,13.830807365301894,35.13910210121572,70.97560190131931,63.71874845719482,54.07825921529823,2.4496781930745164,education,769.4830936420278,0
35,private_salaried,84741.26075387883,40.84470787220373,22.547071573734854,99.1942362964269,32.87496948924546,52.44494317676704,88.0665740779069,3.3727301133434215,car,571.2886810889714,0
56,business,55446.603703354216,20.621592730307583,39.14949463268006,64.48194862273888,31.09236503905423,42.72216835037614,47.94621298398969,7.103556233288174,car,577.207372897007,0
24,self_employed,91985.797296595,36.25266399752015,42.495154028375396,95.01015635325312,41.374937108249526,68.25354893783017,46.893890760731935,2.1982041712331117,education,494.38472998587923,0
29,private_salaried,66700.11482642652,45.81161697769403,36.09512622646763,70.78701456711607,68.0563695848216,44.37227044093176,90.54881517335475,0.7373847717510889,home,692.4453948044626,0
56,govt_salaried,85992.71702713294,87.05550245611894,29.129850102979216,86.26043289810634,75.85872860663868,68.84621142300303,61.96067230271746,0.36470253645173917,personal,673.9925380985288,0
46,business,111437.02042238736,24.65536332540813,25.149967258443738,43.496750469233234,62.160721362050694,70.44305266454788,62.72028580241694,0.5677234332346027,personal,540.3788653111886,0
36,self_employed,31348.23874092547,5.315221653826708,27.5781855258846,83.73211982528035,55.889295704395295,65.76520127551696,57.85670515787977,0.9984510276106261,personal,760.6809355267726,0
57,private_salaried,34531.51282288443,17.229966502569965,51.29196684177152,66.4659957398686,51.56592295269768,56.822968856784364,100.0,3.8893264112455923,home,479.5948559904573,0
24,self_employed,52853.499463107684,39.31170010272014,50.65069423416315,100.0,16.112027114673715,60.752457079567854,39.55467886209192,0.6609179948816439,home,775.7242414723391,0
60,private_salaried,55122.07651604709,35.70357763454337,21.14229062579944,71.05426060044647,32.288284319880304,58.73307328915569,70.23595264490623,0.16126381202491355,personal,900.0,0
26,business,50791.56905075035,19.312940578889098,42.61112238797398,100.0,73.9763940423828,46.282799014274005,74.75572252430572,0.3330992774824548,car,540.8063496667154,0
61,govt_salaried,93503.06102271812,40.06562456355883,30.898710479152342,92.88556440790236,67.60156390714909,67.70203222582086,83.58016081374092,2.882343931595212,home,684.8622568801459,0
53,private_salaried,49477.5875351415,47.32669514633973,30.336736147060726,76.9128340465401,46.46724696068736,49.36079596764362,64.04266532203029,2.09557059119676,home,562.6823789295322,0
52,govt_salaried,54783.405788527394,13.52177802472173,27.274628101731228,63.73875558291759,61.92415207110697,76.43148717070225,84.46878128747579,0.7201547223322049,car,605.571976384916,0
56,self_employed,78503.33825757726,61.85638435046061,41.02034260704918,100.0,46.04531692547475,38.85541766585615,77.31830328703263,5.535330085371067,car,821.5287195753831,0
54,govt_salaried,42663.2578894822,22.881352918597344,18.38161671492079,48.78373892754574,20.000495117918632,61.54168998448006,97.46224332488255,9.024166090566048,education,515.8231323297618,0
61,business,44257.16035165326,54.381297032401164,44.51173879419289,62.00045834141679,25.256143516417623,26.452410947693878,54.757227641498886,1.5525350588802076,home,456.21994476336954,1
60,self_employed,57410.95775875039,50.91681016313908,50.990643221347895,89.54739226506175,89.13202807465608,65.57318914769327,71.15537798715495,0.1,car,748.304422186476,0
57,private_salaried,77943.2675397825,43.96810970323243,4.026393254870797,61.01767745195082,75.50029345021935,81.63525195829513,93.50543775376013,1.8641739318189219,car,814.4415693591463,0
58,private_salaried,41398.53726468254,61.18542079420423,26.97060907757727,68.99596526686199,28.16731360867732,68.07841305333879,9.636033328752838,1.069554704585044,car,620.2682782977723,0
31,business,34604.4246118412,26.87896023444842,29.96086049280417,33.75039388383114,41.28259522299637,79.58819460408367,73.45462996072773,2.5775577452530847,personal,602.9569847716622,0
36,business,44754.39030380693,75.56664279934958,59.971265373889956,78.1831095382694,67.8053124256935,69.26365795273408,43.72275011859358,0.1,home,692.3972577854363,0
41,private_salaried,44658.87477224646,11.923945180923567,21.138165707439565,58.25801744079705,100.0,93.08027605719644,60.90517285149245,1.7056926017042386,personal,761.5854625255672,0
48,private_salaried,45355.24759227326,65.81584966140655,33.13715771976472,50.12281458379434,49.95620620814923,88.29533922424993,100.0,5.440608429757569,home,487.6355464360006,0
26,private_salaried,50820.608932154224,50.08925411335119,31.52024169264815,75.16354038382055,44.52768026746541,38.925931484027856,88.89533932786017,0.9483181348139496,personal,560.5500261066926,0
54,private_salaried,46827.88485074809,27.834206074482665,36.11279653880709,100.0,0.0,95.57893518590623,41.236980891047594,0.5814567753001592,personal,704.1672338945763,0
61,self_employed,43802.177470743416,50.69924078645065,11.575925055727044,83.37915413470931,53.470402215935515,74.91392787857663,79.79886793356681,2.221014219334522,personal,632.8863512227836,0
46,self_employed,64261.95608458943,28.304938101326147,50.16382333550993,60.23160071445418,100.0,74.78499171206516,75.08158240942004,7.96877486069424,education,581.8598386803033,0
37,private_salaried,25176.756021771776,28.97132390941158,26.14679721828341,84.55644662539389,60.82908486641739,60.39007848461213,97.23443911643103,1.8801268272919955,car,460.9177407812971,0
51,govt_salaried,28056.325038295377,49.85552873066986,30.305192674401663,73.84485482331115,58.42156633791345,40.97423603956882,96.33595815704913,0.7089009506523534,education,750.8517797974855,0
54,business,94667.27489439068,18.141565278948658,41.28617146244525,81.06848918444142,23.873024635507473,100.0,49.94176588167953,0.5356939462440024,home,776.2976052579048,0
57,govt_salaried,49389.48303357697,9.491237627456421,56.2745290473605,89.66083967208988,56.06832436501086,54.41131283401149,97.20282185354228,0.8344189112573118,home,528.105052263015,0
44,business,93628.7347079256,48.42683834774698,39.241451439463425,83.93925669761593,55.780474012608586,44.66944521405603,91.88294638621929,2.762365912659768,home,473.1897872015686,0
56,private_salaried,59788.045309242436,60.887684191242286,33.70253663204523,68.14967460346307,38.52547966906034,52.3148559112199,100.0,0.41534030880892936,home,522.2336819308057,1
38,private_salaried,68359.77111237078,51.09315042787195,39.89969305446773,87.39523536477819,29.70873011810876,62.99358452416532,50.69215925824175,2.525397103924903,car,401.82388496382225,0
51,self_employed,43351.29435722613,19.252134792574395,55.17293449246466,78.39919741871056,54.256072473133074,41.37108462748684,98.522007215908,1.7077000631687234,home,538.5239779720587,0
51,self_employed,22201.85461903587,59.99305979732927,16.60134797608582,85.5612174474404,36.5262297021448,61.877467224167155,43.353456528123196,2.5363907491487154,personal,763.6078581895896,0
55,private_salaried,113907.65869655785,34.85210676284488,47.20540231611224,91.46934517385043,9.676158379775707,62.745889147745835,65.56339218685935,2.2780058500136593,education,647.0009761733685,0
39,private_salaried,43764.60950209962,53.082280920952456,46.5733356249632,59.61391316431856,79.44614547490724,63.97227302478449,71.26317961854787,2.201740473855937,personal,809.0079096660614,0
58,self_employed,32299.16772110528,38.92149548337902,7.467073488941356,55.6745458969843,11.493104625864277,32.87880189993343,64.07389167889549,0.287479628354119,education,627.2196444927303,0
54,private_salaried,84401.00488113717,0.8547693988419169,35.659422728180004,59.21789795706116,93.51570011829008,39.25670459525945,100.0,1.8808890879179971,personal,824.4094216420735,0
45,private_salaried,46722.4802242264,39.24062822621484,54.89580716773141,92.64494918310459,82.00027564868186,78.97247218051477,56.60710744168572,1.106956924696899,personal,644.923747222401,0
29,private_salaried,34047.876727581155,45.4844107017515,44.058425921072526,100.0,59.84401166383077,100.0,89.67223027256489,1.749680768357019,personal,450.9726272246179,0
38,private_salaried,41270.4048040116,52.638135398899024,55.57888844700781,70.22388642107119,39.83538380594999,53.83255465841962,70.53904610395301,0.5284102063610184,education,688.6642096387405,0
59,business,180389.28989671968,38.64887425315313,34.44230635526834,79.74275153975219,10.102533714805944,60.36438944195274,44.866831617235505,0.4855933181452273,car,496.96046532052367,0
62,govt_salaried,156791.0688701153,34.153007283661346,59.0880478811242,90.2130948021379,72.21138994310043,75.87561820203746,100.0,1.6258146857605853,personal,701.3027076435536,0
22,self_employed,68158.11695482954,37.16551467473909,30.378198387383367,71.61289286085619,62.283152903724414,93.06079384657532,56.240655425628276,0.7140127859819705,personal,686.4104438662059,0
26,private_salaried,36810.568777531735,20.911462564554196,16.717403184691044,37.87172891486574,45.855013144546774,100.0,84.18171717622386,2.521289631856234,home,656.3510206136727,0
39,self_employed,56311.32490383961,54.49204323791541,40.809165387945555,100.0,10.497517492992166,74.64338364687941,16.54210374310538,5.392886461500308,car,604.8011037750342,0
53,self_employed,42392.167493306995,43.17693256387153,85.32751712635243,76.50757381185468,79.02591089060235,56.41295420969929,91.40855607411794,4.125744409497511,car,758.7267150014227,0
54,private_salaried,46434.2556070361,20.97612040675019,35.194960937628075,77.22805017233456,84.28432356065505,45.670495462959934,74.82190285816871,2.3021436833715394,education,531.4535911084886,0
52,self_employed,54145.14915203359,19.76131304451012,19.346161417471414,94.29203924085625,72.66712044563236,52.67292952464151,54.87391481751209,5.0865644289823155,home,727.6342764837443,0
48,private_salaried,38526.94273088178,42.331942163460845,19.30418176513573,77.68510473356348,55.68236107500696,58.001650133059606,74.6709975485796,3.256860462550511,home,430.2120729906519,0
60,private_salaried,43735.8712617626,25.762002832318164,0.0,71.88371571234029,80.91944611861254,62.84370026062434,84.16288110247962,0.39963468262947605,car,651.0194020852007,0
50,private_salaried,32193.965285494938,52.06288117436959,21.406246017527316,77.20696910362538,36.39548433846382,65.46096258038405,57.313891576839154,0.6371577283092564,education,655.820636665679,0
24,private_salaried,90694.11819860085,25.23684842963189,35.20874179657656,32.189194109331126,57.23171336649353,52.743584244218155,55.86233162361707,0.6989612631425042,education,675.7660894810085,0
56,govt_salaried,27323.169772532612,31.939637460283606,100.0,83.43645418021778,61.973653473984164,42.37794367510096,45.16480846483601,0.1,personal,856.7699636920522,0
30,private_salaried,29324.851727958743,54.35949355866032,20.617009554780797,83.7455152582318,21.802466651591175,61.43586583314092,94.96874543962119,0.6643117718994815,personal,536.3680282976139,0
24,business,49640.23250873856,44.27862926212114,57.88270565473173,59.577028321824706,16.87086010849817,57.889690172298,95.4617700146228,3.5241450642024668,personal,800.2919142053588,0
54,private_salaried,21519.1516990949,0.0,36.22354459318164,93.13300016246552,67.52525014137963,50.52814115185456,40.28028615860337,1.4321577594642163,home,761.5749153717975,0
22,private_salaried,96440.88631142792,62.94922407547314,39.23310459713119,66.86817568252197,36.826360902065815,61.268247805081074,87.0254112816655,3.943597919027157,home,635.2950534604516,0
51,self_employed,45859.31558384547,39.056014490332295,45.288173650363824,81.48711310758114,60.711299660530976,45.05327319451884,40.42205916990363,0.1,education,737.2047532369036,0
44,self_employed,21688.850434975717,25.15503083644789,31.92855239656512,57.25799024679577,32.425219216207644,54.33497575361427,54.58298720971385,2.137714539767143,personal,827.4058581119996,0
51,govt_salaried,37734.23447113105,34.834525715537325,16.868722784811865,47.930128636998994,46.69403128594476,93.68916847018187,81.26302530618683,0.1,education,796.1884315468085,0
46,business,37095.48439735981,13.932695482814285,54.48238752409621,97.1975270386683,67.78509777178957,93.57546328303687,31.682310898133693,11.04210113040805,personal,620.3617842558327,0
28,private_salaried,27226.19848833605,55.168507768580945,18.0207562592095,100.0,34.39369028033717,17.747301665685626,72.82347252306941,2.6982792351367193,personal,731.7300712620613,0
26,private_salaried,33105.60825236161,44.15975997492107,66.4792744286691,63.033743038921386,52.069395902771156,63.14116786293632,74.82442456621291,3.0150161965473226,personal,766.0356521363656,0
48,self_employed,52445.72123439183,21.293085203884523,25.75256702439562,92.3608400030008,48.83748442925535,65.48346364016797,68.4315724309975,0.15163528141407032,home,542.936077844659,0
54,private_salaried,42128.41563116383,51.80870142789445,7.117046153798277,100.0,62.323637224516766,42.45942551962415,61.926043330888845,1.4045755988775626,home,490.47323011356434,0
21,business,49459.27405153548,40.52040708753496,0.0,100.0,52.5322501846381,54.91439053639874,79.36012941327502,0.5405615952595666,personal,563.4657443731406,0
33,self_employed,63468.65054280658,19.54969631400895,42.24683731769363,69.58770951149539,9.475068843727001,68.95312585034125,59.25112468163811,0.3345847922431959,personal,728.2984647138943,0
37,self_employed,74725.299217208,34.90130620261915,43.75534175337365,91.20829333069226,54.74525749474646,40.829874231955756,75.98938636231617,1.971456366822614,personal,770.2666017450009,0
35,govt_salaried,62439.24684926954,43.47936567329758,30.535101397579396,95.88350430645112,88.67951451224545,39.07634894565929,92.31868843068253,1.8903963231151433,education,535.5647885931577,0
26,govt_salaried,40085.71606081007,15.32264141322683,31.54677238283487,91.72766100849822,22.53690540399348,68.58263776753695,72.96901215202892,3.8352161939315215,car,613.8421085478411,0
64,private_salaried,31892.303745060868,34.003571156682746,28.564709566750004,70.83067894402555,84.45792193582773,62.02605933562318,68.24712423765246,1.4105495257873655,personal,431.5791581362131,0
57,private_salaried,35173.2208241,28.87863954306932,44.91481025097674,92.04882225187863,10.529762902120943,40.968700882564825,80.95777722356416,2.4452552663381804,education,725.8711032076153,0
37,private_salaried,42699.63246863514,30.37019514915326,29.71448794300281,68.59644156516536,45.24506739054827,98.85778429721088,36.003869530509796,0.9725004885664861,home,878.1013211897559,0
26,private_salaried,21328.8536224908,52.209349582545684,56.652530353611326,87.72042145889931,34.49325363949022,58.549570931178025,62.02271097038232,0.5817889755476714,personal,527.0322407598246,0
47,govt_salaried,46982.67921871607,27.565592673369526,60.93548599524888,57.29320568057708,16.58342236787248,84.74991484922582,65.62371780864392,0.9214155316247358,education,753.3292680258446,0
46,private_salaried,31633.518714156773,21.623013022841523,56.44548858499963,44.04385367087066,54.961028244303876,89.99306887816908,96.33581029227317,0.8550567035042066,education,598.0798640780805,0
36,govt_salaried,26168.62614200825,34.129539351493676,37.43115146294929,100.0,88.07817067373222,71.83436039198108,56.50176409610434,1.9066663201132037,personal,561.1428321793518,0
57,private_salaried,46598.44590648192,28.310005430305424,60.66821615688977,66.63170100002759,48.111083556828916,34.110894372448946,92.55187122688602,2.8270914485704295,car,628.6840218421783,0
55,business,63143.67739367679,32.5454718952471,11.984643843347321,94.70631794151768,61.399913042332464,59.90461956274941,47.27722421762109,1.714782590473891,home,661.4618267723287,0
22,private_salaried,33989.01843553496,30.84893318446074,47.48565698155118,80.4408930994085,41.29778789448354,51.62335104661482,35.68997440799514,3.5577396605743905,home,576.5747518314059,0
31,business,99733.56583943788,25.98163298080736,61.015656597827345,37.904099186869345,81.30019392016298,54.06940309448079,100.0,3.618693909606325,personal,573.8574968308645,0
45,private_salaried,47153.9923324475,35.835352425735095,56.05575215493262,60.569343772678806,64.10999075879344,57.87367510698801,99.9700734067104,0.6839698919990157,education,634.6075454774851,0
29,private_salaried,188879.17720041552,41.60179378221466,92.11043621673468,56.03868800520674,70.05464917440368,44.092911103097485,33.897989235368314,0.5160950031559631,education,582.0205816102551,0
31,private_salaried,56347.072452631655,35.204246118470394,51.65834525465949,79.96317157007633,54.40636012487962,61.39311806661601,82.72079549743455,3.871963187924095,education,713.3971976151447,0
40,private_salaried,51403.388337334756,57.74845318091481,55.796538683569025,46.70629479940921,63.38130033165959,84.15786916046329,49.478441056464014,8.216706805814912,car,738.3260146488209,0
39,private_salaried,55846.025905099676,50.17480505343441,20.583505742074323,50.445567978563936,46.49915769516076,38.071066589433556,78.18648948870235,4.215587383102068,education,407.99553137376967,0
32,govt_salaried,35812.36044119296,35.06407371050972,60.3846558755847,54.18528109923418,63.93343227935228,76.11517557714348,69.57662897659418,0.1,car,859.2284114178256,0
54,private_salaried,126662.67499518517,36.08960753972691,28.688880202247788,100.0,60.55716464989778,100.0,41.67362308870576,1.59823848846264,home,621.5433359922625,0
44,private_salaried,111114.07466841627,33.34439995282351,19.884155503504893,100.0,27.281264789102647,69.24727492057698,46.14709674261647,0.7466565418207889,car,791.1885500395528,0
40,private_salaried,29864.545708293008,19.470353449930087,57.67119264321771,47.160293278150895,56.867117532994364,98.96146732551844,94.12316853469994,15.0,car,701.0430242235304,0
36,private_salaried,20769.02628993476,32.99421614717601,55.022033891908784,68.4854829250058,100.0,61.76307169955756,37.62130175623962,0.2118712474225422,car,611.0695023138912,0
63,private_salaried,39468.88129329226,40.96474675494161,22.99371570923491,64.69436540512378,42.074828059864245,50.76833880855417,100.0,1.1963363128009432,education,680.310217606313,0
42,private_salaried,38584.23594821971,26.346174369933784,45.56165101746334,44.990625539652896,10.935740674658376,61.365850692115934,93.29911284547762,1.7740214049555303,home,703.591822179991,0
64,govt_salaried,36261.39097340458,34.17700748150915,23.253796412128047,38.878120438283254,54.72602123632987,57.77642223651088,78.8824296269391,1.6978173311990263,car,550.2008710758704,0
28,self_employed,200936.68368315403,23.075864199585016,12.392199790117079,75.98364849239412,44.5937090732054,98.27558019630767,65.52319698830577,5.902901573783109,education,805.3636771142346,0
33,private_salaried,19274.369904225212,68.20509278736506,17.76302628293778,81.18252895389739,36.90727014172346,63.84148485612259,76.5455591315258,0.1,personal,628.6587159706762,0
47,self_employed,77524.03518371368,2.482216601547165,28.31653779343337,100.0,76.11830077976342,42.69306028683337,62.56483761226193,0.39036535551479834,personal,524.7045751355487,0
46,self_employed,69018.0571668281,39.21868632938075,16.4985546175625,55.832405977196984,76.22920954315828,71.27359791207876,75.15318511839882,0.6304730213671782,personal,657.6074075024663,0
50,business,58197.90315606373,35.55260169716606,20.01450510352546,61.23845619753555,56.11976880873391,13.297782804004463,100.0,7.052775435657316,home,651.581128921579,0
58,govt_salaried,57491.03362803966,23.628855892234782,41.88693427867276,64.84371432879786,58.47077022724878,52.044222475892184,91.59817346531229,5.422299101613194,home,732.7245084815459,0
37,private_salaried,52989.03507519659,29.135544433095955,14.631296132732786,86.08022624312797,5.808844872958332,47.848231356962316,22.226874341141894,3.5804341180792587,home,802.8918816029416,0
52,self_employed,161170.740210111,37.412041145410676,39.53274386468283,100.0,51.28429591322184,69.94392035829499,21.574025259204106,1.1665564550602965,personal,858.5244587827549,0
57,self_employed,34798.66889112034,15.187964573156833,60.56289604344312,65.32227491761545,56.44331156288687,52.98448448947672,64.25189558494077,6.064454563118402,education,508.1813126322889,0
40,business,64030.297770000376,15.863636448757305,0.0,98.79998442977225,51.71565524709445,73.31857017567948,52.64868666149101,0.8230372749086055,personal,801.4669054402559,0
40,private_salaried,40521.38867081505,0.0,0.0,80.92623453920952,47.361550791581564,76.75678477349537,56.58950694877893,0.5276376769150863,car,693.037622964774,0
56,private_salaried,116489.02333021158,33.339886697043895,19.14639549409896,94.21000478718288,54.359400850052424,86.6184013560028,79.94766172930338,5.099797010038803,car,666.4658959034382,0
34,govt_salaried,38835.61002142011,39.21734381868914,43.182821693882325,65.23459153486701,85.16376241948612,69.51839874678735,61.7370694528817,9.549351532686952,personal,788.2356907214717,0
49,private_salaried,73760.09516434123,49.45833754660707,32.83013327534555,71.26077111006822,77.22734663680428,49.05745196772749,22.277776922947872,5.709832193697194,personal,663.4538468528372,0
28,private_salaried,42583.23822680283,52.5676655180554,37.22430844364015,96.37861293004767,32.6899221167669,59.43829412257607,67.00161865171258,5.838716357694422,personal,664.3771371504658,0
49,private_salaried,89936.02331235046,45.89027718456224,6.787305983741195,55.63969998823096,68.96366364346531,88.26849163700396,50.434014706554336,0.2985562713831525,car,649.3955824678512,0
54,private_salaried,42324.58735869963,34.40265672909879,49.15534205391528,83.58682780028556,71.54007770536715,55.64965795845797,80.73409927385856,2.844234820829219,education,530.1379674286347,0
30,self_employed,43259.56702156435,61.32348014735798,44.34470500475817,93.26578947418443,12.171153405781695,72.29553085526827,75.58788518403173,4.895835509205622,personal,719.5954395976052,1
38,private_salaried,45609.06277297961,31.474128617488496,53.79003244879334,54.904092047571936,53.82181797458985,80.7169517374399,60.92760041611969,3.3396444193102632,personal,662.5819689912594,0
36,private_salaried,48534.49114899236,61.22271301818705,55.93027100843981,82.76457766149315,46.48039320914861,62.45693282813348,83.68391749400465,5.125840184904171,car,722.4259119706936,0
55,self_employed,32865.207022281036,25.14884322744237,64.9587843525704,85.51744216342088,52.11414218170089,71.57944457052736,70.24976982316153,4.966566483964593,education,784.6353153506199,0
57,private_salaried,62848.66709120218,50.001230950676245,58.299866352710694,62.4798758449129,45.67412499282674,61.639892288235686,78.33369671496142,2.1132373150607258,personal,780.7405812115312,0
39,private_salaried,55644.423317731686,43.67423765189828,47.29904101280789,70.7094415145201,20.144184803346512,71.89668618747223,76.98167204127544,0.1,car,613.4712751460237,0
29,private_salaried,38542.55726726424,15.073426286685887,23.330436859513945,89.27469212346152,91.40294793333477,100.0,61.99733246994255,0.6326175219768502,car,794.0128188754013,0
62,govt_salaried,54165.90368811176,27.525483880002536,24.573593035233458,66.8043993824143,39.330648811026045,88.97765029580113,54.72301589841511,3.0905697858113808,home,710.1347563470011,0
44,self_employed,113755.9530032231,25.540462809645966,31.57828085457407,36.4649892317502,47.375057404027295,38.54086881829846,51.674698930843505,1.5670487718680814,car,415.2968446856212,0
21,private_salaried,41070.747794389215,39.124707832799764,30.980754990708,66.32680612887724,74.45555792343549,77.05746958867407,69.35148616515475,1.8563497771936532,education,736.0293796217588,0
51,private_salaried,29224.138433124055,22.554044131290503,15.584022088753077,100.0,93.86796795487234,80.22568722284211,43.42764750676305,4.929252550179424,car,613.8407776125171,0
42,private_salaried,244651.1281253065,38.182626571559126,5.643801869906785,100.0,47.178728487144596,73.94373031689197,67.08276102648232,1.3349385991165452,car,646.2604396200692,0
25,private_salaried,26578.10603420485,12.573845630266256,3.6025082018959083,67.21796339040446,78.32973569574106,35.77247526372318,91.62811232295326,2.97637575926122,education,585.4330050530327,0
35,private_salaried,51261.09233164082,53.630790823536636,35.575015215489465,77.70679178046666,64.8209232048483,84.82566009653009,37.43857469386319,0.1,personal,411.66080858336284,0
58,private_salaried,36487.61375627549,0.0,55.31096374088707,63.5734694900182,85.28651146234621,53.80668208062007,66.0522245561137,1.2882139764004685,home,604.7036705852356,0
22,business,66371.3880571519,32.636508928063535,0.0,96.99919843793573,54.17480491723844,88.7600199122852,77.0647417848037,6.075880011810881,personal,476.47947732810877,0
26,private_salaried,31839.1345450782,3.4010939376602813,20.624097037247374,81.57607921735016,25.55631564629918,62.686068866341415,78.18924624713517,2.530237284245758,home,544.7501067751456,0
64,business,62888.975921303056,36.730553284304605,33.71064391915106,60.64111121139257,47.207248171612726,68.90311848177464,30.59400336780881,1.219772456474369,car,628.2530400521235,0
47,business,54222.878933554195,51.29804199113822,21.697478556892197,97.68971879084901,73.16962781113057,58.69156435689832,35.99199214827118,4.666039073975005,personal,776.3234436460157,0
45,private_salaried,55623.337000016414,31.054860935743577,29.02570939625276,84.55161417328773,46.004975759353705,100.0,66.1892652659956,1.5465766141996258,home,712.3886018652236,0
27,self_employed,31490.805123376616,60.12973378834929,31.30937983558293,62.611326079194114,89.62120250053349,44.412872100388654,61.6845086943673,2.594142857294479,car,798.5105409982841,0
45,govt_salaried,57382.38437890426,26.91622749393969,48.10713881410382,89.2178519513426,93.5381010090816,75.9993889324339,63.39403280797004,1.6386816008319471,car,793.5597058618961,0
39,self_employed,40598.40130200684,28.794598467851735,25.11704872437665,96.78542274894014,81.86216095190447,70.64260828093902,61.087315137439745,1.4750051479538224,home,672.5380178023523,0
63,self_employed,79549.99523808074,48.072370430101294,24.353867607264995,95.58068128907671,70.32672408098662,73.71707655871798,58.74534138910793,3.312091489872444,car,812.0567004773302,0
46,private_salaried,58551.34644298635,18.326702408206355,72.01622684041274,64.34406834737423,76.62496293645664,53.781560954982325,95.30635647244546,0.1,personal,593.1258449749948,0
56,private_salaried,52440.13249692353,24.098336192285167,42.018509348468044,85.942067577891,26.564184946209096,51.91801382842552,68.41835593229638,8.82321169870531,personal,382.2904390351077,0
37,private_salaried,23049.417260865997,13.312189867602033,70.31032703218719,81.81984891334449,37.52674582452506,58.37602133055388,46.19023672072708,6.679438513901283,personal,676.7829162665718,0
59,private_salaried,60462.5625551339,33.63081128300557,66.59097346438449,83.96689366184376,52.6975534029146,68.7279060913599,29.592782788627503,1.1272128406115751,personal,821.2052106738354,0
49,private_salaried,50983.333082990925,45.900952468849965,33.984145946733705,83.85888261317878,49.23992288109548,79.04976369231848,94.89830283278555,1.54763192197138,personal,674.3221283374951,0
59,self_employed,38327.88325672168,52.27778563785203,68.72000489626859,63.50211034326767,32.63832550654058,64.51130766876003,73.58995406166112,0.15316377104376663,personal,727.5468398887054,0
21,business,102355.05784741524,22.100589560967723,24.861448511965055,77.18250905530724,18.187997572664358,34.02211796608405,61.36628600136873,0.9976688473365742,personal,749.0756221530905,0
63,business,114233.20346555968,44.32262374315899,54.416520449297174,80.04993782733858,82.05188728741774,68.91733901258534,80.56224096671497,3.38247111736752,home,587.265738935222,0
51,private_salaried,41000.884770756325,41.712558691536344,46.23188003077483,85.60168914615002,29.70508146793894,72.35802903943352,50.60401549860115,1.5658202669398542,car,452.79641310901076,0
51,self_employed,47788.79602352796,40.396818548261706,46.7992268615421,50.3420517620123,38.302100413409775,60.15403463712713,72.33022671213456,1.2400609599273578,education,759.9570927804151,0
53,private_salaried,31648.780201876016,56.790267390775426,12.96037495896687,59.64709956462225,46.890525218143345,93.42849487909263,83.26623702616676,0.4069384282093996,education,616.6496883984502,0
56,self_employed,89990.7459971789,29.853682411868323,25.11021431774109,97.80862871959917,39.89069123231702,78.34053292343606,47.866324483377284,0.149059265520996,personal,506.2121000792258,0
55,private_salaried,42231.753920544776,55.062630053336335,37.64439714614885,73.50411495538617,83.84584486603238,75.36814192756428,100.0,0.5267158096409922,car,519.0666381204256,0
60,private_salaried,48738.51464135358,18.37340245728257,33.14890215007986,51.12143990456817,71.37604420300158,69.08830173016507,95.15632014243582,2.0539106105942566,car,730.613251760582,0
38,business,68150.67473773107,46.23596446926607,22.152102957791378,60.5281508801679,56.92574546718883,59.76420821483892,40.79187756305958,2.5335961727711913,home,529.5700174811917,0
34,govt_salaried,67773.78755839716,34.5953357599285,60.00459040524278,73.76647121926464,72.66218532921889,64.26130777933525,71.20894604670151,2.3957107626281173,personal,676.7837547845307,0
46,private_salaried,28150.024599214954,29.37129283003214,78.38433370019092,67.1097311616028,25.028223731760942,77.57127147311127,62.857061818673785,9.110307263601975,home,606.756667976454,0
38,self_employed,26273.32293634149,35.98133721825177,40.292505973959614,78.10657749466868,27.070640333163993,44.466505075622194,63.6159945299993,2.3731028724250898,personal,611.3432772831087,0
54,private_salaried,56840.96502470353,23.115603166132487,28.417397948089928,60.24427641382023,49.61973119565043,69.19480851863018,78.0633390920014,0.3800920912404092,home,776.0412337243522,0
60,self_employed,63448.73148637647,71.52770049377312,49.89194686803047,53.68615474854331,73.60734205205652,72.42654547565901,62.58553273415031,4.601802759752156,car,655.3893059305386,0
22,private_salaried,51026.60786372968,27.57156574819304,23.975348823417423,68.07675863453116,16.587446443775356,79.80933742386489,63.99634289540276,1.1401304145011872,home,654.5751824583341,0
23,govt_salaried,59950.990721484275,42.685359979418145,33.219452579588705,84.95750397861414,28.860676314126934,72.56924829950302,85.9372966078838,3.1047090542767943,home,541.4141571509485,0
34,private_salaried,19877.128615164696,1.114926464340357,30.24082199429752,98.49641802845049,63.877003382643316,78.91147408144226,71.0802998540349,1.3283207616999857,car,667.280974111899,0
42,self_employed,68746.9327139782,16.728360590647394,32.43174621073244,51.486827679089686,77.00800499186784,74.77638508104606,99.79532464432823,0.7782266283370475,car,737.9685373958079,0
58,private_salaried,62017.56522388823,29.9894884667799,16.08114389573086,100.0,51.46553161722589,76.34173953636599,78.6613332371672,0.3250340551065516,car,900.0,0
64,private_salaried,48501.90805208663,41.60208748268747,24.34099083525452,66.48622071189664,92.20581793744495,50.2204498077608,78.24859691255296,9.030977113157931,car,589.2147217303652,0
22,business,44457.65186478041,27.47736152250577,16.912611858439394,74.50422473560845,69.59934712639154,72.39201284287985,68.35279591635677,2.9107902538593446,home,688.2134667791165,0
62,govt_salaried,40396.82486966367,64.74251952371866,35.490642911924326,92.62083638202944,54.778639780272684,84.94536179315385,27.986999610804226,0.7342741427677502,car,607.2176279647864,0
44,private_salaried,72045.72021405007,43.39197830109362,58.186898232885724,86.96796456393544,32.38113456737883,82.80009106868775,71.98611911493636,1.627715435016661,education,775.5397177375452,0
46,private_salaried,62221.84979001465,50.683150375780244,23.292239771528816,80.20158703630115,76.50422257505137,100.0,82.41713179265773,0.44500920306182246,car,666.4101339562363,0
48,private_salaried,69694.60419974038,29.32747612613033,89.31537874240834,80.05939868123518,72.74672469494573,52.43349807575587,95.2920084566345,0.5205107220634274,home,646.7661132282971,0
22,private_salaried,82424.9339556508,50.32503535995628,29.633230917437526,79.89453468302521,0.0,69.49974121314766,49.13706235484881,8.128813576058906,home,671.5960307211026,0
26,govt_salaried,42792.74202377865,48.26795525731484,0.0,73.972614089982,52.52293441415869,55.84385872563642,51.73588225937766,1.4766055767101551,education,782.2612498615755,0
60,self_employed,43725.79555537513,21.13722516925535,14.912789246705707,69.36956597271784,86.39614183060495,75.55340944549518,66.92294854124344,0.1,education,698.3232777783727,0
53,private_salaried,63599.0427085746,50.21438428877684,47.44399912338248,63.42919834760537,90.67047998453884,70.8232088220569,56.989824079022284,3.2595856581307987,personal,900.0,0
56,private_salaried,44972.382253111355,15.66068560351934,16.7876182442364,44.903901582179465,34.337420462756455,94.4771286506105,92.82973034451538,3.7842218362399045,education,768.3184265955489,0
46,private_salaried,67663.52847166511,23.33534206449051,54.60751364386114,36.2286169795646,66.81228453663947,40.075369515086194,59.53401174268984,1.2215539692313502,car,594.9548080038768,0
32,private_salaried,105515.48645490296,39.630924912963586,34.47222092551938,90.25033161079052,48.94841393263208,60.80682246804993,85.31505880155565,0.6258483979391825,education,528.0080745135917,0
37,self_employed,50687.93941973039,25.602293660031357,15.5499656330221,37.0255654731701,63.47914137828784,0.0,95.96689552324537,9.293612646054786,education,773.8419312249051,0
27,govt_salaried,58945.115706707074,64.29209671054674,39.15717383570561,70.90104185296678,29.866392981027936,47.01604513386087,71.91597744079655,3.8542680461320753,car,663.6440220059033,0
52,business,55050.587870710304,11.30748030931315,38.78654249743057,67.5959669946549,72.93285181110011,65.10422188721492,78.29476658629068,6.158260442707469,personal,900.0,0
32,private_salaried,31113.417719063676,15.43559497492549,74.24948319661635,76.67575008811893,76.8541466825908,75.22373780459606,89.44081541790452,1.4812600347276432,home,572.4643734680493,0
60,self_employed,16950.03581640961,23.859813480575394,46.93108372820181,60.58465275210074,48.387533213718704,56.86896301609457,89.47790902435081,12.273268278575634,car,691.1163877227236,0
49,govt_salaried,42631.75132849086,47.99367986750131,37.8851617393512,95.14894798686122,70.441459464336,0.0,91.44430785881363,6.930854529318183,education,470.60889576227703,0
36,self_employed,50469.9072429961,15.753428205530259,61.54453672277718,89.92970377858536,44.96104953870137,100.0,77.39624840756852,3.0275530729988858,car,814.6804499768257,0
41,business,29705.144179551757,25.2005743157113,50.007108642725896,55.21053201772642,63.93072102026637,100.0,63.87085040085738,0.7052810739981918,car,841.6898374293082,0
27,self_employed,22085.801020811698,16.899726713386116,38.201099242665556,58.88182190940407,71.44931345655378,98.51850253366706,50.34660211952058,0.43435897207781987,education,542.5926128289715,0
62,govt_salaried,55361.544303576185,39.55594263416812,50.13507827239842,73.67413295981882,56.73052557442908,66.80743113341667,72.57481153024354,0.23661271003920817,education,620.5018470532455,0
43,govt_salaried,51865.48333387413,19.443463947441916,0.0,88.29402555466307,36.124872207725396,14.030302121510623,72.36286071110527,1.1832778886472786,home,630.4835525147248,0
33,private_salaried,112775.90467719577,12.03110306469696,71.5384872362147,92.21202249120016,97.77421405379657,64.54495493228286,100.0,0.14241113057655844,home,437.439433121113,0
26,self_employed,51887.07978017892,26.814836546463432,45.105724598640435,100.0,41.384320198262785,80.15401682600405,74.01206370662233,4.402547933324026,personal,603.9415338461095,0
40,private_salaried,50308.80753460157,32.79889433445149,5.19388629710901,68.64575810989956,46.09703997492166,100.0,100.0,4.6603557141582534,education,735.9062928946548,0
28,business,30675.980125522296,21.600460855293626,53.79133527784619,41.329399940534486,68.9545268930148,58.710484057056505,81.19127213460195,0.7635692662824514,personal,768.5966872748845,0
64,business,67540.28443335372,32.12197378923405,1.251992805657025,77.73472728154034,0.0,34.542580037982816,76.71735503911323,1.149849512487733,education,667.4292986718667,0
28,private_salaried,95081.30564962016,33.29977770049456,84.30539561683739,48.1297876872994,57.42989692473278,68.2133426510024,94.93809067804165,0.7004520029044131,education,544.1802875336782,0
48,business,52712.21937851502,36.815887535882204,84.95233910394454,97.75452612137406,85.7866474943244,99.27313070843344,73.46350650103886,1.6896015321487279,car,587.0502878333511,1
58,private_salaried,74244.80765698578,58.88890441757209,0.0,100.0,73.45380315863638,90.4083208821697,77.46800152180033,0.3782422855432689,car,722.0606664733166,0
28,private_salaried,29536.77097998827,18.082044776444686,45.52590508773297,75.85499025061169,71.25629220458211,83.912771107179,96.87153285918508,0.9047159783932801,personal,622.4456562800644,0
64,business,45466.59215851648,26.02640950045213,11.25602894819309,100.0,66.96247620037619,39.6229170029735,67.49322818590078,0.3967197795974515,personal,802.4586161232908,0
39,business,28215.972099657054,40.35153185509223,48.16300766366836,66.08634200372813,40.01153536478789,74.21174234228003,47.503093471502446,1.2723555285042731,education,449.82345533513745,0
42,govt_salaried,42193.56782195162,49.896803489025025,31.864264557451556,70.92120164283054,53.682104262054295,45.89067117810049,61.202399052169,2.4182748949426163,home,800.4099957632939,0
26,private_salaried,54461.52963599971,4.149778028006082,28.501273235271732,5.621671748654421,73.80771134944264,41.657456729110706,48.803091546675475,1.4767858419815414,home,606.4702334067958,0
47,govt_salaried,53405.435038186544,38.2059422833952,23.091313435675353,71.72804824623799,40.06059914315962,80.19256593009442,70.62933082682602,3.1397296409970448,car,724.721816109,0
50,govt_salaried,132985.87009318752,27.416729745530876,39.25437678605839,54.253915855592524,98.0139238850536,47.42248223412896,77.90756323447019,0.31215954547898755,education,517.9568961425871,0
29,business,28292.378843948467,36.194004284447615,18.448660260247006,91.68872544623427,100.0,38.42958230019653,98.01470696446914,5.495406082528804,personal,796.6814661100182,0
47,business,28498.982491397648,27.707337570694314,49.01749549976868,64.46989313101173,79.94362122546558,47.78822749720669,100.0,0.26709652029710584,home,740.8666201548834,0
54,private_salaried,80300.3091462543,37.724419312203736,57.4885146627312,62.962708311979014,24.27669546450535,66.0320755955096,85.46675230196105,0.523497736028186,education,580.0091911183162,0
29,business,38575.22282737666,41.33803137282551,24.75723936728984,81.6358897769898,59.44309350034029,56.45223962624645,42.08831544865606,0.8736402022617479,education,762.3644808566183,0
54,govt_salaried,67089.2842594142,50.71583804111239,90.9315858267374,71.20890698670632,51.53554266781581,90.61105486155705,92.5237736455833,5.151807696119421,home,715.3545355194226,1
42,govt_salaried,39629.95530966766,0.7933655398146442,0.0,71.97654430782968,86.695404538029,86.1502079924033,38.21052907236523,2.603800482635909,car,666.5171619991305,0
36,private_salaried,35873.656525999846,49.603836323398454,35.76963140283995,100.0,63.72102379936528,54.61619382906257,56.910570697770495,1.4962688647961344,car,677.9238217744783,0
28,govt_salaried,40659.10574626679,35.019344216702606,49.21381687043017,90.31379101670893,56.28627668796583,30.103976824805102,76.92887247122256,2.829834589210244,education,794.8089622931939,0
47,self_employed,132756.58421142306,19.651553445534418,32.74850616752546,100.0,24.286962907833633,57.945348955382116,79.70928620315296,3.3981619105675254,home,713.9223524473703,0
29,private_salaried,164381.49189915773,24.523384647143907,28.676978312380953,49.08679169423648,86.03677561511077,68.41674307972727,75.90591992608003,6.790948225509621,home,621.55444391147,0
25,self_employed,15814.75361620902,7.1827825964123875,41.249341353956396,69.30277024638414,100.0,83.03733283319806,77.95080039615354,3.9320405545293213,personal,455.1989191541559,0
45,private_salaried,29434.377638057093,41.0813550858754,44.095878121004084,100.0,49.83350368911449,35.043699207101355,64.52131925936341,1.3880523361513255,home,820.443135131992,0
41,private_salaried,71269.08731355457,30.128084354792176,26.477309802327902,64.59765480469244,41.46882185456052,81.11128187414849,97.10116088094965,0.6298875372121724,home,740.4301191627192,0
32,govt_salaried,69616.32593484357,14.920604196234102,11.420550346974462,62.7578942738506,77.37900762755328,59.26733619561919,83.938331055328,0.539514460621875,education,700.4406039261767,0
39,business,36582.816053045884,27.912257539635092,50.94945890233261,62.53538508086399,33.20386554911376,82.05600160897163,64.41435380462858,1.6356772757780553,education,726.3174049454251,0
26,private_salaried,101237.67498434708,45.30871022803501,38.613778053092645,58.556108288626284,60.65068555963903,80.13083324618106,37.93692076733064,0.21216533961508163,home,550.6847945189554,0
63,business,29696.206837451893,13.711966400165807,52.748045481985294,64.34434504052416,70.7611850082079,88.1590853171937,54.6478993123946,10.268049452761945,personal,608.6823868293421,0
37,business,70759.21952203852,43.634341927151674,28.475880192209665,51.82964497972057,67.88490372743347,95.33430487545104,78.20530017032213,3.959393638973214,education,794.9874734877744,0
49,private_salaried,44967.05599106589,47.44794314497741,19.31183561524961,59.14562737254015,78.90780488097691,61.97549741873021,81.32689423859712,3.8466145407789796,car,550.3663963220747,0
30,private_salaried,34683.842923185905,53.20686540138707,17.10857392732573,53.36082843731489,42.539773704458824,68.70799945814323,72.30554539238506,0.3025997679621489,education,574.050273673318,0
29,govt_salaried,46797.69756162911,23.80756944976436,13.931308073125255,85.59137790861985,40.54218507142846,55.01580917940716,63.078880976643724,0.19059706420629333,home,685.0872548028472,0
32,business,31978.244170776223,52.7159601666023,21.245437561052583,77.29269229722058,93.05655809757225,75.485415314767,90.20225459777197,2.0086678947690313,personal,553.4002875085465,0
41,self_employed,33623.77067367973,23.337851246450626,36.187442761187754,100.0,37.027907512270495,54.5354851606337,86.72743899868775,0.7571750108217289,car,721.3328888323605,0
52,govt_salaried,37336.85290306504,28.3477376953768,51.20691803277561,52.92138115126699,75.9584543550035,82.72857436340462,70.58609707942762,1.5864432348765316,personal,876.609126836546,0
39,self_employed,41460.63590681164,39.955388513324195,10.970860453604054,79.76087630547562,34.53231236061903,84.41794683267366,87.75404829181785,4.613019570116316,car,558.7237627691262,0
29,self_employed,56549.61262612393,46.429240124547384,0.0,56.821441684764245,91.77708952761313,49.3327567622752,65.77679379924518,1.526261179871049,education,623.9902289918831,0
56,private_salaried,47978.78738270047,38.33683269199955,25.446133430878632,100.0,34.3439955620662,100.0,66.42963168949488,0.4702172883105037,personal,759.6276739369023,0
56,private_salaried,83207.03760546305,46.593475196714046,29.274852205228093,100.0,74.31665606054045,71.48105582872141,100.0,3.6703414689174267,personal,720.8451835895311,0
29,self_employed,80675.49828182282,47.163797203442236,22.962483137271867,100.0,49.890955728934614,88.43264008035621,75.23052448581059,3.4273125958890933,car,704.7195095475563,0
35,self_employed,72813.36328047453,0.94145952881086,58.825119789090486,78.25014026914,57.225871355840134,100.0,37.29518912544458,0.579938607946336,home,541.8243816797767,0
37,business,31625.574802497504,26.126750220388622,40.942502833517906,98.92650239346068,46.96475571639294,81.2038308758626,100.0,0.521351235217608,education,862.7456195770549,0
34,self_employed,124712.72905388835,41.14157579558274,43.69742184921131,86.54776803474833,33.216101144682554,76.5999390122214,90.47930807721215,0.38537970516566844,car,624.6220244986521,0
36,govt_salaried,52785.34918849481,13.547649108091441,41.68006949359053,53.03934921712663,29.636771774879048,42.578593358803815,40.39190369809096,0.3048334126926321,education,393.53760087824077,0
56,private_salaried,76250.61192822794,38.2522893980474,28.42066919285063,68.48832595390016,56.29614871938071,51.9931263503687,55.34137946126688,4.727191653258536,education,806.2921652735273,0
42,private_salaried,171784.6274880925,43.829321165197705,42.797754421726786,83.69927107679344,58.7293438081334,59.1450674084917,43.751726939384945,0.22243549925206124,car,650.1089695096757,0
21,govt_salaried,33323.65834075785,46.14060268588469,48.55345740186884,68.39470001004193,72.58004278350938,48.87808119375258,62.55367126157712,10.72593090476464,home,491.49886019007033,1
57,self_employed,40488.78581902316,26.06135346598147,54.65014077244423,87.25372835628674,58.71808750391982,88.62237696446589,100.0,3.7595722480083484,education,693.9100134233963,0
60,private_salaried,66919.65844880539,38.77806236321882,22.132318482272673,95.71771142451573,69.768717797666,85.44074813303035,77.60883423977144,0.7734457837654243,education,482.85044228160734,0
54,self_employed,40280.50868778146,52.32312986461717,30.823399874077413,94.04683708652283,40.65112693157376,79.95716126820442,80.78209211048262,0.9962752542844855,education,385.17723970722733,1
56,private_salaried,83260.90564401865,23.452614544762866,4.543825316488448,96.34236491904421,100.0,29.064619096501033,77.74608149190196,6.933188802425505,home,718.2876888587339,0
42,business,99331.29115292149,46.676173982638744,16.591919464804423,60.93076425479544,44.111647125873546,78.87415060054025,65.58371987345487,0.1,personal,732.963594236837,0
38,private_salaried,25763.64595879298,59.74262961139833,44.52800678613569,100.0,32.84266320221223,64.91255359978585,66.05287462632873,4.106604007346714,car,601.52922306783,0
25,private_salaried,38603.700842249105,30.270503985187585,34.81398856708446,78.25544846480015,47.46779832725989,57.222666674615695,77.95464250860869,3.7476435013137794,personal,845.5244794808442,0
61,private_salaried,24605.73315487121,43.59321436222929,14.347090028610996,69.09103978448165,71.92726321982673,64.3639615711049,73.13659844608188,8.196253260499521,home,686.3277544612719,0
44,self_employed,17717.474175208114,37.48424918420723,70.28983749817158,75.97625053566857,9.82498396997103,44.57094942896258,68.02150045761952,1.2476123051655585,personal,554.8438849749285,0
59,self_employed,45440.99903304298,52.06621111895244,29.92693373752333,72.5548920966226,45.691577343366404,30.18387984931119,90.13590179193032,1.680354805912733,personal,653.4395530424638,0
38,private_salaried,37352.8380773491,34.485870720513574,41.318131771132954,84.34723534492309,32.19924618092011,47.60247015903631,68.54911491240391,0.7341843571322525,home,609.0561076539403,0
24,govt_salaried,62358.81275903288,25.724518252458928,41.43058693884199,86.83555071869854,7.427822609387363,100.0,69.1366645451611,4.152201075360983,car,718.8640689183,0
41,private_salaried,34666.00467938746,7.512236200352529,25.854931161284654,64.80587231633532,38.315741634855,62.69076571372844,71.28530743227431,4.195455201267358,personal,709.9689523076788,0
50,govt_salaried,25974.565722905103,35.82840324670686,53.582072179038995,88.8657169961348,17.950853935638932,61.54423989119499,33.93199096979258,4.238004923517045,personal,635.2454659814056,0
47,business,78501.07416279845,28.563487549272057,29.23521688225511,85.76694550370262,21.5497349597019,69.0288369694893,73.06694644190674,2.484481713492853,car,622.1564676595685,0
45,govt_salaried,38222.660393820544,20.181460635698528,13.87621693100975,71.64498921469071,57.01328334265289,48.54689158641717,51.238742324290016,2.003839422618216,education,457.95563666438613,0
42,govt_salaried,29481.05791882674,20.30272814211944,23.045245670074515,91.56355262998404,54.03044535485236,87.83428708729394,86.13823010803863,4.606275909558062,car,531.0072919451422,0
29,private_salaried,51776.09386502804,23.3553361015178,25.537074403887484,54.22229637210402,0.0,53.39554402184902,70.46976918186363,0.6182898784927284,education,610.1233660506052,0
48,private_salaried,79112.59267444181,24.373807212692036,4.329287624456036,100.0,74.98238297060043,81.60737408578936,68.21380999177352,1.6469218903437912,personal,726.8752511950439,0
46,private_salaried,128442.67329191239,42.811325561676355,49.64926255097146,71.00383735126647,50.8605814260103,61.23343944970206,30.79217049480316,0.12019011991075754,home,601.910829462466,0
49,self_employed,57444.525077309765,40.427165584764396,39.865058974505544,63.657002000812675,88.461821415037,91.49418654052575,44.72816027087744,0.39073696688589665,education,407.6245435162622,0
55,govt_salaried,31897.038878856714,56.4058910592549,44.14447530494951,91.38155189584525,88.06744669345689,80.42543845486998,66.69488755521503,0.9972654299744098,personal,648.4815782973664,0
34,private_salaried,105753.33383197003,28.872879458598053,24.3129057059008,86.16878430827407,27.592483879414203,60.195777980800926,74.69135216541073,2.1855809485124933,car,567.0541482562933,0
33,private_salaried,35047.798488209395,37.27280921761507,20.697034525386123,100.0,54.35429127837332,0.0,75.61123305356584,5.3142403816637875,education,597.2414916217855,0
63,business,123971.9269345186,48.217033909193376,65.8579952112616,100.0,40.77354713879774,51.41985068455086,33.64806701292319,1.9483380018066079,education,827.0952366024678,0
25,business,84509.89371153245,34.766058210425705,70.935288218897,87.86418226000409,100.0,69.12510168817465,76.01205323990708,0.9831350734016809,personal,622.8845928147772,0
52,private_salaried,33123.890130888365,28.98318492918373,9.319904842594301,59.26467509376867,55.60617026643896,25.2702776090402,100.0,1.5416727145616003,education,813.0884890142504,0
56,self_employed,25509.786141814013,17.515660101973644,72.1985381900387,60.74655027713992,71.2110431569707,77.05477511203294,63.636281790231294,2.7031285763366784,car,611.5149477117868,0
46,private_salaried,58824.16260993603,57.6735963431037,55.936771485953194,100.0,74.88205162814282,58.88466076801843,43.456603485406916,0.21004867743966507,personal,510.6149114907382,0
49,business,30670.367191673577,61.99889332760418,40.99949016008487,89.86800755843505,53.00704040145877,73.4104735823067,39.770909440344205,0.17905155159171735,car,620.0888655757212,1
43,self_employed,44696.00424767619,40.905099875318925,41.440215625258595,75.03887211020503,71.75303073184034,76.61513387501095,71.6461360656427,1.4244673935719667,personal,831.9620435050444,0
33,self_employed,87723.57216983533,61.69773550384937,56.34482361692913,100.0,61.3192013643026,59.37367058544884,59.241049280925566,2.2358876534965324,car,759.9081254142984,0
53,govt_salaried,74084.84706351932,56.869641725515336,39.75088845546475,72.32007836662041,56.10330514299738,86.33692924589677,85.76763391094205,1.5503093921643305,education,648.0399498758248,0
41,private_salaried,25061.614717574226,27.067341204281405,30.461156429263465,100.0,58.0593125742809,79.39953592359038,80.0909468098647,1.6442396509531867,home,785.1715843773625,0
29,business,53184.52895272838,42.537369534396554,39.736377216579584,82.60952494262038,82.80529081338145,32.006703043903414,83.99932989223552,0.11460615851766996,education,524.515705268652,0
31,private_salaried,54934.00680245872,9.976763860729957,43.874632415959,81.28410215080136,51.81682434686886,59.426743380901556,84.8592195501229,0.16424252421194888,education,624.5266626411693,0
63,business,54357.785285320715,48.86634464531997,52.14297616999224,94.09723900886165,39.83558172793866,78.55494178363104,70.05134331943813,3.626291466372747,education,634.5085616905757,0
55,govt_salaried,35931.91989632863,40.10364472402157,56.372482550371075,77.6801714312637,89.36732312409828,57.151486904899876,59.782868293781114,1.3521464484607504,personal,685.036402966437,0
60,self_employed,47531.55072083316,27.487812535665114,72.53947644486027,100.0,41.42444408375188,67.88655916725513,100.0,4.825035320465052,car,897.4608065948099,0
24,private_salaried,55484.45239049179,23.773727028476692,41.88665672632759,81.00619540485475,24.98633745614714,68.47964357034328,69.5491117772102,3.6283706814996015,education,563.7060912955162,0
21,self_employed,104564.93339516305,20.943009696636985,54.2141990622014,62.013196353466334,61.5548297049264,48.44148279236841,81.17719155349492,2.9777714829083357,personal,778.7253566242598,0
49,self_employed,169028.92917701992,35.934313700688215,48.28079779830368,93.58399720315326,83.54608101710653,47.61874263368175,75.76516790255069,1.1261379032470482,car,618.6903596901055,0
36,self_employed,58953.936641303706,26.3738456709381,15.866208043056496,70.5341927797417,35.153471197333445,77.42556505658422,100.0,2.3416202659253478,car,717.6368604594533,0
50,business,38272.368100945685,35.467947596581695,44.38638793397027,100.0,100.0,41.16951718452155,67.66823724739015,0.16924861036279487,car,579.1484690897746,0
41,self_employed,52374.85950654411,27.649253279413987,14.489642465395033,100.0,77.67189020682396,72.9942180142295,66.68038575373802,0.7604925695262001,car,843.4254409034452,0
37,self_employed,24481.252926270976,38.97539631580475,10.443877526152647,80.37521363987625,88.6033538311926,31.549827057629003,52.00731371082374,0.9099691872078726,education,628.6960325837065,0
58,govt_salaried,22370.493789149477,49.027648200949436,34.154721705855145,69.07937408526864,72.26389010785222,30.163120503992168,65.99586219564625,14.639292528691861,personal,703.7449073166399,0
63,private_salaried,75666.47488475274,48.690074934976074,21.716536107030134,100.0,73.87702541784405,74.76779283416337,80.53180279478096,12.54880017390982,personal,803.5565738516354,0
31,govt_salaried,55370.55715429438,33.627874983566095,23.625823135306298,85.69096493635426,35.11483035517075,68.01397408287278,71.94730126030618,2.6354431353815926,education,696.2217885478179,0
27,business,57201.331845146946,40.575874205560815,24.418405153049164,98.01850684002417,61.26076153907034,50.10370252618235,58.63370691543524,1.5483975851225316,car,723.1623181599643,0
22,business,81272.6841818911,42.23494954734173,11.257329207512214,55.48457950842597,55.11418883375291,52.13916671822124,26.78937425001613,0.30071757400712046,education,560.5968526225905,0
49,govt_salaried,78507.19716376462,45.8114336681873,0.0,59.552690432257705,74.89156761187964,51.64676727078517,45.77218181529365,0.6180337863432002,personal,829.8797162958458,0
27,private_salaried,62373.1403077107,40.62301363616145,9.730035817553674,76.89571892082556,22.51287132576789,88.40182664063305,94.6239436205839,0.931385780456563,education,615.4791797920606,0
32,private_salaried,78819.09443478695,34.96005404332719,33.196325752789605,77.54574977428514,86.38476198579113,24.782483604961456,100.0,1.2564776752893734,home,758.1665033272579,0
28,self_employed,45144.389071930396,48.78523280419112,9.790280137068361,83.35048436252059,69.04541793825199,87.92099815132336,84.15664257068715,0.4320537812897034,education,674.5381621508142,0
33,business,55847.7441444547,61.151448693903866,54.973501403667385,80.09000711855293,75.37343206733232,80.0610522472663,50.14045007995167,3.6730029690724915,home,695.9315017911042,0
37,govt_salaried,26638.79578664263,32.41992272748205,21.905700671862373,74.98401781130082,42.25843588945666,64.28040022519843,82.05031120578398,0.29639753795472745,personal,535.032944475309,0
62,private_salaried,45184.421959674546,29.681307712258256,58.16021893590833,83.80207448386174,36.01549454100381,88.25529470762163,77.58177713683574,3.553568499950595,home,635.6037835694079,0
64,self_employed,34897.82107866117,16.546852931694914,45.84768692584751,89.06433491021265,32.69498854865927,62.46899310283068,33.95736781046957,3.761785228367633,home,597.312025792569,0
62,govt_salaried,55561.68428405132,57.533089271955276,23.36584882815018,61.336088018637774,81.10932333368235,51.036999004809594,52.18369936445089,3.6139798007143438,education,512.5184235175,0
54,private_salaried,27263.465718189655,16.932145138431814,27.49755007238258,100.0,9.595745744908811,99.00441647799185,55.77358534249597,0.37572536821915115,home,579.3143655958328,0
47,govt_salaried,71704.95510105974,39.00568205351747,0.0,71.77121454178823,66.73285286363377,63.301260502358296,64.21174687138448,4.248738730844797,car,769.0369993689943,0
49,business,63166.16326451259,48.73099521905687,7.397221200311186,84.8615074935709,33.723933046387145,90.65439014614378,50.71664406389715,0.877989632383376,personal,645.8043116066457,0
39,self_employed,73934.79170176187,42.09547662982373,0.0,91.6057990242979,67.22206769209994,78.09927832745711,70.78517458611766,1.0902519754270128,car,601.0953878297898,0
62,private_salaried,66888.84147635031,61.323320888264774,37.12759882654926,70.46545175374149,57.33329124338167,11.595518977571615,62.5167071204,0.5241577824831074,personal,722.9257213003622,0
43,private_salaried,81945.79873331712,33.86979059144458,52.209966031228944,45.844472120494764,63.66179805305099,88.02518009466795,53.65309598198001,1.0503485248725055,home,635.4138457381318,0
32,self_employed,48533.57507603327,15.090782446792332,48.337665160747385,70.10004135304753,0.0,80.56424964743486,93.27231618950373,4.139272611119835,education,810.7166940673267,0
62,self_employed,43015.40993410793,28.844222851829397,45.357290559799864,56.14418543584367,15.224139636588134,79.49139166756679,63.095863163636714,1.7910916987155083,home,629.788110524489,0
21,private_salaried,28264.43107222629,42.25024170097863,59.950742919646416,64.99041384785157,100.0,72.53155954458136,75.16349155332013,7.305223206280521,personal,728.602181823364,1
21,private_salaried,26221.704549224156,29.754636316292167,16.916063852028497,73.74105161362134,63.27072412916696,73.55900514210072,53.83057423997175,4.151061134543726,education,639.8004609033106,0
28,private_salaried,63523.559707739194,25.05011126583549,32.220205977842,92.29515322659216,47.81651025703063,90.00608528264048,54.01040402691557,4.290280472879575,home,306.9797772527567,0
45,self_employed,73011.86073530871,50.314496191359936,51.814025402282184,63.293808084145844,43.774559896491205,60.17569224263774,100.0,3.6168106631124046,education,537.6621323765146,0
23,private_salaried,27945.585586822082,20.97953683143042,49.92276021652273,84.40869944761423,60.2464001618298,100.0,100.0,0.11463609666224646,home,537.075625300294,0
33,private_salaried,47545.24852912237,29.766897660741137,65.1660558271928,95.98132042022499,49.74179548144993,63.53704437945479,46.6391228630184,2.246638135929517,education,593.5083969636305,0
64,private_salaried,121277.73067885535,44.31989777822254,41.58236868128309,58.914842719100676,100.0,50.391332658745604,70.58553478241036,2.2374899667155677,home,658.1030050082146,0
50,govt_salaried,70242.74557049593,38.90430900788016,9.654037937609221,61.44164641501696,22.967898322576417,88.13840779972219,55.86713697636523,8.956513445995553,education,564.2443604774819,0
50,self_employed,65695.30677950603,17.432749909613257,43.26827394196306,47.35430227903039,64.98121578510892,90.20446165641516,48.079766393328434,0.1,personal,478.8951519153084,0
34,private_salaried,34902.60243576589,48.718934760411614,56.346871991607536,100.0,99.56111652991267,46.582595370167745,94.7685233098146,1.4955695221871947,education,726.2215832563372,0
40,private_salaried,59500.444313684304,26.703634409202074,41.828146268527824,60.671573013117815,77.61812773101866,89.94187656678125,70.98014257837633,5.683465469436177,home,811.0971712123117,0
38,private_salaried,47642.45302420923,54.87159644249766,15.865501251205362,82.50245052747547,23.11699391336812,28.356853323301117,76.12822634282338,0.8935932280013441,car,642.4359396512804,0
60,self_employed,30133.84526701753,33.776763316676046,88.68853564991471,90.63251454359747,66.55131587248367,54.50895967429702,62.30834099119473,1.9009339199231798,personal,471.9827328188712,0
61,self_employed,88700.32018722854,32.11200736932057,70.98223078984026,72.40689779299979,12.710397406562812,34.45987092185176,66.16580382743315,5.509439603025884,education,622.6048939983812,0
24,private_salaried,93079.55172085838,64.37393178422795,42.030700285448646,100.0,37.677437047535875,69.31883649467474,48.78361710928229,1.243871735501483,home,718.8000889695531,0
51,private_salaried,32703.275841252966,29.64446726326625,40.3921149598154,48.790365620404415,100.0,75.01171279065662,86.79514621508329,0.5401572591160054,personal,821.2202648276759,0
33,business,52547.24361445529,49.470065260107845,16.5509718725815,78.61794110593529,4.239777584778899,77.47955571602716,81.10904247393674,0.9647107244533316,education,428.04555069213114,0
52,private_salaried,48734.64837766444,34.31542150004379,35.30260840259443,75.01127325256186,80.56210967214943,32.476710343756665,100.0,1.4697550254032583,education,754.9856337205458,0
27,self_employed,106533.81124235946,27.244819973594666,45.60797132885294,57.39827990838706,80.38885231123535,44.117898918200765,64.92241441123231,0.31775572893512216,home,574.3270227243141,0
62,business,21198.90674762206,23.059105455645216,19.92400725853098,74.22907869734365,89.60995352367968,58.71271557045088,84.21681431942551,0.35650884708656927,car,723.9881145163824,0
29,business,80859.26423384233,73.84975432862745,35.82675521782888,99.13392304591372,81.02578447899245,56.219247229953304,60.81496206486997,0.1,personal,491.78751570663974,0
41,private_salaried,54458.7820059237,46.383328445814044,46.44110532450904,70.48153280202948,54.86903634020669,40.916454604640904,71.69157151179017,2.067099446532418,education,708.4962462814315,0
45,govt_salaried,56389.76762812776,32.92957399581454,74.42551184502275,65.70872982087593,36.824069020463526,47.36576705921415,100.0,8.076177037335132,personal,667.690280809231,0
54,private_salaried,31514.570581509746,4.969956142280353,36.17661910613597,43.82521546922116,68.73404424697623,81.7247563794781,57.947940740736314,5.439348677756801,home,751.7280357604086,0
31,private_salaried,24190.97562408776,21.415171434186192,1.7676829501072078,84.53161257801682,0.0,44.9501981577464,70.23947046792391,3.3950741488343423,personal,520.6378610966697,0
34,business,19829.249201882867,71.05793407315244,56.90793511953315,97.97342196291288,20.295074523340247,63.03878308314421,64.31540034274575,0.3903829975354958,education,700.2951172817311,0
57,govt_salaried,30838.683552477374,60.242757193363715,24.28523074539474,61.92487380827764,53.37429266917621,65.63849034497855,24.951790317024738,4.166967781269927,home,666.9186117940911,0
53,private_salaried,30889.049490934252,48.02065294354155,23.432277688835264,54.656044801190966,46.89245310014319,75.96165064481576,46.0796784180762,0.2702506559521688,personal,698.0988191245629,1
50,private_salaried,69287.3824617457,60.31909234254958,20.490197690768934,83.41782662978275,16.756086800785845,43.54880337056373,81.25115104939186,1.7474290136583286,personal,641.5518977526224,0
23,self_employed,67672.97614660827,43.89445126872682,34.97309490253294,100.0,79.05807272011864,57.648479961314926,85.14779354538537,1.0652644318329283,home,830.9738548614534,0
23,self_employed,68238.33710749066,52.54437631857098,45.964464749706465,58.776433007949194,96.53203223578763,75.32294619226504,81.73594154058908,2.465612599829422,home,656.7051013862753,0
58,private_salaried,104434.22408270053,38.12697611902098,53.086918084508454,78.11087614103874,28.721908898483875,63.278100896792736,41.898603717194675,0.631097894733607,education,900.0,0
35,private_salaried,28517.735177613424,28.13469813052268,31.98102406234441,89.51819178376763,33.05535305807369,48.531942164763834,76.81129332081608,9.140748803928114,car,657.3253806954008,0
58,private_salaried,28828.68521872251,23.989074542728403,35.66945697326701,72.81595469741761,58.631046549426216,82.60412393260282,59.46544331824821,0.5709182363005852,home,639.266728018047,0
49,business,55945.579976235116,49.07116034606368,41.98683758445707,53.088637856086734,78.14876062759456,86.82736805091417,67.05900708728122,0.4091858262399921,home,687.066425088169,0
48,private_salaried,18690.79863434922,56.63862136800884,33.52034669458156,58.65281693000482,48.96259629070981,78.28788989296088,99.06126941676149,1.630732953587008,home,788.2946790445815,0
27,self_employed,18197.024105066306,34.035168350575184,41.13246076694575,70.39041797897431,77.26630671122085,53.711522270066794,90.74806959822256,2.893747147247363,personal,583.4430303952616,0
56,self_employed,60544.58167184376,39.19073169784,38.90431020031541,85.46317022590945,36.18797535763971,52.38021916318017,79.25181045353908,6.00831496024687,home,563.0901784872552,0
53,private_salaried,95095.97027905798,44.18158673213867,50.31478748861069,93.50932830888343,50.38302478599516,47.18905843016537,80.41534522758668,2.8566291407150834,education,777.960971161346,0
46,business,44614.18897112537,18.506439065099414,12.075784974618436,67.3403376461553,29.44693315682297,81.14745466405033,38.538373122972644,0.10396385702312994,personal,714.0508815182723,0
46,self_employed,33325.32458607847,54.312090145399736,13.929643249179172,92.24329749563395,69.88622723135292,28.673542588161595,48.79228130509661,2.8430011129353656,education,758.4250314838616,0
50,business,49880.08802315489,31.634911407241987,0.0,56.9449336136735,37.46422573466714,28.819054059440496,52.73963111335874,3.8678832181168668,education,512.6923939186858,0
30,business,21107.715407108448,59.937659337117104,51.781007772877075,100.0,82.66263288305538,100.0,78.37428781026209,1.1174205813630498,personal,556.831391771787,0
30,self_employed,46336.471760132605,26.632459566907258,44.84224864764202,51.13813361695648,46.185550320612066,51.331343827532194,69.49629699436434,1.9231125730122884,education,591.8200175580629,0
23,private_salaried,64886.39312207344,47.37715989005318,44.78074193710236,100.0,37.52755546685623,96.22780568950384,66.78394562784857,0.47608715710454097,personal,553.9937869869439,0
63,govt_salaried,33072.23534077807,31.721509771650805,54.43980186815244,91.5360016210303,47.26522886024118,73.83861341476815,100.0,0.9905034115949213,personal,674.0222479079604,0
62,private_salaried,26894.555697413936,64.37945179461559,29.202281860505494,88.55657310492242,59.91950458612158,55.087956352355164,59.24087969085167,1.5459333469695455,personal,484.0250002744175,0
24,business,62968.59215903693,30.32839175995272,10.197619652006892,83.05322911692393,57.69523029478077,94.49751925263229,40.844883698375085,0.9993948366425677,education,799.4414020359661,0
60,private_salaried,29887.466828596294,46.20220421502786,53.93971463265138,90.41744718252625,57.47932777939999,60.412328991101255,66.34095199184691,0.3070231748945387,personal,680.7066238098541,0
36,govt_salaried,60404.833594295844,35.115885861207076,21.08255097824575,99.67710742193854,73.75739205972764,64.31084130700532,38.72111554231291,0.35923195925343854,car,529.7990453385598,0
50,business,31999.636544233726,36.69126287567362,52.32438942521589,100.0,59.29296990346418,62.514707822218945,65.52336779768363,0.2482612623739895,education,562.5561844055972,0
44,private_salaried,110717.99567948193,13.404646226460045,0.0,55.97388636689399,74.79020605285669,72.00283216461649,88.8146792071746,7.02988365822041,home,627.349672817994,0
32,self_employed,77356.34514838026,34.939726048283354,25.160428922252994,66.77166769880313,69.29360862226451,46.05677257501715,43.046084826866476,1.0300823601017974,personal,562.0886857446623,0
24,private_salaried,53320.55914167728,33.08640045198683,49.11863260469254,80.96612195200387,61.5198053209122,44.77966599512081,61.42469090260536,4.004277290300169,education,654.3336108099531,0
23,self_employed,26462.025188794647,44.37892941172321,25.409047702896885,41.37076858896451,45.34141480978455,85.22296818434879,65.40523191004844,1.405551584845937,personal,661.4095425820509,0
24,self_employed,76964.91522688378,36.93354633539304,19.947447083943388,42.755820258976826,81.3246133996072,55.22741295198945,51.37288199157443,1.7105268532696385,car,695.6855552146504,0
55,self_employed,127210.04294706631,51.11938012522772,43.96457427955022,48.029744605128684,0.0,62.39178835189339,55.71036990114615,7.197819110607576,education,568.6731351905764,0
51,self_employed,30671.222550365674,63.12494668903627,38.562192494082225,73.91715665745775,68.09755016363505,100.0,69.06512531672271,1.221138291159463,car,561.3862247992818,0
47,private_salaried,37163.54134665207,11.890385463341833,37.50813565882544,95.35634572948825,86.06290309518333,41.1106950131217,92.25512602154839,1.2404882221699693,car,897.072661435793,0
30,govt_salaried,41534.116478758806,70.8523421409723,29.879988254049785,70.85855937962026,27.111015703605407,72.70190994497321,87.6744680564308,3.797779712056543,personal,636.2508400831239,0
54,private_salaried,26958.443278816023,37.69069753057677,61.19510299205709,72.9602834919799,19.32914763758737,65.89916392960293,99.80719963057969,0.36254252143109034,car,589.2158608593967,0
28,self_employed,81285.58209900222,41.64489059174286,48.38995114110003,89.71197990633647,47.67678412302454,52.579818932222466,100.0,0.17694924200590828,home,615.1473090409803,0
63,govt_salaried,35555.171473201815,41.59120275678921,27.875454838155797,75.3039459269732,19.168752594320353,93.0885767823177,55.250199967716746,0.7742529621687522,home,678.2147037448495,1
51,private_salaried,60742.29697829286,45.93022188120912,28.648393782896186,82.32062804484107,43.79294528661121,91.32155514225482,62.82039612406961,5.18447085489484,car,389.19565527146705,0
28,private_salaried,49192.994300458944,41.314992831861666,0.0,80.73531573227419,62.389914328430564,53.59608126727523,75.97164536138014,1.2949267065950822,car,679.8905525814891,0
58,self_employed,56628.77852358989,28.469374535982936,3.1268523648193813,69.75993917535536,55.87376450431254,94.98744139238055,67.5042614175691,2.6571374005057495,car,720.9790328603732,0
21,self_employed,37644.46500030702,43.794269699181044,33.19298168904342,85.90436088618821,96.039547627427,57.77905222225401,30.2929579331214,0.5270990941709165,car,643.6097196707735,0
35,business,46528.876640854505,19.88721056831372,32.784896589261145,100.0,100.0,72.22445375082923,51.97227139277378,0.9497231119520587,car,761.6959292948367,0
41,private_salaried,21878.99185928995,56.23030552699146,39.92558468777401,71.80018145021347,19.732971491932787,68.45609898031805,90.97930635037417,3.55256397473126,car,720.983822142923,0
50,private_salaried,40496.84912825342,19.935851883469738,44.55989238092115,54.55804738130276,45.65727757245274,91.76177566448754,53.123426319164494,1.0206724576247064,education,681.3583183675006,0
43,self_employed,41331.20544257834,14.37137138979778,50.96926873895853,78.7821664695036,58.240108848545276,66.62320945799554,77.74560518396785,1.818453858226041,personal,469.8360873709937,0
52,self_employed,114595.38199248456,66.80830562953628,62.27203330307056,74.91460318915236,53.297568753353985,57.76414175029055,86.20405966600362,1.471436600669084,home,559.8441152777017,0
43,private_salaried,79084.88631763095,33.93611268668757,16.16802323302931,85.3474865856756,55.03758291011463,86.01010962533444,72.66673417859991,0.5296612273430511,home,477.5374770561733,0
35,private_salaried,135541.2267996751,52.29126336632396,3.817944513246726,66.29968351860285,54.99425753226417,86.34887169423533,80.89378464582774,3.4531147438876832,home,650.4028176262862,0
59,business,19584.564608659563,49.22800424057047,21.295423971305222,70.66984410757743,45.92462455132887,75.44470848771438,73.17960579753709,1.659332753935764,car,622.5031982768556,0
52,private_salaried,66626.78412180784,52.51170824957019,52.81854157479057,63.04406275889276,64.18515318786928,66.69752017734893,66.12505961463444,0.1,home,722.5329605469651,0
26,self_employed,30747.488849760495,12.605642943984606,56.094034157803236,91.45658177222384,41.13807332906208,49.84125539983942,95.36415043161377,2.4272163154481965,home,766.8344676537083,0
28,private_salaried,56547.18440350126,26.480955018302517,39.374407936886485,100.0,76.86686390191184,45.691511512655666,46.5188990705485,2.2620415626425983,personal,685.135282091815,0
42,self_employed,36479.096676102425,29.500635690894764,50.68106155932451,60.95580014051798,35.227685528429134,46.02511380218597,66.93693413159896,1.7774015105667638,personal,771.2887684925673,0
47,govt_salaried,32893.78505963284,28.222066687591173,39.50726546106261,72.75169993886448,39.42111630139798,94.11237348263955,79.60577833871653,0.18401186515439744,personal,642.7889986808374,0
34,private_salaried,35881.594100249684,30.19505699280085,29.900923713590828,38.33158544079653,77.37457806724287,35.62236585041236,57.366496418463655,3.201700603908248,car,646.6342879131493,0
22,private_salaried,44968.34964358685,22.47459917860685,21.084856373108245,64.32714226933277,80.4218750047138,54.027530041701326,82.16971354546254,1.0996195830727096,personal,618.028268669463,0
41,private_salaried,130967.19029825533,34.02167194728352,0.0,50.60950366731653,53.92271483963165,63.40873254792816,53.74155563001402,2.5594281690018206,education,527.448825938243,0
61,private_salaried,50566.86389238886,28.76706770890605,23.971782562021104,69.97381848437469,57.88420310094307,61.575965187346284,47.44892000029268,3.297270335990043,education,544.5808873282191,0
55,self_employed,53781.60174590489,33.07888096252919,57.118185753535506,86.07554151532128,54.93384236103478,56.382082072988275,70.70829736271448,0.23762710446961782,education,437.55659248414116,1
40,private_salaried,33804.092702612725,47.81486731101006,78.8901948002227,100.0,50.0185265375506,78.5260144550758,95.07199676836487,1.2414330944424927,education,613.741117346288,0
63,govt_salaried,58376.72944205476,30.037203285003407,72.15349850554725,89.74592352037985,51.82350083703154,24.515967777445404,79.71773547195887,9.144083596874339,home,690.5580260133264,0
56,private_salaried,136125.00288048995,55.88131653647277,28.98075539340008,84.17357809360075,68.12009583081615,40.47772522902709,56.892964015583374,1.1108112068448273,car,756.6228173775852,0
43,govt_salaried,44780.807523011325,21.673878994243918,28.578495083700425,36.98890676158497,71.6781382875995,63.49455977487956,41.85250362719982,1.4716729931380494,home,582.1445791746131,0
43,private_salaried,86700.95861514477,39.41300867572922,36.150954396789615,56.779788783501175,62.53808470323776,68.52662354416391,86.02473636639297,0.4302511037510343,home,645.2875202785422,0
50,self_employed,36132.22824713346,31.45318828660334,38.499445629365404,100.0,86.57008433347171,61.29832765266382,100.0,4.216032804228097,education,711.0208837544953,0
61,self_employed,88307.97424355504,49.3476632193084,20.145056638995953,27.07150099444882,77.39791745581516,64.87196127007793,89.24828108340387,2.375841578443462,home,589.7925754878019,1
37,business,107705.3292041586,23.26830867403574,63.4684615569864,59.960464181913395,64.168859666,57.87205045256739,85.95566025142617,2.7686299652436777,education,405.6954372661165,1
29,self_employed,117216.00350373938,42.79293570312541,32.20061131868314,44.94515861276474,99.05253802866304,53.82555587510109,55.29390534987766,4.8617414420380305,home,418.1483280336493,0
64,self_employed,37740.81914361339,42.24942083307383,35.1380056514116,84.27285396558226,47.849170537222314,71.03447730290917,39.565662770048455,0.8118155243768116,home,781.023636500237,0
38,self_employed,41737.75317208062,31.343604426317036,34.20105931907605,100.0,43.14430946031361,51.54246766918816,85.81592090691768,3.224935954443315,car,490.2318372392407,0
25,self_employed,105083.93108329155,20.126264412886158,69.93206744874745,50.00232812006405,100.0,83.5372854651362,56.070527856777865,3.744861932030417,education,649.4301149782609,0
53,business,153122.7096148992,35.84716497334084,37.21006437927949,83.32810449044122,56.860566005873174,92.77212616893041,81.51087548667789,4.117413958057174,car,881.281343948267,0
39,self_employed,28183.80907390739,18.720070675840745,49.00007860766589,68.59563177182964,30.25055734564497,32.90983797747145,60.75502400390403,0.5305617447939988,personal,665.6720799618304,1
50,private_salaried,96130.22164005785,58.74542544053058,35.93107749447527,95.65625910509121,73.0247743876016,53.38362297359241,88.75247811499027,1.131512056715779,personal,846.2149621961066,0
51,business,26147.042864782798,50.34686531386812,67.05551285379563,73.77052779866328,41.63817231676371,86.35958981846393,93.52226539074158,2.8987407948584396,education,546.0638302738641,0
61,govt_salaried,16446.17202177754,14.128147452467704,42.02033842114268,89.25998901565858,72.98336563734702,75.90399561906648,75.67247366943099,0.37948554910923915,personal,900.0,0
38,business,56545.626238689874,63.85536018965391,35.67009212797576,48.47200723107506,85.48399475656852,64.01389474287598,66.80326670031756,2.530218879368993,education,510.4002108818117,0
30,business,104662.78332684793,43.07805831318046,41.93908897543601,100.0,32.33239188678157,43.28587469166134,46.231010959687666,1.2779102008003824,home,704.537447907296,0
62,private_salaried,144161.8496106632,41.41216444261663,64.49897819458053,48.934083963887765,62.30062285135432,75.2543886168167,83.84001333556722,2.7312235412965,car,619.6306223025686,0
50,business,91057.84117407812,36.32185723785486,26.4320681550894,45.29334152186733,7.082724798316335,51.53707671706087,66.9131884323021,0.32621293886197383,personal,438.42309855695726,0
27,govt_salaried,73974.67803280908,16.240988258027954,45.98346793775475,74.46593713702306,11.916354917360259,83.16940564731466,51.28902412050645,1.5273340022183282,education,900.0,0
36,self_employed,39458.18613965334,35.62990418280491,22.157531929863612,84.22182115297487,54.477664882217304,52.47513954627681,79.28676516201982,1.7793699642540204,personal,636.4984067504566,0
44,private_salaried,23466.475562026502,45.593646043032656,5.9536975102437,94.7453129568598,75.27299216216272,47.741478512177075,79.58240875054031,3.832889826250941,car,791.3752457635717,0
33,self_employed,40739.09182478945,55.78949708579228,11.9549809989965,100.0,60.45079782958342,79.24642437189446,62.129863906939875,1.2937430307719797,education,900.0,0
27,self_employed,24467.794290971615,47.52965157994353,29.67032432758794,86.83711056730888,27.42838979859799,37.890262328410344,90.65940412816042,7.13448671764397,education,642.143247880237,0
60,private_salaried,40364.49761116384,0.0,4.853809228397317,90.53870324402804,11.42979539206187,84.12068996499802,75.5004272804623,3.582450910668104,car,673.2212606416988,0
21,private_salaried,35883.01225748317,57.159750576819064,16.16596861895322,69.19122909786668,65.65500182116669,61.020109736166845,41.03706337652426,2.7247787207014635,education,644.2407787094394,0
56,self_employed,32773.161938405974,30.343527846362534,56.19073058715573,98.60826565971493,66.54764778150194,92.75907269447913,77.05420422717685,7.0628028599776,education,654.4278264608087,0
40,govt_salaried,97597.60871057166,37.957329590547914,64.9997902848233,62.16543413684787,48.08523165817914,74.26420818858254,56.1589665196786,1.3551093235263538,personal,495.8827578682133,0
42,business,36056.30335224066,32.957501838907206,33.85282086095203,52.12173917552691,60.1222107714072,60.82126949795409,75.2865583342655,0.13531685218756553,education,583.5638805625263,1
21,govt_salaried,40748.440144453765,0.0,6.379540233348337,92.08224105458035,32.77444945425766,78.08178523704471,81.13256246139858,5.125827261650806,personal,556.662361604943,0
32,private_salaried,28224.709816982668,25.34495630517953,3.837965946967472,79.84363719433628,68.7518922524179,63.780780804687396,100.0,1.554464321105689,personal,670.1162847158704,0
37,private_salaried,79197.03863675914,17.772766944533235,13.883142260762181,74.42685199131677,52.318015309566256,70.9948834854484,95.03253672567706,1.2551430733498963,car,749.2111946575232,0
47,self_employed,68046.37394335726,11.511430696543833,31.343619858888598,37.04242898653278,81.92995004232878,75.68888283763462,66.1345877299529,7.977275479715997,car,677.2747449087867,0
43,private_salaried,30770.759960822164,54.89229714409145,26.731869898731862,63.83732326359968,49.11234014666485,100.0,30.779269493337317,4.530448890992326,home,704.26702189006,0
27,self_employed,39790.94207169708,64.44252792196603,9.222216814909338,86.58433910284126,44.19334417808868,62.20769789189693,64.22160144759997,2.0692434309304626,car,599.8927950706488,0
64,private_salaried,58350.57421952756,12.379192838311752,58.779032237703994,98.0903758768977,68.40352666840887,71.0695742347532,77.75165150997805,0.1,personal,790.2772939257154,0
32,self_employed,21713.007943659388,44.74153857609733,39.27545207375082,100.0,4.373786819502641,52.07100681866808,54.37820514651036,1.6571542957407353,personal,587.0733417421517,0
40,business,26358.627404619623,27.338829333440223,0.0,70.64298613674659,84.4871943846903,24.296485299465743,88.45772237647562,1.4129118807924026,home,502.6097409592834,0
34,private_salaried,44464.50707911673,50.91367946687776,37.422249602662966,100.0,39.52735435390449,48.795654270360075,54.34849155124347,1.9557578153001058,car,706.7527619990094,0
37,govt_salaried,136746.28439118635,35.16812357576513,0.0,47.26346478669751,68.95591854096854,29.45545550724993,79.96102169225357,1.9931031865034343,education,556.403844673265,0
58,private_salaried,21341.446793320767,55.45396327751449,9.463333806478516,58.94422637763757,67.55960456565727,78.63429789736503,100.0,2.235028045976045,home,582.3559141210574,0
49,business,94423.01323125945,63.61396388649796,59.43701976032696,64.90332832235137,72.98643486028509,48.08819857849381,97.87153796861872,3.063803343210111,car,539.5620012041346,0
38,business,112344.92847897863,37.27992653118526,18.306945532533327,88.06779052454053,82.22599088752112,29.93667209404648,53.60298051845946,2.465475222258732,education,515.3983390994321,0
48,business,45696.31597550439,70.56962066021876,35.679760756144276,73.26029332304306,42.31053567778673,100.0,84.41799820422868,0.48791498891217877,personal,525.8614395778538,0
26,private_salaried,55258.828482419274,17.152976267389903,57.60738109019688,98.66455400361448,42.19246633130231,66.07537273184256,57.71989383271929,4.080396151095944,car,574.5722464402567,0
26,business,41334.488318280826,31.227454966629697,30.708741938425614,63.32466410522892,64.24186665388345,22.18598424079005,71.46129818224722,9.651801901410307,personal,859.4456869843822,0
63,private_salaried,128902.13697076628,25.347422650305646,48.74760080607386,59.38464622398206,71.56494979319446,62.033800263974925,76.36116625996134,3.462982254023954,personal,749.8677966702135,0
59,self_employed,33193.93030995907,67.7594352036632,38.64197305103001,83.2414521865948,78.83258342357732,45.80787725382099,100.0,1.7043035266365978,education,690.8058851852282,0
55,private_salaried,33223.69863295124,21.952922415086604,28.248058900220094,25.689859068553076,92.40232932343721,57.20358183976823,66.28467492418132,6.6984175532352275,home,591.3995063983981,0
21,self_employed,61469.50072788176,29.485351889581906,50.267766453598796,67.23931113198493,62.80783732771173,77.57375783962942,75.65853352934006,0.39028920290880653,home,704.2346181522353,0
29,private_salaried,38819.88759693894,24.581280408840197,53.91254369376934,62.805385216180696,79.34122604101216,66.86206817594966,49.14561355805173,7.264525925199249,personal,573.3046591027262,0
30,private_salaried,46419.36045001714,0.0,22.70842705724933,83.35636248999818,100.0,81.45091785878813,88.10764327158219,3.1010910847327406,car,390.98942220663,0
36,private_salaried,60870.02891173254,36.71458220290415,54.595450799289814,94.08685373073955,51.839794450733095,60.10458736238758,78.83588202330898,1.1093675142683552,car,597.171968820411,0
63,private_salaried,26067.78382173939,64.0008596446071,15.934784834050554,72.6436077200359,37.24314176010123,54.63982453916814,86.68234867399993,3.950959574865071,education,776.3549048045418,0
40,private_salaried,46819.21620057347,23.762487897205776,43.62106822096307,99.33912007426491,24.134984055046573,57.89308269341625,64.53956737090972,3.3747801987892845,car,802.9999654791368,0
46,self_employed,38953.87415756312,45.60447694113807,0.0,88.22558660223697,64.14145817170224,66.53849326164666,54.36834358248419,3.1480516183000598,personal,745.2667501602953,0
25,govt_salaried,78553.09078421663,20.240160958623427,21.954623395765605,45.25920026683367,76.00545990041739,65.7259941784481,59.2506075502779,5.192325245174524,home,665.6248197541621,0
35,private_salaried,43242.392182359275,51.26374324991262,47.83600884040131,94.79099741096873,71.58158819593953,45.78455526482582,100.0,2.141988778090505,personal,739.0367782121396,0
54,private_salaried,28534.37815847338,34.410458513344786,22.21838572298045,65.02135074435387,67.97868251809496,27.318123729441787,95.61561113940799,1.0731457955116106,car,630.5300765956189,0
27,private_salaried,37681.676827318865,55.45920549050353,30.568451447140035,67.0408170459733,48.55027675110314,86.65871450955959,58.55826145989323,6.323460291960399,car,662.8064025080948,0
35,self_employed,35112.51541017178,25.008783634075662,26.319140392896216,80.58690571662174,53.69393224337844,65.04887418728282,64.02278121929541,2.7668742146180443,personal,693.6752400609602,0
24,govt_salaried,34712.39697679654,37.9341057176805,32.930594122771765,70.18222348355114,58.57214212896965,70.97179252271127,91.8074950699416,4.07547702640239,home,743.428448639142,0
47,private_salaried,44903.49942891837,33.54713272621219,37.58660958738675,77.85420555029447,52.40104387328556,90.76311327953101,61.15775488168622,2.903405983944012,car,523.8832031962438,0
63,private_salaried,83988.92806081392,46.9994134050178,33.271447877483745,75.87141214570379,70.6580443422145,60.26293757913143,86.75165576030278,0.925545790779671,home,668.206800002521,0
40,private_salaried,23924.071117093958,41.187754010458605,27.483222134132085,100.0,24.532384524711947,85.39331093869058,94.60358898533464,0.23491476922390037,home,562.360095012703,0
33,self_employed,50442.46023630795,0.0,66.81846243024586,67.67562773710152,59.34737674687605,67.12879642646782,57.83268191771916,4.976666422091849,car,661.6445882753916,0
28,self_employed,33846.47025387521,68.54784522572965,51.8274161293827,38.26742001528372,71.090085323723,50.22652244727199,96.24079794498408,0.5274934172751151,personal,849.2832169272422,1
34,business,74974.53611992838,26.211922345483263,28.27189706813614,71.46808815483296,49.65850284841466,91.7314498253158,44.91124122785472,2.3641462123076034,personal,415.4515378276574,0
23,self_employed,95369.48572205074,43.39241894281179,50.885328068895916,100.0,25.446229496638335,27.74479681202606,81.7823508717224,0.8688715404571892,education,829.5307397183511,0
31,self_employed,51201.97567435492,6.512829098777413,31.028289178605366,72.72704501363893,91.68851113510436,50.866444125220475,83.72820787651051,2.7678135783877122,car,557.3885720982655,0
47,private_salaried,17647.372638793262,26.326109708665154,42.522974098456885,54.388763588431615,76.25168155264504,76.75143680877257,55.89210221471772,8.03055367611883,home,743.9840351447817,0
57,private_salaried,60802.73292591136,27.035666047039406,1.5285650434227875,70.97954799862639,24.560835185265496,76.12888959433995,42.36051052463638,3.5643701900636775,car,643.9915398747474,0
40,self_employed,64868.46956352629,32.95460982730002,41.283073253455264,72.57409770978725,49.85967814799762,55.143047800482954,32.219850237768675,1.8623598809335244,personal,660.1366840123643,0
32,govt_salaried,33363.00323502645,29.824811563779733,46.68834175639107,80.49776034268938,46.84870296765733,79.61848807828197,54.455391101992404,0.8468582088559349,personal,540.290945581517,0
41,govt_salaried,136771.19656055278,48.554873344562395,65.07307207338947,72.38917175373602,69.79650533477643,50.2973829810267,68.10655442989562,0.41292563633094925,car,639.8739819891316,0
39,self_employed,85630.36544930437,50.357508443508635,73.65294944533277,85.14906591872614,18.832778894984422,67.57719572463162,60.846652103435,0.1,personal,486.22536390659315,0
44,self_employed,33706.826211724554,12.639824141061482,22.104667053564334,100.0,89.18443583366766,79.58979666064229,82.61544613498562,3.062205967653383,education,567.4855411441773,0
33,private_salaried,64796.75700549701,58.826888234229244,14.671146514532754,73.06890010709886,60.85626688282474,55.370762853459404,66.48247413082859,3.3307095996048175,home,526.572486441308,0
58,business,59246.51781350341,45.691878813186364,41.774498884635996,99.70659221407412,48.37607463901113,83.855809820957,65.51617769556101,0.6689582139925282,education,771.6909868940262,0
31,self_employed,37691.05334414343,49.56702780118931,25.92998372319853,94.79719287359686,25.12388666511873,74.47500228842655,62.6353496035935,0.9443672444089951,car,450.08679585350336,0
35,private_salaried,26476.9048862098,20.44893895919356,27.23780181586185,72.04168576709066,38.25132495485757,72.1472353792154,100.0,0.14675111803764598,education,683.3120515165555,0
23,self_employed,62549.45986756333,39.33376149338454,37.134239110235264,52.27717545423843,39.64245063476701,61.194044273055766,46.18738201323391,3.631098237339116,personal,532.4322800428314,0
53,private_salaried,10192.498740979736,29.884770552678177,33.094073015572484,86.2667917706376,78.65506408844573,16.192203125917914,84.43066190069811,5.644404411912083,personal,767.9099164820993,0
29,self_employed,63756.03893811656,39.278074143502685,34.24673630223043,72.8132051379803,30.318433258354357,65.28673893184164,30.183032747975403,0.7922186618651508,home,684.5491408203599,0
55,self_employed,44292.06854998646,37.25785366340881,59.712007614820166,75.0670318540512,20.714794648711333,70.14277086307385,62.302906122515765,0.9318434709721817,car,374.5810452641488,0
54,self_employed,71043.80551661884,57.025352202189296,36.944041330910125,82.96831015664495,53.74057469639873,34.07020375900528,60.2993054408124,3.3392955728150104,personal,762.3429013415887,0
52,business,61680.24509764373,22.558708339607914,35.0771686006346,64.06694838613119,86.00845511029021,52.02165454400649,100.0,0.780710308495363,car,739.2708954828571,0
50,private_salaried,39289.77606856827,40.66431651563572,35.44926838822524,53.888100096707596,46.01297175901503,74.5105414489628,69.58758116860395,3.2933659579638226,education,532.7731206132302,0
53,private_salaried,15825.854124558105,29.326342035172594,14.618235898632179,54.34874689843444,35.41739886086234,89.90151238211794,68.81540450283556,0.6935443172964124,home,495.0861454682421,0
46,self_employed,56131.443455033084,22.88682374471063,49.803566249655645,62.81499903868107,61.656542910498196,37.51935414754539,64.88026640714246,0.21225401098464228,education,712.0894154381891,0
54,private_salaried,56907.56456993097,31.445139899250936,47.910000103124645,59.29859617920268,76.3731848598701,54.09698719381089,64.52366005160677,1.5001464958884037,car,515.4982481859678,0
35,self_employed,18383.51703079783,25.6392368720181,45.76500641497786,51.07129209620858,80.904741377062,53.984936378944965,62.299383564068776,1.5736089277329466,education,557.0002325866324,0
33,private_salaried,36340.21732685651,23.228156963276206,1.9055898572672305,100.0,59.00110788165229,63.01272723150625,90.56900638432084,0.8533356536857044,personal,728.4437267283959,0
31,private_salaried,114583.88771721335,49.153979350110575,41.97215253957176,89.01755233927935,38.19329080639778,71.22923444050402,100.0,4.11644459098104,personal,659.7496751713498,0
59,self_employed,45781.798052975566,23.234566238479925,5.601149769427071,52.765181625672,47.46774314207295,60.63930269483163,65.79134767590273,1.8436053812733797,education,595.2184739228313,0
59,business,23192.534539157816,32.3406598851387,34.02992522236918,88.70057023204878,25.978115411636306,52.61583380253363,47.23469373817069,0.5064050995170513,car,563.6528614244148,0
42,self_employed,64318.33097632227,27.212375229984122,51.17077990216895,86.83969598724778,65.49459057983827,29.71658438967453,93.79181530341336,1.4538677689312396,home,664.1980337746941,0
50,business,19885.59474284824,33.546067830795856,19.85542869832978,73.75896060725289,47.08555055341322,57.493696148058746,69.74727971183428,3.924164943048398,personal,440.30366681208125,0
28,private_salaried,37774.66942159931,26.851046646868234,38.52794628290065,78.09601051867124,67.3588495963379,37.12191134768098,32.37435230685166,0.45121781519424725,home,644.2871466612778,0
59,govt_salaried,36372.83082524504,63.435649371193264,0.0,89.97896564824535,44.737138560000346,44.82349627681497,66.00213458788286,1.5930199156134979,education,674.8095213838486,0
48,private_salaried,32086.792921716948,32.5971779132943,31.237194329133764,68.69664654450933,56.266722077028845,32.080667867924014,88.14298635331356,4.462551786368706,car,563.7056719172587,0
26,private_salaried,53953.28050673878,4.693154874265272,49.52618236410866,100.0,73.18760533610788,44.31926221271688,61.059887203932135,1.4297178476049324,car,747.5366016691,0
60,private_salaried,106996.74022441145,47.134280260323095,61.494558939155894,95.24718528836557,90.48445023625462,97.51090939067119,42.05056725571926,0.668567297629503,personal,552.2529984020863,0
49,private_salaried,64599.41527801325,27.554555793263884,50.780564801880665,80.77947922849556,62.313463252970195,78.37595187922503,20.935057543536395,5.6383111320871935,home,542.7401271467376,0
21,govt_salaried,45244.92668549322,46.52074166459094,24.669283252129006,56.301002998811825,0.781223512765699,72.39991103570621,46.435709866502634,0.32046469316282905,education,756.0060120690927,0
36,private_salaried,56886.554567131025,51.24887520238492,7.250896391890546,52.817311603154224,45.293608665733956,61.86029354948376,64.59396381891864,0.3991898143762733,home,415.9055945550699,0
31,business,29600.649271057297,29.28799672947345,35.33721280803258,79.86257571625725,51.99887504791266,45.59096237377446,42.303969657003606,0.1128810159869144,education,757.0706973807312,0
42,private_salaried,62265.31019285411,54.01800493328987,17.46192599147654,60.298561234547904,60.16527327316823,77.81089147965486,58.28757830702919,2.2213000801181084,home,728.7065188967194,0
58,business,114155.17482732717,6.82677927116567,27.029752707968164,82.18863519382889,35.155876289980526,89.10204557539669,100.0,6.870855255239907,personal,567.6074578370012,0
25,private_salaried,46303.52329835428,32.21923743024233,25.773821498141313,85.28949993597031,17.187560141846745,50.98546887639226,71.63447006019902,2.4772462255179075,education,578.1507691004678,0
32,private_salaried,32354.13847321776,32.99728486281569,0.0,90.45616206705236,45.291708275759405,41.14357358530284,63.17412683059847,3.403774674782319,home,855.5997703399472,0
49,business,22369.400293424005,38.56021718789895,20.43389458695928,100.0,30.569891944425784,48.307550740648956,81.51591849168818,4.9474312017087865,car,659.6192414096953,0
62,govt_salaried,59127.40246102253,51.74069579301711,49.99012538482073,76.65834779502393,58.54781022133755,86.11401640792641,96.06760544287098,0.7479477254301767,personal,656.1946278103119,0
41,self_employed,92921.5031001484,30.672188959651287,61.135801646639266,67.63315298233006,61.48436677232411,69.74523565527383,100.0,0.75905124534696,personal,738.9196440115327,0
48,govt_salaried,14418.41390102265,40.11955675690009,53.01187173457363,52.406849641355066,97.93847030804685,31.386215074665095,55.1906326866127,1.4244871313497804,home,594.5731971432308,0
35,private_salaried,61204.553245793264,41.61375269382122,23.10119597070023,35.33919985888588,37.42815553338831,46.81244870504787,74.94061021415816,0.9527678423001639,car,580.5648995403419,0
61,private_salaried,64370.78564271533,16.139970153867758,28.52829864797629,77.23127677156323,76.76816675298426,59.2540827375882,46.34539146386184,0.1,personal,774.8247298815478,0
49,private_salaried,24523.077666738864,51.28712146979092,56.37297159253606,88.99107724845172,30.31684245340708,36.394316822664344,87.9714003387562,0.5234702826393769,home,679.4574437876561,0
23,govt_salaried,73517.71640774544,26.38276808025818,4.911106597181821,85.03954503056848,51.387869524785316,93.59359256425748,50.51748388117444,0.45190798115998376,home,571.6096563751245,0
28,private_salaried,50972.066662399884,38.9162956314381,52.14059221087605,96.3764247928696,50.473044091316325,31.72184639318474,64.08345549180032,1.3762207234147499,personal,724.210779598692,0
24,private_salaried,26034.701330283857,68.07498266182628,37.32271560446709,77.7137660985882,27.45402056744546,23.592002176383495,62.81768808062689,2.442343213108711,personal,807.3659135668935,0
38,private_salaried,39178.588212207935,30.587270364112637,54.60102755112776,76.08659565440476,69.74266349010782,39.76135586520462,78.76687496415929,1.638126257762649,car,470.33304314733255,0
50,private_salaried,41932.56782761336,10.73037679620218,29.299754785852194,68.08314509822624,53.57430436569225,100.0,72.84092354305402,1.1456280830106815,education,567.3397164654832,0
36,govt_salaried,53516.1763361234,26.78213956790303,30.26780422571765,65.6863086614116,43.42144676489406,65.41164103397743,18.843525474736367,2.219324973916103,education,818.3093568659216,0
42,private_salaried,79334.43200735546,41.49148884862071,37.82423686839472,82.19258499248653,78.39350265905566,17.51961605627406,45.973730020619314,3.8677182578964997,home,478.8961305870372,0
28,private_salaried,60091.96446227265,40.81891257399765,40.276073552347455,54.791147642637014,56.10306498931101,69.28482090186414,86.05400753000399,5.036043176691429,education,700.155643577954,0
30,self_employed,96304.26811806571,39.601061072551126,42.20328151168019,62.10552870828951,70.16325757476773,64.8420545659383,60.76898219095758,7.133851682329477,home,459.0434328585237,0
36,self_employed,97519.41864991315,35.776905079444745,39.95278663490391,82.97773313614967,68.67123763456863,95.56398832555692,79.328827596959,2.5898863290973875,personal,646.6412989062993,0
47,business,12765.894534262654,31.67011841875061,13.99772184304264,61.91046266411234,38.50054847908518,57.29452044860068,86.1571509261647,1.3480510370530554,education,451.5245314860971,0
51,private_salaried,73096.85004488079,42.788184435384665,25.16380436956746,100.0,40.143847354487605,57.63109773031275,75.7965210264641,0.9312506596037483,home,705.9359645218992,0
53,business,26708.9182246674,45.0795983255318,69.34387685259844,91.66205870574953,24.94937085387179,41.9154353623219,66.2519917992897,4.159952797283558,education,676.68490742028,0
62,govt_salaried,33107.218650360584,27.726438773599433,29.986997857466903,69.5856855196665,92.39113012696012,62.91905984005855,73.06106320179128,0.4292006141060407,education,759.3779962947972,0
54,private_salaried,26117.00354665492,67.80600927152328,57.421642987025685,75.24981493768132,71.24904074271257,44.10047650494616,92.18837639854476,2.200933823623658,home,682.5195298109502,0
42,self_employed,26428.908402238776,27.586692777220037,51.151060289711495,93.65058971693071,58.49675664255123,84.66739266981817,83.7522147082215,0.8223059437080156,education,599.9615245079773,0
49,private_salaried,38816.18318722115,38.19797269872728,34.748447005153196,79.52062198995007,71.58273730210988,100.0,83.04881340853953,0.9713029894797677,home,563.8877413064065,1
50,private_salaried,24289.056863613037,36.45579992127296,24.810504972255927,53.28956493353225,2.4123650872465916,58.01322425242747,34.95231922868299,0.4875110973165573,education,734.7394217942139,0
51,private_salaried,53435.360658736725,30.1918559916864,50.655689604899564,99.03910071115322,63.113149828109485,100.0,68.72372664281896,3.175834569741302,car,864.2376615000386,0
60,govt_salaried,81381.95401391172,24.217180220937863,46.05102481481187,100.0,55.08245301156437,91.13717532608442,78.36308509721833,6.417870042156134,home,466.015863582169,0
39,self_employed,37077.19685794547,58.296272417618724,27.084577034665717,67.3251127379473,61.12912337483255,33.57148227743941,95.44290791287753,1.9763592551870155,car,695.845578149306,0
22,private_salaried,40181.640896235236,19.65912281331817,33.90190361277206,69.2138394438632,100.0,48.89366711971701,59.360353421727936,6.057861252481873,personal,529.7250437745231,0
21,private_salaried,41109.56607859746,28.141904393492513,28.461576039064006,100.0,44.09193192512805,72.94310305184864,84.12210983009004,2.156738991745686,car,610.1423217429563,0
49,business,57378.112591975776,23.615064307917937,45.80479210977994,79.02114829135044,25.828333745472698,40.429118116323714,71.65421865363861,0.6980934085929777,home,615.5363190742236,0
22,private_salaried,38110.44330955161,55.49380549543181,43.01347652296797,73.02809622789026,76.45489565532392,55.172663650516334,63.443124953238886,3.993787036882172,car,517.0357049869323,0
27,business,40142.72253133442,53.63989240177979,50.31400226613854,73.47053857144125,69.92590395874734,53.47246909846079,57.326171996664115,3.064333837138484,car,900.0,0
35,govt_salaried,29863.4106198564,13.828767037866893,20.773205046536333,88.04440151077424,60.661110401833,56.75175205865253,61.133754687813415,2.2940320117646853,car,888.1442126407449,0
46,private_salaried,79908.17836014598,21.01613622779961,22.65222882344533,96.36018342827421,26.456888561399957,73.73653973793519,56.45834629394234,0.46870134055131096,car,758.0740546630032,0
24,business,60029.33822979838,15.720984299002396,38.41064564762215,52.73548767191569,71.92315562212889,84.07475681160902,89.50252285267013,3.6973895739198523,personal,734.1491173914872,0
57,govt_salaried,45738.23370962509,22.133494876259636,58.912976573969225,88.06621892862607,34.49131542531643,33.28281394622783,59.183435550629355,2.9985793781731656,personal,810.1283056513944,0
33,private_salaried,37587.6296517204,31.82970157871438,24.332110582845694,67.31084825020686,59.04928146871115,53.682024154267594,63.42281766930668,1.2957925187901318,personal,790.6275152102185,0
42,private_salaried,122693.47455878354,0.0,0.0,90.34678705555837,60.90430773494506,78.44767431662726,59.472281431151856,0.8147574629154946,personal,392.98671976403836,0
41,private_salaried,242660.81672914713,0.0,15.675775668622975,47.92440539217233,31.077455989552316,59.34353139047468,100.0,0.6133725474827955,home,592.412464030421,0
44,private_salaried,64908.82605382128,6.217548543735958,14.103416639043964,97.15454786986459,41.96669579562038,84.26228828471724,84.34437332563982,1.5023178884027817,car,380.82656020878443,0
24,business,73775.84753230681,32.075391098857125,35.695083261239965,72.98299681760308,54.18212473990651,17.585521956330112,63.768662180451464,0.4033466301999039,home,742.4048710450313,0
25,private_salaried,44685.76532250418,48.65460443789569,20.33112900798038,72.99928675014847,70.9515704655463,68.0810544316108,54.11533417746883,2.217789365163484,personal,463.94377514940084,0
27,self_employed,27639.868327904573,61.849186006097185,34.98632352244303,58.17747375013312,32.56083524706279,86.7138233384524,75.77814657993935,1.893468405769247,education,706.611282166914,0
35,private_salaried,39169.10000071023,20.066469696214565,0.0,47.17680860595844,79.77423063481343,53.5385871276597,100.0,4.466835170794986,personal,523.7336919980339,0
37,govt_salaried,129498.00516276773,27.52581834340763,0.0,87.15141885052488,36.77881910119473,59.610955037378524,65.60307260311023,13.032583766198417,education,691.6084448199556,0
62,business,25532.338805309213,39.68537738823312,28.117331977423987,96.68885976925507,75.37447559963073,91.45525660667008,51.2326910460402,6.985061584775428,car,804.3998001428984,0
36,business,57190.5856596943,27.796787475170355,74.56985652145573,55.18032669898173,46.10674071531332,57.9634824023304,66.30535597601438,3.5052423160531716,home,780.7425655939846,0
45,self_employed,32132.4803937145,16.69404941533787,26.197066856603804,77.00232350253576,40.974287326858594,54.9745740110473,92.19735505028511,5.954112382316028,car,567.433484733309,0
51,private_salaried,53026.46464000508,38.6424340095249,57.799205417699895,89.78483054245375,85.14650898960497,44.9358921706005,50.07959223171901,4.568949126635189,home,625.3889802621744,0
27,private_salaried,46329.91265159291,28.490805187541334,53.103800721863685,73.26410754245114,55.02217215562917,82.99747445182629,100.0,0.7464331380951001,personal,596.6645034438926,0
53,govt_salaried,40228.61409223303,58.34598636007573,58.85720436860465,44.26569607893556,94.62060644546509,40.67697561280162,73.20582014860112,0.998705484604979,education,674.1623511570098,1
27,self_employed,45704.508604822724,38.38384728380696,13.554475640114518,46.69870253465362,43.89638816764251,75.42920137020725,67.57095697167705,1.8658321561411784,personal,766.9447395681904,1
61,private_salaried,61715.371612895426,57.773419012512676,32.23027750699348,81.97859856996837,35.228983940245,66.10720422966224,58.61980683440132,1.4316155236250607,personal,763.6487653753492,0
25,private_salaried,56438.51833225708,46.04628113387648,15.941885084365055,65.02383957541694,59.53637814505529,63.5764977803281,75.4540540859784,0.8876621384201909,personal,669.8452194074545,0
32,govt_salaried,43628.117149088124,19.39501813398436,33.23099215140589,66.0776515105922,64.89841534547034,69.08287082530231,47.26336334364931,3.249940944583502,car,802.1555196219173,1
47,private_salaried,56799.786978306656,52.28505385718219,53.955025454537335,100.0,63.47331139446859,83.27853546546274,66.19322640297842,5.038008865731482,education,673.0409941475536,0
49,self_employed,55233.73970431304,35.925946130741046,9.371263123215495,99.67906459842541,86.57504420887986,40.73234811612501,93.15447019160833,9.097472073287062,car,749.380846182993,0
40,private_salaried,16568.64727864175,13.066352130266242,56.22906674299198,93.35371736573607,97.60248809889251,67.08930918056274,51.53966463517608,4.769863749072901,personal,657.8275587200671,0
22,private_salaried,54452.03056155687,43.39488352789038,40.10523634512,81.84144193248672,5.499322948969947,45.37965555112973,68.43592317835311,3.570697559097145,home,541.2854689488712,0
41,private_salaried,59269.06952109991,24.75904671205834,64.4220070802106,47.43772197090601,40.19118918628807,63.088766614591805,79.30459106166971,1.4239850469907038,car,866.3534795406458,0
22,govt_salaried,34556.04294616442,63.25244502747233,14.263506979334476,64.59168952518311,38.61079875540632,97.19296163882962,43.58705940622147,0.9302922968589384,car,631.2475585606463,0
35,private_salaried,43497.35939068284,42.717255342568464,21.86688496060416,76.26129076585855,80.88600887699556,77.63480697661832,81.19290515831408,2.240447582590114,education,427.5603454958881,0
50,private_salaried,85307.19297161036,40.08537371226935,52.49600049500127,100.0,8.447258231480518,70.25150158663548,65.27821132770404,2.8341797138580183,home,577.6033294845936,0
43,business,76784.88991964218,29.33634475227491,12.046782356032626,87.0987287859052,33.27207803224712,63.58636843063528,88.70375334959968,0.1,education,655.8210355638184,0
52,self_employed,116602.26200134009,42.90814127425527,28.283342599011906,71.23175214883629,29.8283597865501,75.34546968325736,59.12956808100475,1.0825156428703804,education,578.7205845661473,0
51,private_salaried,100638.01443216403,53.834515622211015,9.932441866274502,92.96937289291061,19.044308838916614,48.26546665886052,48.58289507356439,8.585147950169025,home,738.5664567437292,0
35,self_employed,80595.00441655827,62.10380116153556,30.402213566041077,81.41238106732662,38.04121339577398,35.968334677490624,53.742013503042756,0.49184225138542903,car,656.0847541091739,1
53,self_employed,41551.54382382862,38.90553845739347,20.904395812593155,68.73481363616271,54.504492985318585,57.21975838024624,75.71252405369424,0.49203827344467777,car,447.16151293890084,0
63,business,57119.92193623907,40.95600136574519,26.570565377205813,56.79601589926583,67.56495577227616,51.31374880788282,60.87632745040597,8.576017534382673,car,605.2622609416162,0
63,private_salaried,39781.52897117348,20.293082816254486,17.053318828923935,76.73415751728511,68.4192879200759,76.04978695340682,82.6316545298158,1.5186275469013812,car,770.9239133203891,0
50,private_salaried,49872.405314454365,21.96154285720107,66.38915122421969,100.0,93.56157867858568,46.58207149691935,83.12787673183527,1.8949392725139607,car,572.5184785260694,0
46,business,66210.72744996028,29.808502219680538,27.995527106678544,85.53836685531472,79.94585967672276,70.3380326140758,24.02259355757785,2.630171831607779,education,681.7631551122176,0
53,business,22531.564270674447,32.805950686331606,32.12313552026577,70.83900176693095,66.17353112569941,26.816414593171565,64.66092663405983,3.459104754666637,education,637.3687040504071,0
63,private_salaried,52227.727336002274,32.630290102669335,39.82095494102498,68.28091735828299,72.96003775213566,100.0,66.53803394139665,0.2449399514083747,education,701.3999821001307,0
50,self_employed,18669.83906509418,24.172112909439626,43.95924714031495,69.1805087417361,66.09722705018702,67.49553181379811,84.97400353282997,1.3852360618637303,home,492.4285588370507,0
36,private_salaried,61207.23415555215,20.957238425802657,56.06847886161822,55.41043225972869,46.768004415311694,56.74781821221356,81.40713628780998,0.2535514130867012,car,796.7356561968191,0
55,private_salaried,43622.34655396272,54.46565083283035,3.511431926803226,64.88239610446612,45.0667756614741,36.24210073105712,64.80263913720485,0.6154537105061016,personal,711.0490882003272,0
43,private_salaried,113623.56504372392,40.94981381437139,18.818809960697813,51.218041671639625,79.14726402230335,82.94089921616464,59.86537926520889,5.099739223942872,home,498.91880175193296,0
64,private_salaried,63681.784662535436,27.69351745972751,40.237864194522025,82.21947391411804,83.63659855591166,56.586335063604224,47.21487917954285,0.2166947504317875,personal,729.5057824036452,0
24,private_salaried,44170.724073057456,31.316391453144476,55.11153955749462,74.15076492898864,75.48973501071652,15.449927412419044,59.419235562827524,1.7636272034596745,home,552.1644576627262,0
23,self_employed,38069.037358754256,25.99025827747976,14.8028623278665,100.0,67.33971496754951,52.799593324594774,99.00069990314611,0.12410202939342235,car,790.8982517205142,0
62,private_salaried,26211.087573180783,34.08215391968987,58.26604024686519,86.928844521605,85.79817196531181,62.213725221027325,100.0,0.18021670950796825,personal,450.13139467139945,0
49,private_salaried,19124.171377955747,39.21495049312561,22.616445712212847,65.64973686883846,100.0,85.10911842763265,82.47808340433976,0.5506047610257324,home,645.0835854764779,0
38,self_employed,84535.72782036512,49.585478342677376,29.023414412449853,63.720887808469264,23.414066887722885,41.70561716167906,62.16592743556829,3.274061350268024,home,668.4800053698721,0
27,private_salaried,70272.83595811346,46.883614983494645,53.615087459491725,71.76566431147005,71.82081836073576,89.96652872380558,63.56909123156895,1.7081438886350633,personal,642.9446398918492,0
51,private_salaried,15836.600780213375,40.147828447096416,49.51760286306399,77.38384192038006,5.811528678222679,37.82018872781877,68.40060224145692,1.8534513324407307,personal,449.2161443654362,0
23,business,41834.0012573313,49.74371765918701,0.0,68.16354480130448,41.934765719529906,100.0,50.79240906390906,0.8220264611238739,education,618.1191086205765,0
63,business,94882.43249405432,29.582656327409182,20.545720361135263,90.86734330791317,54.8173682195994,30.498333449723418,31.453220823355437,1.3607566490026077,personal,633.022712506166,0
37,business,33564.04382055176,33.48553760563118,17.004541454729136,70.49121558427355,37.25613793996851,12.333775989210054,65.27935977490243,1.5209971029870673,personal,627.4924041064035,0
26,private_salaried,27095.902491867742,38.498670389183935,28.68469710176556,84.2152100383822,38.424984891615765,33.426717312348686,72.14112169996838,7.8165135394491685,personal,652.0704252360374,0
49,self_employed,70048.77479429859,32.77417763952737,10.96258915118684,86.35845143788646,66.55265585722559,93.31453877084039,84.7365701722399,2.252129777600219,car,621.6557417736359,0
27,govt_salaried,19827.277834058295,47.18301614626773,83.33252856058577,80.73064481003924,74.59800657686715,87.18517250717902,100.0,1.9293464227884005,car,723.1215054575723,0
56,govt_salaried,81751.09223581533,32.71386161957628,27.64765631335685,67.77217391530337,51.27104111018323,67.62299817560184,80.84488024973405,0.1,car,673.8866459939172,0
28,self_employed,140864.18204107412,24.567991488998658,27.24815243347953,86.94991640686547,100.0,73.03170902983435,57.168362558681544,1.740638751831337,home,453.28082971322675,0
46,private_salaried,55084.27337030943,21.13392745667733,47.63496641231833,60.04747140462352,87.752043335173,53.312438747717884,92.18883710031655,6.919904102955702,car,703.376114853229,0
52,govt_salaried,168217.7141200329,35.202291657919076,22.34865397495001,69.07917784348044,44.913865869181144,93.03580599770712,96.35674784940787,1.978767772207801,personal,806.7161781951615,0
26,private_salaried,61571.28959186561,27.472122401198344,0.0,92.70306490241113,79.05977866605882,67.78738244751729,27.771991090677886,0.6671985577811602,personal,748.1188096153595,0
53,business,40377.15434582064,42.464262569924415,18.58190152142118,71.66631748211809,67.7399714579033,100.0,68.51061364011944,2.5701984472328956,car,750.7387177762691,0
24,govt_salaried,31341.319449456932,42.66823061167352,19.40171582727438,96.61816798295862,38.45481631855836,81.61247846322408,91.35403947405109,4.207938327644621,car,654.4190930853383,0
48,business,38318.799710094994,13.861754701171144,31.91231676961793,87.3308706970255,40.416266162396916,88.55431027024426,40.34968375513801,7.334638554259865,home,408.54374428937797,0
60,private_salaried,47845.3833978645,47.29473957985903,0.0,74.5670723044433,62.61190956057553,44.03146361087804,74.84978563540503,3.5486466832934296,personal,593.7322870120332,0
55,private_salaried,59348.3304545182,41.81765515641319,11.766348331108102,83.37207474880204,56.54359203855343,83.23298628109885,83.14270427882093,8.906883285712146,home,627.1899082847193,0
48,private_salaried,33453.211909245634,22.191059119355682,52.33137916498353,38.652124008000904,31.854743672214852,86.42784579462737,51.665229598061536,0.2629960796563404,personal,585.7527676224322,0
30,private_salaried,34376.058389836304,26.69362012475203,28.21678741345881,83.15854533263915,88.6632477012809,41.471603163883444,49.46396277524631,1.2431064126899494,home,756.349074898298,0
54,private_salaried,73571.78417956196,58.73221676193739,0.0,29.96264695287305,62.88824094573495,57.54023081129597,86.32679907662138,1.8873029732697122,car,602.7555632981949,0
25,self_employed,43504.319760221246,60.5137393272952,35.58498857972412,63.95251655164013,56.78507817982283,17.527841838024585,31.933184544171482,0.5362297978021742,home,641.169951523993,0
54,govt_salaried,43997.16496894778,32.08554042246556,73.66332058548986,84.0415983021096,70.55312006133602,97.88489951305625,100.0,3.419613448161587,home,427.60586218569404,0
31,private_salaried,63323.938349467135,53.943574128177175,54.45002470269159,67.15758133806779,66.09945128915008,100.0,67.60953847737667,4.1026925375975125,personal,663.3607161922173,0
37,self_employed,69172.0407574954,26.822834089083635,40.290258736312815,50.376221501801865,25.94481117953542,84.82654717722883,41.33174109848596,0.1,personal,676.4160689784054,0
25,self_employed,39883.518410917735,25.1918171391147,17.303844310648607,70.67296215208826,76.95678440301899,67.38855496104716,66.36138544780982,1.050311514189519,education,452.66460913306634,0
38,private_salaried,94173.07568345248,22.511564812650974,4.419818750159585,76.85697937925784,72.46851873173536,40.56541926438193,96.45539421124519,2.3358741004388723,personal,602.7585172526609,0
27,govt_salaried,44913.55199360951,10.475993558927875,31.15464516264749,89.53877703351269,20.60100488520923,34.360629715895485,94.28225879468596,1.7988452786777884,education,695.2101436878513,0
30,private_salaried,76627.93765440876,70.05706874543878,58.7455989837149,84.36622978693393,62.01619018680119,41.74457618708757,70.0107776073829,1.291306346185431,home,509.45710728637783,1
62,self_employed,29335.396830859332,42.67596700825898,33.00660835969061,90.0520546929527,69.57094347622227,89.43225306836896,54.107497021005614,1.2561114217964608,home,886.7700586390944,0
58,govt_salaried,60942.672874311196,64.80973035843962,21.91322138929841,54.63332352576357,22.731162700385347,52.745244381344854,3.263774864060636,3.3953832277843676,car,656.6517944746973,0
56,govt_salaried,40400.74377184297,61.29408711654826,43.14172870895658,74.33942961815433,30.460278616961254,68.66220982235978,100.0,0.1,car,419.5741673943602,0
62,private_salaried,35105.71814517461,47.24946285422795,24.215797995419997,97.31781415480182,47.003089092334136,63.448168710975054,87.717500565903,7.2634690834550275,home,716.0189970046567,0
29,self_employed,28518.253766955237,30.556044935822136,34.512960385512365,55.38685410249944,90.74811195681043,68.82093983716285,53.785165196031336,0.810475034651166,car,712.7798293007662,0
50,self_employed,80158.11737332944,38.114062539015436,56.98117037368722,80.02538625857319,8.566976372105422,55.10958556532494,88.08464807813775,1.217109474728285,car,605.0311152341745,0
55,govt_salaried,64180.98384946056,44.80362495118131,76.2463284098968,74.13093720835606,62.61941362766614,46.210089768908034,57.30657754079327,0.7535298633893293,education,610.1630914568519,0
55,self_employed,65686.34789224366,38.862171309824575,54.692773180939895,60.149172629915824,43.34683242848498,45.732935836523936,70.18024008599147,6.040055871974168,personal,716.1464659315518,0
53,business,44419.5715026999,41.085117123675005,71.2547083497582,48.089158322603026,9.022643184768256,77.73826044864413,53.0291453287105,0.4976939459042713,home,484.1922462344025,0
49,private_salaried,59110.47193748501,0.0,3.9169189624077987,97.74380313057318,31.896521385623487,36.309954677247106,68.22397194657829,1.982128601474355,car,703.3525689820692,0
58,private_salaried,32926.149673208434,21.346030545678126,45.87586596210408,68.28103029214306,27.171503066313363,38.274657549657,100.0,3.32466467572943,home,738.6495465652354,0
47,govt_salaried,41684.784201698036,31.301537185227083,38.64652333633511,56.15795589023617,58.21228122049262,30.03240711580314,62.46536171962478,5.840270875735161,personal,746.3594280957345,0
32,private_salaried,16455.7058254775,44.26206284334537,40.56779065363269,82.71346375943185,97.26507008899344,68.05788489470352,74.56164252129894,1.0014208068018373,personal,482.3144489943518,0
48,govt_salaried,15632.4900131131,65.00467418510549,77.70398379539799,55.59200848784663,84.38429020051517,71.71462909874376,89.7518436849358,0.1003402465167172,education,594.6661784296056,0
27,govt_salaried,164399.67502604265,41.46824931798221,35.59786564842824,92.11986347772256,39.522601806748625,49.17031375541677,81.49420152671712,0.21373915358113893,car,734.6069302994715,0
44,private_salaried,100377.61827337951,33.81355710111335,25.973856253185843,32.13389302140557,100.0,62.04512026550817,38.51530598227484,3.164556939106423,home,900.0,0
27,business,34115.849386316964,38.324683002853575,46.21145951986,42.985424635534464,0.2931243351892192,87.56816314942779,81.6097200288228,3.592776035575123,car,688.2537613834688,0
31,private_salaried,46764.756026360745,38.9413865984858,23.11106357635537,43.340539331981695,61.04951572983201,61.84762965543044,84.09867015456653,1.2892042813268354,home,725.4459778189789,0
50,self_employed,34138.81409621931,26.29371909182425,40.579779639349255,80.92468825077583,70.03992289582536,89.66070141808609,64.18692659125887,2.06309171179728,home,570.1176957032013,0
37,private_salaried,68902.45643644016,45.82050796457399,26.404893055896512,100.0,50.96050542299767,43.45783248390103,75.5112936011864,2.524434337477727,home,566.7521236583941,0
34,business,52893.95707461639,32.64053319629068,55.72124122410161,81.45130284848962,4.685014907967997,72.64565577215669,88.2002794174419,0.2393361244537333,education,546.0707294405386,1
60,private_salaried,47668.10344587029,38.08761037684009,21.67099154478461,75.96731510724356,56.37590194672363,90.2959497073904,51.07114730914106,7.867247421849866,car,525.789460809991,0
59,private_salaried,23375.067466906887,38.240128129408006,2.252061138066132,62.40150079005828,67.45448303680524,93.63164111674507,75.59607260913762,0.8274110047829508,personal,695.4444708323622,0
52,private_salaried,35220.62339139358,33.77106661642135,51.328948411956944,96.73606876022075,51.84581323021081,85.92821419186207,48.322248800640736,3.1960501794702187,education,768.6030347944225,0
51,govt_salaried,14124.316228150075,47.29927981094628,31.58932683045091,90.09864799618961,96.12403327119756,81.46733143194592,71.08302652863293,1.824485564813485,education,615.6287461891052,0
58,private_salaried,43356.35171255963,45.33220173552796,46.84040786453704,73.3486808518861,60.26468025473525,83.70088252293891,62.906001225026586,5.689974659926924,personal,680.881850165995,0
33,business,95381.86921966606,29.39173170835763,50.76674224533291,88.79319851744802,60.57756131804224,67.85235105750016,39.933165016583146,6.483341981513466,home,874.062264614124,0
64,business,154948.40594834022,53.93075935370975,53.3326863363826,38.267633787072235,54.47078391888494,22.42527433456486,64.2935649943778,0.16626947227104602,education,900.0,0
27,private_salaried,35208.44152130968,19.02936697161618,21.035350698179922,87.26664610513117,34.92404067903661,72.65339185013639,82.00851879806876,1.8685222235507537,personal,676.6327833299928,0
39,private_salaried,67412.00092709977,33.00096634293332,95.01654258795882,100.0,29.343065072126223,90.115649132583,56.94394238389418,4.141812541424837,personal,548.7278482891387,0
30,private_salaried,107946.41819780368,48.63003983254181,59.86537061267592,39.97981191635687,74.15455088887518,51.901177321115156,47.72432170845373,0.1,home,490.37185016161254,1
25,private_salaried,27104.24669038034,37.46125188053252,39.023781355103864,92.86392946202011,82.80767858930619,71.9761036798535,75.92240613701858,4.2746856631738535,car,530.4271436855739,0
58,private_salaried,35827.4942378302,52.234891686625545,1.7979687069267598,47.89066440912144,39.631374505689756,80.07457866945553,64.65274162642449,1.341676985606688,personal,550.7917350231219,0
31,self_employed,39634.61514010862,46.79968927473628,62.2653310214774,99.62948978200508,68.8832732250048,63.316208811123666,78.615982065372,4.865157592449037,education,692.1356404989226,0
34,self_employed,36356.45671850671,44.00769266545763,33.27481320274461,72.44772472714772,28.736412253022387,45.58491358548491,66.35291622157052,4.844557133108701,education,469.75818289388025,0
27,private_salaried,83599.62960641943,59.95863293199693,51.356678403797915,35.319646969732844,42.359321216369665,50.696281391899404,58.57200860343427,1.6174245154891835,education,866.5269425004467,1
57,private_salaried,54226.2683506405,49.61317537335796,73.94337728084086,58.80087585295217,74.45990914135027,54.10540952052609,74.12890424428217,3.6990558863466094,home,423.30054081122313,0
35,self_employed,93232.5495470141,36.662734300771305,50.029965631493525,90.55334879239695,65.54093773221035,85.23611813063492,66.55568339523975,1.1640783794996814,education,742.9193937320439,0
54,self_employed,78349.33572964194,44.01554324903421,52.914148467204534,71.3576753831124,70.02827839988294,100.0,73.4280221458375,2.2768539714950706,personal,602.1628891861569,0
26,business,76490.32374596542,16.948745160546352,45.58329374610075,97.92977321678478,81.793624318512,47.00061778052531,45.18879276216212,6.145681621256772,personal,773.6773425205959,0
46,govt_salaried,65170.69359262337,41.17865190389141,44.88143265935827,67.27156999822968,58.59988672360635,69.49491763316148,58.15613028551638,1.3119510323172932,home,783.8845129479255,0
28,private_salaried,27576.196155247093,47.129857377297924,39.60808337190378,58.35090189034395,68.09231741887189,73.74470472942808,32.14371081754676,4.59584182290806,home,623.3454395089594,0
63,govt_salaried,20242.408219503413,31.95875336715917,69.63787063961705,92.5869472439408,59.66769430429257,53.7438824133021,94.9636686678233,3.9407754400446855,home,649.1665048205631,0
28,self_employed,26396.16656413852,13.541091927714003,25.064138135790795,89.5812154279553,53.55411077967837,62.677884363148614,48.3621576301402,1.0649902828498021,car,608.6536585932282,0
41,govt_salaried,42161.72577525413,43.76456562540468,21.5172381163503,94.91775241170392,71.48881364414959,77.3247806286391,65.73679058907369,2.752176504952844,home,659.7194127373602,0
33,private_salaried,59942.162854421535,33.397593827075234,37.01882814169098,72.11341165668114,40.4320458660625,56.98873986259329,52.87687635655864,3.1419208847677673,car,567.7809111519149,0
54,self_employed,38466.4294474352,36.94486111115265,22.617783499651495,100.0,65.62722136786358,35.1487230461218,41.13639426035138,0.6848498970058989,car,529.7401486928093,0
42,govt_salaried,50884.44918084949,67.44430516774423,20.66054236662633,100.0,45.33507742220912,53.1272302196553,57.05275081707277,1.6817626928848763,education,576.3215367682346,0
27,business,93049.837809271,55.869415823457366,14.375387578810628,86.69350900716621,33.94646785487917,90.57665712066168,86.29386232367831,8.769748506746707,personal,669.8655396062896,1
40,business,23881.760434453696,11.483071950029249,62.09338145361209,88.38854226929551,5.852782235680529,15.848429460776707,66.17054132993012,0.5844172562423722,education,642.0213470555142,0
43,private_salaried,27534.504550127807,37.56741716355487,35.17923950929923,45.009581194560866,66.92833334980914,57.47811597088669,54.11052437582405,0.37672523505626393,education,670.7186918834013,0
55,self_employed,47064.06504816999,52.91890700853129,33.50170554647248,61.58543165051722,76.68153869186183,66.47267386266978,42.212446587674656,0.20873699597272335,car,625.6600888814722,0
58,private_salaried,46248.323259394376,51.74395818812474,27.91849115744396,72.32009457273062,36.78956872845315,61.33544700262811,41.80426032384662,2.6044984930619486,personal,502.34208955257117,0
49,private_salaried,33588.78456576186,40.426302206602976,40.81708730114936,52.34740427267133,20.70145934908394,86.10512546000407,56.885851532010925,1.633337610035627,home,509.02381230951335,0
30,business,54705.96832414404,26.43697236454618,43.81913675114263,54.662560470993256,49.017180698657754,73.13627829144784,92.75274810995029,3.323592468490219,personal,579.6575406071926,0
28,private_salaried,77337.50650090472,17.88727578190573,28.670515921040398,100.0,42.871251244645656,86.16979112844946,67.1915584280338,0.1,home,539.1172961160539,1
54,govt_salaried,38823.220152309645,56.21989678939673,45.66799854803286,77.53738873244944,90.11226766872417,66.5937659324192,91.6382065153739,0.26152145263771737,car,530.6491984946707,0
61,business,45687.24423272457,29.245140903598703,4.72944427556607,73.67902092917441,65.80655113490536,28.935790950508476,63.10696063069433,5.11891023839543,home,900.0,0
41,business,76481.95336545887,65.46795293392196,54.06419804716643,66.02006466540129,69.7698646780662,88.19411348102695,54.57163939022142,6.325767714349018,personal,723.6674675626053,0
49,govt_salaried,55718.414440143446,40.6002133665355,64.85878737539443,100.0,94.71364814162781,81.89201366101857,96.414850305516,1.4732752000945706,personal,633.3665275204652,0
36,private_salaried,39821.50637670493,20.41012671634047,32.77172102697932,81.41332512177934,39.2783941935825,67.6038007740575,67.61157168598258,2.316562091017792,education,567.4845349306178,0
43,self_employed,81933.1710281298,34.42570715594622,46.870168785426785,84.27961706796617,44.83914947258181,81.32664569359567,70.21125537383986,3.1876524894907203,education,651.0652913704669,0
62,private_salaried,111116.5384147689,60.34566481292514,25.628069990569173,80.78780944738892,36.59026180933984,48.49804906547099,47.36242019105702,0.5547146795049627,education,853.318346889982,0
64,self_employed,26893.431397518394,28.949678236493064,76.45201914114455,82.7036386670435,41.78223597950998,79.86900637452668,86.87427362056154,3.5100690776068877,personal,707.6971400963184,0
47,self_employed,70702.6902275597,42.971121009691686,20.71237097743877,47.68308889219888,70.53731103115057,78.84857310974964,21.357657752884187,8.639865618133122,education,713.5906903518669,0
41,self_employed,28692.786184539866,20.30641597809636,36.20577768669818,62.62331007629963,82.03556151253328,44.75363821112421,91.45461032075727,0.7438217638216871,personal,669.7551768491462,0
46,private_salaried,13888.110368487687,40.99952288842583,37.78442355032825,47.595300644859556,65.90695739263705,73.68904232480847,63.95575074198167,1.2923460636320518,education,885.123957453382,0
38,self_employed,37045.78513912904,47.34591466235533,0.0,90.55057325566055,42.25883151990104,76.68608647877197,80.42448539364173,0.1479854940295288,personal,751.6269196517052,0
28,self_employed,49581.435078745184,23.813107617512795,38.17472665879674,54.364787566560715,34.7713998748235,100.0,86.8843455876517,3.3073391840347655,education,694.3339312965626,0
32,business,89548.12790161092,53.09484359617327,43.27186961336422,100.0,52.641034209286815,65.00320831190058,75.81884294669625,0.7641371885235675,home,853.5428733042934,0
39,business,26612.862115993597,22.923916070283138,0.0,58.452889736105604,97.79617644534017,52.337090198947365,67.83510755583421,4.216087571136388,car,900.0,0
39,self_employed,38508.08467157156,35.89424178632224,53.651470346079286,76.06946617228274,33.65120784738968,55.1142933768662,81.1985396922797,8.65355888838409,car,565.5543819797072,0
36,govt_salaried,41713.32471490665,32.44558253587981,0.0,82.8856664356544,21.094302928025087,38.585909892046686,78.05465242967203,0.6815713440171816,car,451.1139650369447,0
58,private_salaried,47446.91470816793,42.169968207532925,41.5440467989623,71.22500937386836,22.98542319135209,64.28070384921574,91.30290059903618,4.221929442623772,personal,785.7438341570987,0
49,private_salaried,30032.243043219303,35.20531432190821,44.12947526010181,61.490989654780016,64.06533461803545,64.40896538508417,69.11688695969752,0.8403364543764567,car,568.6695456318613,0
33,private_salaried,70063.20262953597,0.0,32.28332864867183,42.128379496785826,0.0,46.60532136239676,56.34588299259711,1.9641870903918488,home,634.8230150039019,0
30,private_salaried,41151.751984079696,29.027966565851905,23.572788711093366,74.27251558349508,71.4949981274032,77.79497066775399,82.18668980062597,1.99336681438989,home,687.2583806484445,0
62,private_salaried,24518.941129666695,24.495717652492083,59.36714528938971,78.90229906102965,34.591486823708166,69.36184925790766,62.74512072854653,2.2648614908948748,home,531.3521547765592,0
21,self_employed,34058.82290327714,40.4024840233426,29.646880436186933,90.34432538982517,29.46675080625875,64.58484096717386,33.41919536358062,2.166107682068177,education,734.5137318526017,0
37,self_employed,84577.28027054282,65.99053175187498,23.866157211804467,69.9339656885691,90.31564966598773,62.213501110641204,51.49632051238394,13.18563558414069,education,870.0796985391814,0
26,self_employed,33515.69388972178,33.67325143437162,41.50522332771333,37.82845852701076,32.734425400687996,35.24707310642083,99.26422628920685,0.39748195568738354,car,635.8455891682763,0
57,private_salaried,59610.95888203455,19.743797281795914,68.50237444256912,59.84910562631596,59.75642948396832,51.068082228093076,45.312821098483,3.168429842221699,home,862.1159418365953,0
48,private_salaried,63516.61418247593,23.433128647376673,35.16424353856824,71.46959956788608,30.303145129496013,60.49380638312381,92.7817506825775,3.239750079036056,personal,781.3894782582122,0
29,self_employed,129718.11953892595,43.456360388110696,2.0734609651263938,61.5623603177599,82.61890954275184,55.1580755348129,82.79952187892988,5.185969540063154,personal,807.8537422536286,0
61,private_salaried,90131.99963105611,34.95771352194014,28.87505022439999,100.0,73.27704104079977,56.00998180497412,67.31228738269309,2.9755516524661796,personal,778.8693615498535,0
24,self_employed,52441.882521260646,8.351097452331317,32.86349894393024,52.89602947434802,74.95846093704513,99.39227133491866,80.75437972365648,3.674895673033931,home,551.5913196837496,0
62,govt_salaried,47311.681849562476,0.0,35.517311723023965,72.24765743363592,63.67047346448146,24.865356645536593,80.24005486235141,0.7808147938690231,home,653.4328677824263,0
53,private_salaried,92316.7112903405,27.169197665348822,42.56004709825636,99.93660387594414,23.789289427020723,83.03528511926777,98.65228543240225,1.4564293132490078,car,708.6546901184403,0
42,govt_salaried,29396.63788178481,36.00974152966781,37.25666635825687,100.0,68.40211069406088,76.11466660474576,63.95639005546627,0.1,personal,300.0,0
37,self_employed,46557.28200878495,40.132383182863705,56.90115242330795,57.29446590865883,75.86797915838366,69.93356348908232,42.779327467747564,2.5399035416220057,home,699.5898918391184,0
60,private_salaried,32931.47037597793,48.035530581808096,59.59730198180941,61.406598599699905,36.20887057324569,35.82475332860035,50.651044918168054,7.1417440450723015,home,748.1919663441996,0
35,business,41204.21764460694,47.47788310491768,34.759813256592984,56.85704690258339,70.58600077190576,15.593727385998555,94.41930996136777,1.499385296106911,personal,745.249046155345,0
48,private_salaried,44659.55175200772,21.909388904142002,14.65013306104094,68.02403745227369,61.08875399186015,69.6227524999938,63.73120674612297,3.33035839347826,education,587.0604205763377,0
61,govt_salaried,85984.90819253618,31.938074062187994,46.95016607149596,53.28447663991477,67.80740373289903,87.78212653487152,53.53333310608129,9.029415203929803,personal,615.55240004312,1
29,govt_salaried,65801.20604571131,35.022367106009405,63.36584678179896,100.0,70.6271083602445,71.27824321724788,70.27558456233795,1.1337712135052234,car,492.37532915774943,0
35,private_salaried,91320.45943179764,35.61090998319805,43.667789772880866,92.9536735258016,58.583084874028316,72.29590537016705,73.52063784100237,1.6306512473392836,home,606.1395493524425,0
53,private_salaried,14150.596520379084,35.851984586403,34.501542429569106,85.00169634469717,61.63038533106388,95.31622110549267,71.96412291358114,2.913755989837492,car,642.3070125348075,0
53,govt_salaried,53225.468302410954,57.2859811039946,45.534229205164564,70.1594024847437,55.81376386968438,85.743025806091,92.52454020648298,2.698881032699753,education,839.8146714151043,0
64,private_salaried,38061.37137549179,60.326533393344384,51.03693383425269,77.17194071799426,83.5705848854875,70.04240973335872,62.03584937162023,0.41608022966699715,personal,446.0486410699191,0
64,business,33944.91931001617,29.31923970706162,41.41191632248361,100.0,59.16984987050634,63.26926126908179,65.50080583674578,5.245487436769545,education,525.8702180459223,0
52,self_employed,9129.237251333736,31.0977039204384,0.0,65.45381571101413,56.37333576233823,85.21853233268637,85.43705558746815,4.507104963614178,car,811.5498714864759,0
64,private_salaried,41148.269662922925,55.93701289123628,43.58014721204756,65.21666033401762,20.54594827166997,60.28728881078587,83.58578010505121,2.3204018265962043,home,595.8295893607554,1
45,private_salaried,95253.67173100579,17.28033713295851,46.01058276949806,57.61947337298529,32.17108875156257,63.45959912899983,56.77549940201282,0.23567173052615603,home,686.7723879781905,0
58,private_salaried,20007.64887710732,20.984126389875936,13.600422118400171,55.18704061664536,30.834400484869835,46.66254698332375,43.40129084075089,6.558126892715141,home,694.2210732904119,0
25,govt_salaried,65913.51961085897,88.31074624622708,60.86734878404542,50.715761920985116,21.655211687405632,54.69462763076646,62.93488565102287,1.1776835981644653,education,803.2431735949522,1
43,self_employed,98173.47369937632,36.95353553016573,55.502797286232656,85.68258858230338,74.74264738682861,49.36809374633905,64.16068861269581,0.6932403058706613,personal,746.122104734554,0
39,self_employed,56105.96133296411,42.06992322294751,23.462278392227915,68.25862478033949,54.91899683684642,43.08669562056595,100.0,1.7493101040308519,car,513.2738227603727,0
38,self_employed,19447.725678612245,27.30120133701864,29.576022655891492,75.65969268848546,71.06113792288247,50.017199135321185,61.544794002932996,4.341098605053117,car,713.8826237427828,0
22,private_salaried,33122.68538845053,50.21310418682022,13.771271304939326,44.27967669594358,64.7241209928618,74.9321439799529,54.9004716772691,1.2472145565751587,car,596.9764157540584,0
29,private_salaried,36267.581689582425,57.360431598472246,35.01647886808873,65.76263489596232,40.77010250633871,96.9675352105202,56.866093368854195,1.7801684364204997,car,568.4411217604422,0
22,self_employed,41503.81801046257,34.63726220444507,22.37266764658863,99.98448338748995,35.892296758349005,53.45935716779606,97.17400047255951,1.3518024405840388,car,789.7912684154603,0
56,private_salaried,9930.717357724845,43.95487946189476,37.882128767749705,57.61387134917443,64.10554473460172,100.0,88.26246612694818,0.1,car,671.6773437195582,0
21,private_salaried,47632.33430531061,52.08150170199479,28.246386456055216,100.0,64.08619977827631,28.228782714198857,52.8242269066447,1.891365179984661,car,706.2638606650734,0
22,self_employed,61528.66976067542,34.25824684998361,2.197185603301307,93.91591607420646,42.66365936799091,97.20074038895754,83.15389645377564,2.6992413334800744,education,470.49135767964935,1
33,private_salaried,16505.43785019594,48.69602287107876,28.85917458271916,100.0,62.55300895506295,71.20027523290783,97.58423342494078,0.5359437732836887,personal,626.1745319326751,0
26,private_salaried,134409.92319632706,5.671197766289211,50.76891196837284,53.97155748573848,75.39069352377612,67.74868040004046,72.98929192445168,4.308513340671023,car,688.8989145343585,0
40,business,70282.64708978724,58.49897392717443,45.37995419211564,67.51809891947072,100.0,91.12175059413889,89.9345090425672,0.3682853329662539,home,684.7497256672216,0
51,business,36553.94743242498,51.94434452888423,17.935381437561148,57.75017327481048,40.95028005577243,87.38298376435411,56.571956510340264,1.794304298470216,home,645.133329915132,0
23,self_employed,110153.84779766499,41.51751059847733,25.396791234278062,48.62906077613221,72.17677143674842,52.193705804493504,66.44764527782489,6.980740778877475,car,537.6342792658305,0
51,govt_salaried,54660.68287820864,41.71624779682183,29.617253208600044,59.529779019984844,52.594582967958395,72.94175687071919,72.55938580797182,1.5562913764228674,education,518.5854752065553,0
56,private_salaried,49489.05524105786,50.27956917153339,13.743110013037764,100.0,60.79297012433881,78.16917753761892,55.23249361540226,3.1484003160397753,personal,690.4691616497033,0
50,private_salaried,58135.66224417655,20.969619047804663,43.99187453568947,57.068860045115,38.27073587139529,72.46689145680476,88.29683032468843,1.580110150672798,car,715.2248111195358,0
36,govt_salaried,29067.332439793317,44.214142120119824,37.70271280893467,31.715998635860643,79.47792943615579,54.55936512304493,57.90391999334517,6.960176548386747,car,764.7084250724848,0
46,self_employed,57237.873764009666,0.0,4.815879219501756,40.50059025753512,62.55272253504102,43.260214250892446,90.87592377629647,2.044547059281246,education,702.4220709891872,0
35,govt_salaried,41789.25249692849,28.228305979519526,21.246483398669795,52.837552984986424,64.02291158448745,51.38908150290597,100.0,0.27877296545795316,education,840.8791339676374,0
26,private_salaried,66541.89712160753,55.053853456912066,29.21848542053928,58.541829211809684,82.95988350492459,66.63130664972606,97.36150844569895,2.470385593222554,education,625.1109221592654,0
25,private_salaried,43543.531172252486,37.602122749802916,23.750105669226507,77.01441916246988,62.99469078936434,42.75891265325842,48.195406119426735,7.799765648648627,education,544.0307509381996,0
35,self_employed,46196.59743864453,0.0,40.179133168094864,71.59409153779562,46.07363003172309,51.85747643391815,57.48357806541737,5.536545872584451,personal,539.6303551551804,0
62,private_salaried,93287.43038339814,33.60466903052912,59.462887179262665,55.9529794291377,62.24476980302508,57.3398515664791,79.82733701848854,1.6616033897770182,personal,391.3096293937966,0
37,self_employed,77102.41964996353,33.288560604604,29.114857170151485,69.42751192244725,24.542016678409052,53.36379555331924,100.0,1.9226005315886803,personal,735.0523266384764,0
43,private_salaried,56360.955276346285,25.237200379303555,36.71518372523229,60.06035826673677,67.77173441295916,63.74264545969999,73.69381205100372,0.18645174593429067,personal,710.4285194545782,0
53,business,46402.48863509765,29.185234102063536,3.7188236108418273,59.78261476635505,54.111254958714085,69.13344515410625,69.59333968038584,0.7943129094944918,car,600.5251744359264,0
26,self_employed,52948.30921912342,33.94628888889635,26.98786904582343,82.49023989994029,43.38309163422713,85.11022625168204,84.19712069296011,4.8622426126988225,personal,567.7887099342631,0
35,self_employed,22677.334939558692,18.529431036440684,28.819276235118213,52.6129804645327,43.30486174036908,92.38120031376651,66.74006116395553,2.006796383469301,education,681.534086392795,0
32,self_employed,41711.90810237337,38.68490107165102,60.24746681301402,86.47838821662285,17.7269330288337,50.25314114662649,30.983769475008458,1.7826341066302227,personal,624.9222528418628,0
28,business,35881.72418914492,57.19835269965125,46.57091729290566,65.24547413716247,32.18247185594915,73.99040259045842,36.18125646779323,14.673349744385773,personal,771.4904542687947,0
57,private_salaried,37651.6817588046,33.643792822372866,41.015087316265934,69.59390132525046,63.15587811103642,55.61369946709096,98.85869081044905,0.7412707673403868,education,741.8290105204816,0
24,self_employed,96806.10438180818,52.55754287485094,0.0,74.64408635510135,92.65723224727876,85.17693645777453,82.2661634580635,3.753591962702072,personal,681.674962873712,0
49,private_salaried,37843.68856547823,38.90000569320418,26.06015828039974,57.02075731794831,37.79334544886549,68.66577435385551,89.07239282998601,1.3454141997770794,personal,657.3202462758917,0
59,private_salaried,84952.54674064508,14.60936608289878,40.79956853568988,88.77754663563088,9.681718539674165,38.7084145243864,57.59211805212244,1.6315029458173622,car,603.1835565806574,0
40,self_employed,33049.26143842165,24.738289806566875,30.801803208314773,42.04634192258941,18.59492700782137,32.920486461407855,74.69743041857521,1.7868298139213885,home,690.3572506618654,0
61,self_employed,58701.83739072739,25.253406221942242,37.193432997820175,71.30056344055608,100.0,59.69875991340471,97.75496062342032,0.9507744312700922,personal,531.5068986999191,0
56,private_salaried,17057.197771111067,16.047040787052307,46.029765546929326,92.56916459323298,47.91575002974268,48.79765397761923,36.30930336865858,0.5839487015837357,car,816.310099895246,0
29,private_salaried,71541.19394252494,49.722321831523715,35.198326624254435,52.58844100334491,69.46452428918214,77.45206874892901,76.35031797513359,0.1,personal,486.7059832015833,0
50,private_salaried,60673.176871935975,49.19481752839161,53.540882305355645,100.0,83.5420445537764,54.115977044357614,61.058629427439186,3.0625658135296967,personal,429.9946313594689,0
62,private_salaried,55134.313422540064,38.44950635609566,42.843128685613294,39.42850158260177,100.0,91.39051016507446,69.94548196092072,0.1,personal,687.042146954472,0
38,private_salaried,47530.31575225684,54.81145790505149,65.74291832709862,84.89064879722663,32.714719867057156,48.44985963538032,76.7766054236593,1.4766297580327326,education,665.0345128091744,0
46,self_employed,36197.64407589388,38.83800914974661,55.32046143416965,95.64932982742444,59.65084426304794,64.69893370961958,63.12018462503399,5.101973902426069,car,654.9873940690519,0
44,self_employed,20937.990529500235,0.6672511118691489,32.13457254602333,77.69270063219422,6.321699612444142,69.52171277783806,47.636814923706794,1.4884196327891357,car,666.2559015924613,0
48,private_salaried,17389.1990888277,40.799477264057394,17.89308436273388,84.15619023517007,96.83827718601603,58.75832303402074,100.0,1.0186371817820914,personal,617.7182212145977,0
62,private_salaried,15786.198097455108,23.589418359521126,56.31209596919378,100.0,78.76236098507849,72.77024514920326,42.492824193989506,2.462768509797217,car,672.2441758807922,0
60,self_employed,30122.067341999184,43.595439537694766,78.55633123212115,62.048941553299386,66.63525948593583,60.96097037410058,77.38950077103873,0.7620955802446376,education,693.6133435992729,0
48,private_salaried,43810.1635972724,54.92464662429103,3.6710836326122767,78.89062646471552,4.001422338379527,61.99840468701517,87.16682421673194,0.8276383868833187,personal,636.9770705794891,0
56,private_salaried,35446.244520241715,38.14197344504512,69.2385529044052,100.0,41.56487969418303,75.01575677961856,64.08088173024453,2.9157917664434785,personal,639.3257332153061,0
44,self_employed,60704.368200873345,51.12678363629631,8.24440534709138,86.36430834036636,85.84010361597385,76.38879404200756,45.611823915177965,0.2010580663703959,personal,604.7796781346973,0
55,private_salaried,28487.586343273084,6.319330680449131,44.57306687509506,64.61757001477426,51.066868096096044,76.8170563892642,98.6302549695298,9.36929310880338,home,707.1014606850624,0
56,private_salaried,62159.39691860659,41.74350392666014,39.226551643056006,78.6146361324423,72.79689820210913,62.448389505053875,45.58559805843477,3.330245725816945,car,674.7016944740935,0
30,self_employed,50986.23791232167,41.22349641578484,34.76607487094821,98.64809611569093,49.77170003546905,59.11607187399073,54.735553938864,5.102787450639193,personal,702.0910077719054,0
47,private_salaried,75022.11378700718,26.443290962384452,38.244363142124385,75.56121552492905,83.96718568152406,91.30939198184927,31.06474546691024,1.971095935012252,home,817.2005524609526,0
21,private_salaried,57657.47061295506,30.677386276327695,54.42864541650769,41.66353194616106,70.24751044728654,73.33837361322925,77.4998544781358,4.1393641019751195,car,573.5726817936883,0
24,self_employed,47423.46946155964,37.32102925829397,44.56012999714783,90.14092632351652,69.25860116418147,82.27591457670033,100.0,6.723926736193072,personal,625.1277097340928,0
42,self_employed,57352.70085940713,41.077682104454624,38.03338207420075,52.80944074278188,35.39910317633858,82.09396915521624,64.02147735985757,1.5387654616025586,personal,556.2114402278145,0
22,business,61664.079566868095,41.09109697052158,50.494626946998075,66.2177375999129,39.518869524515296,67.53649835373974,66.33506224572078,1.2513013161885957,personal,508.9005133791113,0
27,self_employed,78692.95620755781,50.03578753685212,34.85006170252442,77.67036725421237,100.0,51.437175379465536,82.05581373350353,2.9685948203288564,personal,640.7470642270279,0
27,private_salaried,54581.68334269195,49.26609829041989,51.80896704469217,64.8213934604185,49.50945740473014,64.92490533935992,79.70937008841368,4.495074024193723,car,708.8093343891084,0
38,self_employed,30967.407483067633,54.5778344469408,19.936315999667936,54.87909433428845,96.93941649392448,98.23569021655666,77.09685286271339,3.990343746766821,personal,721.1102791518908,0
42,govt_salaried,40183.02608967566,28.408652950762995,22.89977360491315,67.58860742824906,57.2928785389048,47.051595115516676,86.81427797451606,2.033807261231161,personal,819.4662121775445,0
48,govt_salaried,246350.1684694724,48.461795223691304,87.19827215341716,100.0,16.784511447471644,60.84357977620684,71.55048556211952,1.6357821916351658,personal,599.085278016322,0
25,business,40430.21033089383,49.797703731920876,82.75183396605654,93.21118051734959,78.77131538968379,89.71176530421155,79.09081397686052,4.729210186101031,car,602.150801786862,0
38,private_salaried,232467.5898728484,44.216810006876045,27.079307284465102,60.02891942999499,60.23527647944364,86.69900814413893,86.25817364519108,0.6703641048338695,car,863.279666449579,0
27,private_salaried,143527.56448573884,14.425310755433408,35.178420308628056,55.92268617865422,80.30967865208672,67.91034324059169,99.46071942093312,4.179318320643454,home,900.0,0
27,private_salaried,39224.94295355845,39.47342188305791,18.512806941713,46.52054264761789,28.027230911768616,58.57672324689283,78.26203985541959,1.089595434279189,car,553.8567394066704,0
22,private_salaried,34298.38449585086,49.28953328663485,31.22097923195531,50.03420240243216,42.65429349554044,90.83782410670914,66.2542571026759,3.5502885519687903,home,686.8451438283274,0
53,govt_salaried,50236.97157251086,29.98993813153417,57.92216803558388,63.955913080754385,78.56831206014179,5.484741960386799,70.04114428849054,2.0405838573662876,personal,746.1022807383395,1
57,self_employed,80116.97903839813,47.68738643038456,31.933647861314284,74.82040283466598,63.305035435868646,69.11732101632388,76.88213291697305,2.0501304452284885,car,900.0,1
27,private_salaried,36533.43896073098,56.06201457805935,47.44942289958556,90.6612516350423,87.19836581007138,100.0,51.303901977545976,3.270057819946874,home,688.9721296553636,0
31,self_employed,27911.189474161158,17.34292482314819,71.75712344848351,64.52098896775489,43.617865558440535,76.36479776339945,68.73444253629867,0.1,personal,377.46470988391076,0
34,self_employed,71369.88707582206,11.174322698459484,13.03809702428007,97.1277839534838,22.24556136969659,49.784014981141276,77.63310535605383,0.3713374683285071,personal,626.8117254068103,0
32,private_salaried,58211.32816121268,10.470052386603246,53.72632440918201,71.25151106541728,72.52248339136494,93.30023632125834,37.886498718097926,2.2383154484952583,car,702.9794795362702,0
47,private_salaried,42834.26080526692,48.55331459017025,0.0,81.88111736267625,26.007505640944395,81.36933861798954,61.90434540218965,5.651809664847697,personal,719.6227873235471,0
45,private_salaried,31265.4097510834,19.672088441764547,35.11924879700898,69.55936003271604,0.5542960086283131,56.88696079296977,24.60235163493177,1.41655587858575,home,751.139239682483,0
37,self_employed,30614.70642814153,19.746436528484615,53.62369043686661,88.0068332606,51.19273933371835,80.78999694006824,83.67039354188219,1.8155460879434304,home,542.0479090629206,0
59,govt_salaried,13254.744445664139,18.94026193626399,54.91547937585927,63.856698149642064,83.03347851654496,100.0,65.24104371352497,3.0296447976834555,home,575.8592559613563,0
64,private_salaried,78049.81722430099,24.39925719157865,0.0,58.22649389295513,73.65474059945096,91.97991305384811,67.8666049346792,10.740024130184713,education,644.0953389143386,0
32,private_salaried,59701.03927878678,34.4994899051262,7.709165072181726,92.69614895834263,51.546553157630264,76.0875453211484,100.0,2.103965519740683,personal,474.4054691330327,0
39,private_salaried,55661.56671693143,35.28924418041132,37.10562953187724,80.9041418077233,91.98941342476186,90.61219952165177,79.03234398091926,2.475893876604753,home,629.3143754908064,0
39,private_salaried,87159.11467556343,32.25372113196863,73.33594407667061,52.91119957013224,86.28599693361895,56.470276713296116,78.14531649436545,2.1562244539721305,education,493.7922967049101,0
36,private_salaried,73705.04313939199,25.153320095993365,54.734563949571196,66.4275355293062,24.73805576451799,77.92969781900845,88.89201042124694,1.281364430374781,personal,723.4654061260442,0
38,private_salaried,29992.604107290314,60.29613606370084,29.31175753062989,73.65846783954365,28.188101575303715,34.37927997789331,52.60380092964526,0.7529638287055169,home,546.7351433812739,0
24,business,18365.53425679404,43.74327459744386,25.476873970356657,79.85131976799515,71.70539964396771,50.634208247406384,94.65851227216763,0.40470863010255903,education,697.9132551298047,0
35,private_salaried,27650.197914545668,44.9786609097479,30.390557073104972,80.39979732354628,60.71879194415196,60.16824553989564,54.94557243938762,0.36196557446161803,home,578.6315477306518,0
28,private_salaried,53077.151751354744,1.0901611515325556,45.70390160177854,71.07274550809085,67.74645891748379,53.51627366726585,97.63506909384729,4.483064720255421,education,692.6108551139091,0
61,self_employed,38329.715959556524,30.6653335139518,55.675709853819164,44.121439304555565,34.68589296259317,30.678852433602557,36.104973149010284,6.424579382143642,car,530.5919701773911,0
44,self_employed,40672.425350683516,25.594557901410745,73.73461527187408,74.33580484577338,88.77987420269432,56.70794553311031,56.2319723444223,0.5035450939091425,personal,747.9141141105931,0
50,self_employed,96077.20390639533,24.08564495577403,87.80218372835598,71.68099037803317,35.88537536015288,85.18001819207933,55.70610187592555,1.5912921777552285,home,658.3526876701511,0
45,private_salaried,45440.29075056708,53.206246610686094,30.1300076472248,100.0,49.106015501880854,81.18899808600928,58.75629517302801,6.725523999722701,car,600.4043614458303,0
55,self_employed,39369.30795277239,66.29081222250525,37.93757207549956,77.93836033771964,62.71870785908602,67.80548631732165,100.0,4.439938351290572,personal,608.6975695840596,0
63,private_salaried,57978.25566608924,42.41907032857713,65.39050065442365,100.0,50.20721575852801,95.76198580004352,76.06826802880131,4.887509598283995,car,608.6171544914166,0
49,private_salaried,24491.94273825053,42.565325647465095,0.0,70.6585758447977,54.74013481488913,77.78574577811504,99.01620987523435,1.239479519494475,home,640.939171540088,0
22,private_salaried,65445.536324633016,27.001321806160373,30.848213020034635,87.00723453634785,35.278016276257915,86.33507382534248,84.77433036784257,0.4515808018626582,home,671.0770358414817,0
23,private_salaried,26922.125386855205,9.135047285558734,39.46934236621937,54.85893576071972,53.17028920000331,50.413714936746345,88.41873047575693,3.359994871236549,education,739.1412217248819,0
42,business,41850.186105366854,35.954162286519235,41.611781209325095,61.75515530696953,36.57880529669028,95.66250410358901,72.31942272298113,0.20154549084666673,home,756.7679925653406,0
47,self_employed,34333.586683385096,26.23756627822486,64.6689680099689,71.07597106737624,95.57383781801329,80.46423984814288,78.89671055530333,0.9480690126020764,home,877.0540943087817,0
52,self_employed,50584.57888660636,40.86418175174163,45.11672665086505,73.93450301774047,70.76908396750106,71.26354235253675,95.88680178162443,4.336962688508395,home,617.8977837652085,0
47,private_salaried,94131.30413144585,15.06573091514587,25.337531821895244,80.14413591373267,100.0,100.0,69.09524971240162,0.5459887326103328,car,691.9151217900073,0
43,private_salaried,37071.50887025675,28.315419899447676,33.2269504166437,73.38597040261233,22.46640030346235,87.11942506094175,63.32506035223396,0.28697297081187856,personal,641.4318370339028,0
40,self_employed,50472.07440461812,16.637088249838833,49.879038261135165,96.65951391728211,31.817150847142067,62.13211962362324,71.53694932243418,5.5104891427708225,home,780.4372989511426,0
35,self_employed,30731.74769721296,23.73149495475481,50.69905847839111,64.38693565494054,41.067238934687005,61.049565894517805,26.88050443417073,2.030972806376142,home,566.1726604701659,0
50,private_salaried,54919.86044053368,38.558630984088786,47.24317403392874,89.65173875103216,70.70409701195973,95.75685332316752,93.90482915822756,6.058062976219077,personal,765.0072978122404,0
37,govt_salaried,35078.96818489136,26.760417656425624,25.709041514061234,79.84596876332095,61.87582426423234,83.22185051302381,100.0,7.562336594917199,home,730.7457040252011,0
39,private_salaried,81747.67157507576,9.170159671337203,18.014024153504238,94.11282522232909,51.19308752535928,75.06195527939843,30.57552857473452,0.2951007903763647,education,474.23949365340206,0
48,govt_salaried,32824.71233241078,32.22039642615023,63.25179084752526,88.99406101197214,76.3829197609389,83.90597082143218,56.87164138605708,6.967347269443921,personal,558.8070087907895,0
45,business,77979.59092139722,32.381789332657185,41.04406099447135,86.64548231829028,92.81676746735806,69.08390312739373,29.678013925519352,0.7491791317377539,car,671.8644215787419,0
42,private_salaried,40235.342719021006,51.03118555459463,46.29000907942641,100.0,67.95696201329693,72.08337132956242,63.44657901582646,2.0306708862071967,car,623.3601920514138,0
59,private_salaried,32479.364315353407,18.90530041732273,36.19062965584664,83.32296887622671,98.93552076896347,85.12049001327645,75.62339203916764,9.054119657539665,education,642.7955066206234,0
45,self_employed,40521.800801592835,26.69025839011443,33.97122913357671,81.47132158204592,52.0354682459504,68.86220173122538,51.7528983313502,1.661508571197536,personal,734.9181511716629,0
44,self_employed,73793.06397748474,46.87202536848417,33.73876428586084,56.67795424444836,55.586854228907455,67.79419371224981,46.37828697700412,1.5327466062280257,personal,753.7186132128068,0
46,private_salaried,57732.58892638323,28.978982876907253,31.19471104631753,52.1331066056257,58.40963486955535,100.0,91.33941559192323,1.4588523676880452,car,715.5680744396318,0
28,private_salaried,15565.358489127846,33.55937038961408,23.581033993659684,37.128453258372886,31.166091901137673,38.787763656557175,71.1597311212836,5.156085364736639,home,836.1033883179632,0
44,private_salaried,100470.38435543828,37.87661565232896,57.887291498279964,81.2541921115247,14.334411605925418,100.0,86.78011281971206,0.560795383311353,personal,797.310576586478,0
60,govt_salaried,68928.68516941997,61.89974787212347,75.03412946655646,64.35655788193631,31.000392132030633,65.13739706512483,78.35987883606992,4.044732129707349,home,578.0326355591495,1
49,govt_salaried,60394.28936803529,50.30352517050317,55.980746445923614,95.11169096337419,100.0,75.2727053304506,67.29844998780915,4.030118673741925,home,568.5536620045964,0
28,govt_salaried,29325.401736316464,25.70369315520317,0.0,80.08787437066182,63.08169204971777,58.83521803543178,50.122551136911845,0.19580434977870073,car,652.4345061376907,0
31,private_salaried,53838.95591384508,29.17001518983782,27.271873431172818,84.11525677417886,65.19962439823712,73.70156463175167,68.5033031273634,0.7509956507931002,education,666.905364383381,0
48,private_salaried,38655.340623113305,7.000133338680403,45.095543846373374,37.6135722419393,44.899830592525056,31.034237620297887,100.0,0.1,education,503.7765341571127,0
30,self_employed,162428.70830802247,15.393761507055121,13.447945726354217,39.742693252775425,47.688207768434076,69.8395090575055,94.64633109268914,3.509915106951272,car,627.0314719856193,0
41,self_employed,35771.745049457575,27.51682775910351,40.95764425443457,87.757977620189,43.139223639770805,44.221231360730414,72.73471423114435,2.3458145583260777,education,712.1269519457308,0
54,self_employed,36130.543600026875,29.739441271265232,48.479185263444734,79.9994280518685,55.04321057121338,51.92901568703231,41.08793354778315,1.129511977382737,personal,681.6737651508232,0
26,self_employed,59977.35982372729,39.135588359706034,28.909365024314493,66.68058232756047,46.6950908799148,47.87599479567862,76.89286006316723,3.1532588975772406,car,548.5673591904676,0
46,private_salaried,66944.57298423797,60.21155196750257,0.0,100.0,61.53034446958563,54.34025933487238,65.9115812620693,1.3516100992171576,personal,692.5890273006684,0
31,business,81317.90662368918,8.77515750990489,30.45067830639198,28.43296862451278,84.93958075928481,45.345824285139805,50.05191533470435,2.144510608898041,education,417.8684678802115,0
44,private_salaried,24266.659618929887,29.54302983323354,67.89436823327958,94.43332729009023,66.3842862115435,69.88049379223126,62.73338218229344,3.4219200991077963,car,598.0843505956617,0
54,private_salaried,26996.073507577898,16.81731362204256,44.405468937359245,49.70781302821468,74.2022262567541,85.64000897633537,68.76591324267505,0.5098036753660783,home,577.33806367178,0
42,private_salaried,100654.92882980315,50.98207487141899,25.936062967669837,56.97917194739463,58.5453902120264,91.41255034264418,68.23877788390232,4.970917343893112,home,570.1197785659898,0
37,private_salaried,42298.8879994559,32.09896189062787,10.929692012043862,87.32504646450563,83.5162149967329,63.7290378166707,64.08157662419482,0.2322936609868423,personal,682.6010802904569,0
24,private_salaried,168224.9309232706,27.71608357649346,63.74730911566216,85.33517974759894,54.65454438849886,68.91210689105183,56.06708510072962,0.6321128807482599,education,802.583038936699,0
38,self_employed,63537.90763992158,25.461225581197365,29.10292206627612,100.0,67.45072592669047,41.501457441844984,71.95000712878928,1.5454143995687661,home,790.1493854539804,0
58,private_salaried,69646.05380509523,19.770954049738684,11.88754417414517,81.52806644566178,60.35402436387582,61.66630227403123,68.14904436092364,0.9173406624354319,home,426.4334024371003,0
63,govt_salaried,131689.27449499624,24.795560784499237,40.24498696018113,69.97385143345153,85.08943100100183,90.62618737692335,79.89473297476022,2.3297088117537754,education,744.0294287888861,0
42,private_salaried,47684.62430143334,20.2499364227652,49.65243873701641,81.63115846550382,18.401539445128854,52.927786188493585,30.251565017500923,1.7989463240715973,education,868.4492779280313,0
25,private_salaried,42181.713100532485,27.075453252729684,68.3156217347703,42.76099081924449,38.90443919289892,48.23188241808446,81.0598888651198,0.36405258319170464,car,682.299727762051,0
43,self_employed,39051.223925208775,43.26738071004635,38.01696898911528,100.0,74.43753389848823,43.91740917129954,60.89513776708651,2.681464654532697,home,611.5978181079925,0
54,self_employed,84460.60243669624,19.124795843422167,43.169779399309974,57.32998561501505,73.81060295844034,73.78577920659725,74.79326447591164,3.833040689661948,education,885.312244720217,0
52,business,105685.26773331207,24.839767794272646,30.308043828693386,62.880725696580484,47.56749648806757,48.17659804740375,62.7351417592164,1.4474705993975703,education,619.0642402520664,0
32,business,30528.504186660724,30.21718276175732,39.51674640111551,61.420089411849375,78.3461977782639,64.90607569419736,65.98441922217627,0.682172209327675,home,602.6066246517838,0
43,business,51781.91983616307,6.796716279160961,71.10931485896981,31.163864675643744,89.90411237811877,47.51871452308665,58.59171136372357,1.5433613918579472,personal,647.6085996726123,0
35,self_employed,46513.13766927453,19.53419930129767,34.455738314210976,98.22847098114858,69.28035364525937,77.86665535419193,60.632155853182894,3.6088661386595335,home,537.8720636240414,0
42,private_salaried,39955.34208421415,48.080064474781636,36.28143275413142,96.03013447075467,46.40366793122482,85.25804767977229,84.0982945898572,3.590879090165447,education,714.046338394242,0
32,govt_salaried,46629.16473544887,19.540570125923104,78.56632902063751,46.969482208249346,20.74862504998243,50.16244950603162,78.7614588713126,1.4318755688532447,home,360.5964270262545,0
41,private_salaried,49820.376355493376,31.652730760904003,5.616533320888077,83.87193610125863,9.850864674440011,65.89691766066845,88.35443253426165,6.161647886772491,home,751.3502112766688,0
62,self_employed,40628.194516648706,46.84283268320121,29.95527743869602,75.6328883077853,18.27240010372389,42.55355959816246,68.17128156190483,1.3080427216706192,car,566.1468439171233,0
61,govt_salaried,96205.65951760233,49.88741983318164,28.9746840823331,66.47833742566965,81.84245601667543,79.6704672965511,85.96014609913985,1.649258980950069,home,732.6129684913207,0
64,self_employed,24460.25406342112,38.69252143981799,34.84771960119389,56.551453323755425,80.44691731882685,75.61765392930103,80.55316094417512,1.4848268274040899,car,708.0759685876534,0
36,private_salaried,60140.403303946674,59.28613671215461,12.988313144734008,51.521011173805505,71.74055567968539,82.2642345611495,36.67378461016624,0.2196979122576047,home,737.378180544774,0
24,private_salaried,67029.88345607274,64.15557237030526,42.79698966776336,67.18148189398288,25.50881212430739,61.830964008430364,62.43113481541617,8.608058204376963,personal,686.6934886656245,0
42,self_employed,61033.253087862475,50.016660257965626,11.87978932295476,57.90638953759796,34.97533386738435,91.56758655077105,66.42496362453842,2.3774192965358183,home,495.80923808490115,0
56,private_salaried,17436.61361055155,48.59429339560391,58.26563864010808,99.30139290536435,69.22095043661162,43.69794344496625,84.94158955309973,1.0144021969384067,education,521.8992685633483,0
64,govt_salaried,49749.62678492391,24.56899236316333,41.59391090632819,47.55362548631989,55.970338065900236,59.55085483522036,90.27658251099982,0.1,personal,629.0872010663419,0
28,self_employed,25288.07930779009,11.563066037098345,30.189578562052972,62.56717129141781,68.97195583669817,43.9465895727529,74.74378754664917,3.7237923262450283,home,696.8330701427552,0
57,self_employed,74417.24550156808,47.56253290253496,12.497696947800996,62.71616334706792,34.033221682988746,83.88319984718237,79.18599640405237,1.5184270883076134,personal,712.4623755990422,0
32,self_employed,57575.18212972838,51.75323311615241,46.192883381648855,78.48894520324143,65.63533386718285,82.96820024071485,86.95789228781489,0.1,home,597.2413586300552,0
59,business,19594.460299324935,41.34275960336062,62.157724230579085,84.32637768046914,36.99929231836282,58.51795253389651,71.27103677651667,3.5866851003434883,education,754.5365822074135,0
63,business,37310.039480273525,53.86293219605383,20.91875152152085,100.0,50.77228317359946,77.10608374978469,58.23076101946958,4.781728258531589,personal,704.5089733456618,0
62,private_salaried,95535.01009191046,14.860405166424279,28.860911138878834,39.503309309337254,35.2724944811028,62.736951504796394,67.93200411613404,2.0013780596703943,education,468.94828132484906,0
25,govt_salaried,29159.27219982895,51.067465099775056,58.840085845615796,100.0,67.48565137618913,43.93832098877878,90.25182268579378,1.9488180930716357,car,459.78794323242505,0
30,private_salaried,40346.43304875278,7.286871839173713,43.21755338364689,91.05451690828872,27.8456183541275,99.90369866344206,94.18421963781023,2.53022427310262,home,621.5662518885081,0
31,govt_salaried,22509.40016913601,35.82155931960697,9.792260007819227,55.231981527937904,65.93020590648338,71.30825951650496,51.92060893586992,4.222194906252448,education,472.7739791924982,0
40,business,123600.2219312571,26.612972853891755,47.002800202186805,56.15311097039176,66.06922303907393,31.43227565451174,82.35661059558073,0.27801686042748186,education,648.637998404469,0
58,private_salaried,72976.59748384752,20.27122506771505,59.70541820947277,69.67935805609554,37.472655516303966,72.47288571240827,36.977156538313444,3.1257790644560224,education,608.4375223924632,0
56,private_salaried,60550.614558974456,46.76163160480756,65.4593146492625,95.54351821977446,43.96745916739772,94.02901517298194,68.46322317173136,3.798766237446017,car,786.896037115082,0
56,self_employed,37710.18316217881,21.96639943774032,49.88671113035284,81.69570363471732,76.9655273494268,55.75005373402551,84.83214623013019,3.9992863225028636,education,613.6019416699278,0
55,govt_salaried,48825.61564421292,32.84002798068824,36.43670606891509,47.58440089673374,23.785475360054694,69.43938195220953,36.59961048260118,0.698072535812633,home,836.4149789318892,0
46,private_salaried,45459.28737758935,48.26935462124927,31.928504488473227,92.09836386783326,42.12746115662395,92.84113969058751,59.522321980932205,2.284485226412603,education,666.9465723884206,0
41,private_salaried,107383.7410451573,12.20362413646789,52.67826468874779,63.054850953177336,25.293867464113962,67.62456237196012,51.02640304394714,0.8317240650315666,home,705.3983172669014,0
63,private_salaried,38259.128971882536,23.894656381225715,30.40902794205138,100.0,26.87171344105836,27.954578765037624,84.35877259858722,0.5867724662730301,education,589.1429035393853,0
51,self_employed,31735.831370441927,7.4220776504083545,33.5704283948351,94.64221571965236,36.1757816891829,70.37081981474378,51.36044339364963,0.683423760060544,home,758.9271990935688,0
57,business,114439.96122223107,38.82855027105181,9.420693044238938,68.79057425993298,9.670767802865278,59.12027357235078,89.2939674507864,0.24700974072820775,car,486.45408520698544,0
48,business,47649.782272222335,46.414757578940446,56.612817377323154,75.76604915119316,41.720344109881026,46.295137707564095,100.0,1.2145058874852706,personal,627.5895549704496,0
53,self_employed,41922.05944207824,45.06380641097756,56.37737765778806,100.0,100.0,22.297529394694223,59.80727215181617,6.312057352333481,education,702.0968928588472,0
36,private_salaried,70785.06729175031,47.76460183486262,22.09960723806762,41.56737217302978,52.39003972754917,51.285993250698105,73.25853332949748,3.237674483671806,home,732.6187916559206,0
28,private_salaried,24937.277451155423,20.314080290718408,26.149788699153405,58.092359365695884,65.90854820454034,64.4409712283178,86.49223783788976,0.208561764820861,personal,526.8497476585071,0
24,private_salaried,38807.70882687281,38.40739119509233,49.02999454534529,92.58903318471663,39.57347827414742,46.90364247166857,76.55079743797766,0.3032540470024976,personal,660.4382200048466,0
26,private_salaried,37752.469592110436,29.153774181152187,48.10062190228267,86.57533851215398,32.79900051140084,37.52431594495291,91.48895385002504,2.4711787654711923,education,746.2928519863626,0
58,private_salaried,66756.33256750529,64.7788184707316,11.015012994483921,48.134490687950745,39.32212185402276,54.49690862903992,62.47242252666305,3.018468653216633,education,506.99277228657854,0
57,private_salaried,21358.16346535266,48.36046078923132,51.75677501494698,66.82575386298092,72.5895542685914,93.73964542958312,67.66190926260859,0.7374593825554194,car,754.7259775400574,0
38,private_salaried,39367.42547020067,38.074372732509005,43.286091569088114,61.16433258966926,51.26882112069138,64.23530708164573,99.96775064702318,0.9752722992739672,education,503.47548155038334,0
42,self_employed,72109.61069724071,48.4849848085525,50.52914454075552,97.5404047717344,59.18478179103144,86.44449462596316,100.0,0.45382259653798573,personal,673.5098927264489,0
41,self_employed,83774.45774928087,63.39658900527195,48.00954628885148,81.23634650395113,46.00667906788446,81.91228796190174,47.663154233153165,2.2482261781088853,education,533.4299798646798,0
53,private_salaried,20532.94915309464,19.888971628781157,36.25062192783725,77.09794235724456,66.33421132726782,69.2314879474145,95.00785766417742,2.896358245983397,education,475.6333248769689,0
33,govt_salaried,37433.05053802638,15.60593251848626,35.92789627470125,72.40041640372046,63.395400911980715,72.57373958594815,75.89290290961326,1.5625396832741933,home,575.5406737825845,0
61,private_salaried,30382.416706706168,30.98160129410646,53.93196977826797,65.73080404037213,65.22762474249646,53.498323160835554,93.97332524521332,2.067700857531036,education,485.4481743504907,0
32,govt_salaried,52116.25313422969,42.97990753680605,43.56184851680307,61.804471861212136,73.60973684171434,55.37123152419257,28.672145571604418,0.17534615322278435,home,895.7410550746354,0
22,private_salaried,35803.09791685761,51.57469770417438,21.480297117305746,75.99964917598776,62.92144921920163,25.01869005155359,58.30051111462634,3.988673928149311,education,685.4185433896741,0
60,private_salaried,32151.050194764815,35.56672965820118,26.044038800368142,59.171074437608546,21.035108265764137,84.48958979629859,100.0,0.8646970679442144,home,534.9532014429624,0
34,govt_salaried,86227.82750683006,31.59882306975743,44.328158622164125,68.52544402719697,5.221377006194388,56.711463843749605,77.4858932799592,8.28796535815221,education,530.2027500897184,0
51,private_salaried,104894.21009620039,2.2347508132908374,25.47031458623892,64.06175134200483,63.58570914733574,88.22212357842542,72.1486179968431,0.5632088351615206,personal,696.1199242598543,0
26,private_salaried,31494.00236311478,49.83377769738807,16.119049802515658,84.2005585687078,97.32166912292007,49.08503329596118,62.46112856814004,1.3037912413631405,car,646.2275639068222,0
58,business,143044.26508294884,37.66990027974795,15.55135978801951,100.0,42.68792230781361,61.4491656842447,58.515529181303584,0.2362355363162667,education,692.2181690867002,0
63,private_salaried,40169.54536161806,22.59034198906317,45.91525042809227,70.51382626095011,51.675228795649744,88.40565998686216,77.39618161002336,0.521562921117239,car,631.782651916054,0
45,private_salaried,18052.669216023754,47.00376978845614,39.20440046210112,82.83843168678284,83.10993996213412,60.77182405507583,84.66874201655656,3.302956739023799,car,699.0727924303486,0
51,private_salaried,91858.44189784346,27.30589254545022,36.17522770473399,61.13048635349732,60.72474864459951,42.793777587906305,47.522933358342726,0.1,car,706.6715927536509,0
51,self_employed,43110.65290860652,69.11595952245558,34.048465414029266,75.27451424681745,75.96255865914304,92.50620518451022,97.1758043345204,1.912674264158834,car,900.0,0
61,business,53222.57958436097,14.269867779580593,0.0,55.01972438526256,76.12065471616773,61.086533407629354,48.88721204435883,1.190570682306363,car,793.4434487836422,0
25,private_salaried,26186.35707906305,51.429733504941595,45.68691695492724,95.70880771144857,19.069239383051205,24.525467722627923,50.20401747269722,4.905897985499571,home,597.274853595017,0
22,govt_salaried,75277.04124080321,63.02799117931689,24.227192104888587,92.78397997849657,46.07066279729762,46.39656938965001,55.75518182518971,0.7359305036128655,home,742.2354532749705,0
47,business,44022.06632433408,36.651735530829406,53.62383348999598,58.595675409470175,97.54203786134335,77.75967745662207,100.0,0.9745450015487591,personal,736.0210654279493,0
38,self_employed,66487.21843835815,38.96472799909829,44.29601296346099,86.33942249213258,52.84036451013216,56.369227459808556,76.88692072386846,2.8508231682808893,education,616.8236072553036,0
28,private_salaried,31289.305382433235,53.69172646567944,0.0,100.0,55.988176507064686,52.51720430613696,62.72916407302841,0.21240171925609241,personal,688.5853698803701,0
61,govt_salaried,76870.34384532915,39.55218925855725,11.876467087472712,55.19456985842241,61.28123467780459,74.80600759523799,68.5573729135586,5.280596547488111,personal,716.6488328454665,0
31,private_salaried,23318.923637656975,39.48368712315616,96.65902287950566,77.88833796942201,58.20613060004561,100.0,66.70049556013593,1.3427714210447785,car,540.5826437444327,0
51,self_employed,30810.07899192141,5.6303915943189935,27.389902017211014,98.96245367738929,52.162618749536236,57.88194921164528,48.01308587103937,1.0544599168458917,car,611.1261823180939,0
55,private_salaried,83122.59702679266,32.641569858826166,67.7960851034335,92.30979284340279,88.43739215327628,77.29868046757218,60.180085266132096,2.122612100852434,education,734.9129770782623,0
64,govt_salaried,37636.23982591575,39.47880870943821,22.627232174595193,59.80710355647881,31.578353256762327,85.57678243731002,98.6372388088793,1.2865052795061795,education,879.483157029979,0
61,business,77701.65770071885,70.83755205379585,42.85826483030244,58.3842123505319,36.84583659106792,30.05783732088389,68.6036040252683,1.3753849950971897,education,680.515173800969,0
42,business,195558.4821286704,13.580656375991367,43.17326894225505,86.55727051188387,10.464275503642554,52.753084820589336,49.049023726893644,2.8520117994309935,personal,655.9040057522078,0
28,private_salaried,31426.169341206314,9.140992905487689,43.73483552244165,79.11536937216107,10.82826501431554,77.36290519585674,61.68840092822512,13.18414149455829,personal,679.0998569968402,0
35,self_employed,67369.88881156468,23.495506886641444,24.31792081562317,25.090526086924605,63.41215007310368,31.944680705001254,50.197024563187995,0.3743640719118924,home,588.4996901519522,0
34,self_employed,56912.97043094456,33.76242628064488,56.421737629208664,68.31243131294006,56.730959808981005,9.892671548712492,59.89138230731194,2.897466910381559,personal,578.9944960750109,0
62,private_salaried,57906.103002113974,6.808284782901936,5.9433290421885445,100.0,73.86011929055746,57.87394904039961,91.97360727294065,5.880107327708931,education,504.66437009930837,0
51,private_salaried,97566.35078160574,59.70638811520928,66.93893728724645,90.16832155290547,56.48586898564628,100.0,74.90397478658117,6.494353113781935,home,628.0355086600757,0
33,private_salaried,31946.20485963767,49.57671000464953,56.46870911920924,88.13958481856793,60.7688513427308,94.46587841348234,40.30096952619871,0.1,home,589.9412783997267,0
55,private_salaried,139046.2193764727,73.04726796361297,24.6647324957675,72.25181040694369,100.0,82.40840727133345,77.91973861538692,1.171663406683075,home,761.0594955416474,0
54,private_salaried,89006.41099574581,31.315976925962268,21.91046689288851,56.8363860331456,81.8584291381657,27.412371416378917,91.97740474991903,1.6053538183188156,education,595.8404352812167,0
57,private_salaried,27648.689575697084,39.548021074445884,73.68126880853593,85.2666170266988,38.747968417881175,89.46693096940163,60.7387306375293,1.7424152346937638,education,655.4287806488019,0
43,private_salaried,110149.74996494561,50.76576019924299,55.397596779259516,100.0,79.90446666327765,40.43092376199343,80.76645617061004,1.718685886191842,personal,844.7789796085772,0
34,private_salaried,53539.82301928058,43.39679348513284,9.95483125245665,97.67232040863497,54.070106886331054,64.83122034280966,100.0,0.9183303317580642,personal,567.5208918329415,0
53,private_salaried,43834.476205907784,40.143707728306666,30.42807526866375,62.994294993709204,99.36603770852744,61.56726893178905,53.10571905251847,7.802703931039399,home,627.6568488333928,0
37,private_salaried,40595.18470281662,23.01905577571862,18.25268322898618,100.0,37.01096718679007,55.127987492643506,80.13103981356127,4.251301981741193,car,675.67099640588,0
46,govt_salaried,69685.15612481514,22.6378314516786,3.6868620859729617,54.66522294779887,56.40679854556113,51.969068279429166,88.67080995702008,1.7471187758131632,car,683.4745357906104,0
63,self_employed,62201.3211326146,17.487631936093077,49.9572961501957,59.08673063181399,86.009706197924,61.702470764847625,61.06638414854581,1.1819381071349733,car,810.673722026038,0
33,self_employed,77456.08871986387,36.65117580199621,25.993701608405097,82.67695320606649,95.07313890344072,88.0633460137679,77.28853905228596,0.3791343007333441,education,762.3258633409766,0
42,private_salaried,46515.60286777164,35.65766095074017,60.68779685709054,32.702741399184426,42.356867481738334,83.46988810216583,100.0,1.1736647767572108,personal,718.4897401242831,0
40,private_salaried,40409.9603025751,47.55997144160591,47.59997502909498,59.597012635794,52.184545956481934,51.89279866377092,100.0,0.7815925066180438,personal,513.601436019544,1
64,private_salaried,19572.505273026363,26.625859149328747,40.52664187718009,45.31655948236676,61.18679439583934,72.25548053564076,62.4081556912335,7.08721832688129,education,604.6710577827799,0
47,govt_salaried,64715.96912166152,40.958366152639265,37.81654703528275,98.38941737931384,33.184445446319934,51.5595099078729,100.0,2.637936382673041,personal,300.0,0
23,private_salaried,78697.70951174755,45.77739019380675,5.814011994335768,55.5215779622956,42.98295257876404,22.574858728177993,69.82718587240284,3.8098852521882334,home,719.4493625763422,0
44,business,72586.96625543697,34.31927973846792,52.78910804602806,69.77157950341345,87.25566215446143,68.55088983047754,58.042250753762445,0.7060359967703362,education,610.0237775578296,0
52,self_employed,67139.48724390432,39.668607758544184,8.159905781281171,78.73083386340424,89.49619295887577,66.46800264947511,47.36176404520971,0.2682234430977584,education,493.93332173990046,0
32,self_employed,28435.159371507096,30.138677076888342,42.87337221732893,62.90461914609566,67.45958036761647,38.03937857184036,75.22808471464447,9.120528424034578,home,773.2785153446482,0
41,business,47540.0505433136,44.33052099951096,34.38878794436115,56.83817946288796,77.55780890169461,93.01850053966524,93.17043894902366,2.9138468699610867,education,695.0055313934972,0
32,private_salaried,56405.908474149335,20.824349542679343,35.155329446851376,56.35963151895709,30.21047604994962,63.04071526168821,100.0,2.257906609475548,car,573.3267536952452,0
26,private_salaried,60297.51942304609,19.734611688537086,30.425863190606847,82.99424471664888,55.68120370917523,48.300928618394934,47.90548760968922,0.6736707625005314,home,767.5045875202663,0
56,self_employed,68241.46212151602,40.44337885338576,19.78629640420129,90.76985644792117,45.872816127721094,81.55255935139778,78.65842606671002,1.533156302710813,education,650.0124253122315,0
21,self_employed,142994.37602493927,58.031781523456964,62.280167965087465,84.46030402782905,34.64875889804297,67.12119368609407,61.37666491470771,1.8389928984205104,home,598.4704351276101,0
45,business,70167.67711540249,46.91693705446963,16.87540532234797,66.73536625504123,87.79150125141115,27.1418854808947,61.223437960198794,0.8948808996670122,personal,649.8919589540183,0
29,private_salaried,47059.14859857782,37.42831199468574,50.34653346026823,99.62240691342683,64.4851883077808,99.83370216627796,98.25658483102053,1.5719847170990353,education,539.9734555812951,0
31,business,34615.19496468337,51.0261588875265,47.760845769805464,63.58477043351549,63.90610310323376,38.33865748076722,15.715893721608403,1.3876464383258997,education,683.5284171545643,0
49,private_salaried,49843.27600120191,34.38225135836834,14.375377443998644,70.25139317674736,33.76045421695313,22.27368576309405,84.48855644676576,2.1602892864993435,car,464.3503645973127,0
43,business,41241.1775855339,61.26543190121998,50.04806400324694,47.35538762378938,68.87094703997393,52.233634215856135,46.83288838359049,4.134326517051087,car,574.2487398097719,0
36,govt_salaried,41378.16354979496,19.7228794112687,32.503171036090286,82.76841388110842,14.270887244171831,40.14008778106108,57.13847900479266,0.5468907788581302,personal,521.1044624629648,0
52,business,41203.294420563674,37.11266570365304,24.98523959908323,53.887708671004965,46.15054974225508,57.36620227348569,54.13461409158937,1.2433115387116336,car,480.6421833167151,0
62,govt_salaried,33817.708119079594,44.452670082682445,22.13789146634352,65.74563441777774,57.0218702727383,44.10800502345164,52.103435351121114,5.294795080526125,education,583.6912723468179,0
31,self_employed,28902.829312361355,12.111410646413852,32.4334415244864,84.04985775116987,72.19341613422091,36.96101820423473,77.78213578349703,1.5338747442247547,education,522.6691553620896,0
39,private_salaried,52914.96329329648,38.26609192745845,68.34257993409742,67.30014326533104,76.57189883232454,51.77838062495082,74.36505731653165,0.20232006050932452,home,670.4594947439559,0
49,self_employed,58195.455486618295,45.402118102976075,54.067523429347226,77.08713143240115,68.73512309328491,96.04249609416372,66.1282238492494,0.7005235414765627,home,681.4356635756227,0
22,private_salaried,65644.84485158122,66.86059494927034,55.08726878078947,70.06496472684086,75.60455427559751,73.72506874699049,39.046569104219,1.3191739929730275,home,809.8159954692121,0
23,private_salaried,57170.096146157906,42.49300350238426,28.050125898353656,100.0,37.529735815760496,70.06362126465847,61.75386540884522,1.530190415410829,car,549.4119426368095,0
32,govt_salaried,43095.562444022675,41.067084586410196,47.73274877874689,100.0,63.1277271537617,44.04597524660594,61.590155752830555,0.1,home,797.3931163322163,0
39,self_employed,39368.046209337845,38.54175437371205,7.02981901833806,53.68119075780433,53.39222286265519,37.98850009585258,73.63481564161,2.7002473379922822,home,479.1954601528917,0
22,private_salaried,145319.23279650693,22.028486296288,65.29408551016601,88.43259676693319,57.42128127333455,40.94241021677355,68.89914068875262,1.3908806677516197,education,578.069752245487,1
56,private_salaried,32172.13969359774,48.622125523152334,43.62790775402303,76.98932556736546,39.880214657715584,69.52902942359445,73.37773681418709,0.18861654118913462,home,427.7610014745402,0
36,govt_salaried,123458.89783523002,18.63033320304529,0.0,56.234485472477076,64.43378403072433,77.6574156253273,57.89594283569176,2.148137206656178,education,670.1516643208192,0
35,private_salaried,134914.45876897487,61.74842718731555,24.411476506122867,97.85078222685691,100.0,91.33916677579799,54.74180598766668,1.3243962898226116,home,662.5775006180634,0
37,private_salaried,70531.66032105859,17.6793543930152,37.732604149902286,97.14473385075723,39.193849886884834,77.42308761453978,75.99685099114754,3.5312469121072803,car,594.279437839812,0
25,govt_salaried,84746.7671605612,36.775257827134006,70.2318708100561,64.10226733508566,56.93350603698202,83.27690859684006,79.33740923766696,0.9147526199577005,car,691.919381153489,0
36,self_employed,76967.77907965233,43.277032425473614,15.37044081582448,81.28858485282689,45.66585309491688,55.34596819304516,71.41799744453604,0.23818364679920606,home,547.4185321916101,0
22,private_salaried,69724.0702872788,24.441165275049425,38.657952196114614,100.0,73.86262827565662,62.33394936204472,77.9230624798363,5.296959888996229,education,829.1171643258547,0
60,business,27915.767569018877,54.35250645322217,14.765779999721257,83.55716218576462,41.17799456755809,82.84517785831886,69.64740626276914,3.138772423268976,personal,477.2437601259418,0
28,private_salaried,36850.16498217967,60.0406634207815,41.638764687620544,100.0,56.80853184129071,61.387535208837186,74.69100008660342,0.9188316649740567,home,813.3799139609375,0
33,self_employed,201850.17365431783,42.93512680330428,39.93397326740509,79.87299978052339,24.70546429225997,54.62276004518284,70.99759573813124,2.5424040426784855,car,714.0957733659438,0
64,self_employed,75477.3771344773,40.84910886530159,40.759160078458045,55.02803679848619,49.0100545610192,57.654153253231875,81.8107627782692,1.3132082283349473,personal,397.1359724284005,0
57,private_salaried,25429.375602588127,52.48644591570138,71.84079120207409,79.21277058378608,68.6997305047683,38.66269197538767,42.98270463345166,0.20738568289646916,car,750.7855937265126,0
41,govt_salaried,71957.12861323141,18.37924557771297,35.87936818880655,100.0,54.71392336646398,75.30796342025819,64.30936322910776,3.8143239244199685,home,769.7917575611814,0
35,self_employed,43012.710273089004,73.9001189874972,30.56706296348039,70.04473687030101,34.545016494574725,65.08846271542218,74.27955518373577,4.263141328751516,education,621.9081843711317,0
30,private_salaried,65079.32470778189,19.988656293937225,16.378350371034735,74.9073600033354,54.4064497089184,54.098503768034654,65.58003570762902,0.5587319813095658,education,761.8681163321872,0
51,private_salaried,106110.80551229608,50.11952538168559,66.3126992458856,53.94629458709122,65.8502993219738,20.50447740729269,84.11849923745393,0.2927264155794093,home,717.5582924629036,0
25,private_salaried,32316.493606538643,20.572157478041852,39.99322995314,44.88797019672234,15.531536855585884,94.26111407740399,73.83504998996078,7.761233426510701,home,471.24253291448144,0
34,private_salaried,55286.14513858679,25.975519081700455,0.0,82.1510524784666,88.41464500784595,90.11321841252229,44.462769741958155,0.5332772497227948,education,711.3300922662759,0
21,private_salaried,19188.47416111055,18.549437610314016,36.46118396715577,48.349062094078405,55.12169696798815,78.12944234322767,93.28118821206675,0.6917711411663036,education,859.718104621086,0
43,private_salaried,48823.81255794901,26.156869897546954,35.75310412873335,97.18559485996376,42.622192611008686,59.157140000360755,88.75326492495779,1.1047394238432031,car,329.02568600804824,0
27,govt_salaried,41584.241452648,22.75333439000653,77.02453562006977,96.76168723609366,0.0,86.94988173760363,49.823804014496666,2.382159231760631,home,633.3389077846497,0
46,self_employed,57014.62510290353,23.30835936464361,1.8138986280888574,68.46157856756138,60.7244730967183,21.280105406118224,86.12601113320957,0.1,personal,725.6284694005245,0
35,govt_salaried,17101.691280236195,69.17932628969447,14.397232201643927,98.37318270403516,42.99627881363051,75.2188526538885,64.25384926744033,0.10908830891423302,personal,597.0207410350085,1
34,private_salaried,56542.717624433244,52.232970695966685,13.473821175607867,86.07636270167981,0.0,52.74585318063559,59.76356769979037,8.974097790955152,home,725.4345071837962,0
47,self_employed,56193.08426652026,10.750022950250898,39.105656475476486,54.47228891046801,9.833962741417139,62.19249287631114,71.53733117078224,3.1679550246317505,education,606.7704499539175,0
31,private_salaried,77945.14624466414,23.911923462425623,41.52512622962175,72.92547686543557,92.97991735617006,63.37814520917698,69.70053968914804,2.642302761561692,home,610.4673621034372,0
30,self_employed,54422.33552286601,57.66105542079797,5.14294825376755,70.84500669407595,53.60837175052634,48.57937426560878,83.84356998188021,2.015946067718567,personal,678.2221294835156,0
27,self_employed,145776.9267506358,40.262175773907,10.501510206124056,56.169984729313065,0.0,50.686427807073954,67.62473967652575,4.675411925061436,home,423.41438574287275,0
23,business,81857.07274247063,47.57489913285896,37.709380874072934,82.48963873533965,38.94114828662589,63.6684723934035,73.69502392580779,2.86674824137926,personal,750.4058554268646,0
61,self_employed,49651.753443226764,47.88660346118522,32.70718136439599,53.060732379525085,35.819318343137454,62.85816668075313,79.06698871539926,1.224869147338195,home,451.32342203123164,0
43,private_salaried,46593.87732536438,46.02645617528629,9.48400262270459,62.38722670822354,79.86441289741948,37.7160197955035,55.80317353718975,1.037548854391432,personal,787.1481787401306,0
49,private_salaried,33796.95786272496,17.541139478449466,26.557356088216487,60.65831925435725,55.79370863747521,68.03949520645008,58.17418963801597,1.6371703620029276,education,777.1248780149945,0
40,private_salaried,34242.984801540406,44.488015324136185,21.619188271472463,44.634654522151195,51.35131553959991,39.91965979902833,72.94198546459857,2.2526662106972113,car,646.9763160117341,0
64,private_salaried,49200.92707726714,24.071565624234616,42.99881730651817,83.83142834187203,47.8774569556768,92.46944216747661,64.00918839995137,1.2603948835820384,education,712.8737420880784,0
52,private_salaried,144982.01649951804,39.754038998257975,55.33532363825755,47.44635373567431,59.289735611737,61.41157947178168,48.84792843344243,0.9916347449443348,car,804.2341861285299,0
38,private_salaried,27125.063580053284,28.63292436203332,24.400542339046407,62.712603423656745,38.6059442692618,87.04668716845956,68.58619034571839,0.1,personal,521.0185671843067,0
26,private_salaried,23717.907332433013,21.637108684525177,55.39443096347746,100.0,57.323833541492576,83.5382405610784,58.900218571935454,2.230543328981434,car,574.6606276014161,0
46,govt_salaried,58735.29868269592,39.60695866133572,39.79724731576796,56.36178785979867,51.95743152023318,34.58884287585489,63.01770585464469,1.549385114814184,car,700.6490659125774,0
60,private_salaried,27282.29868165182,13.229157498502907,30.891844749303857,65.10053003659237,39.0160528033673,46.653913315130865,66.22821382869985,2.299253389343993,personal,846.3788251924279,0
60,self_employed,33616.540381210216,40.645945992034505,32.56075977020603,40.6142340998557,85.47466753214334,65.70442205947984,59.580296471774545,2.197590217282573,home,704.1798592630673,0
39,business,41119.91831183681,51.26452298178445,82.68961941035754,61.911524617872175,8.063847499956843,60.48807480744141,76.20999022554358,1.2351646425631633,car,694.3449179835899,0
64,private_salaried,59192.27052769283,48.93634112892279,6.788948625082256,62.3302474440854,48.037420656685676,74.42366193527108,73.07838730047551,1.7731087239492183,home,446.7656537194488,0
44,private_salaried,114385.15115091177,27.77243285095542,46.68630212629061,65.46836971185529,58.65992766512857,49.7696161234286,59.23154084676901,3.7234423554583223,home,632.5973563800387,0
53,self_employed,71536.37793786018,24.787274804842163,10.803316801815008,58.70813274776154,17.238052050523642,65.0798146014616,61.34872804160608,0.2307316197657464,education,677.8047291832886,0
28,govt_salaried,62227.75093075217,34.53742385587138,54.16187072377703,100.0,27.248582933781265,73.27719074688093,77.82230857421186,0.5966830050684999,education,621.5533695399282,1
29,private_salaried,94654.12073561775,35.880642192227285,36.26378996405417,84.09066943772129,64.07507735166355,55.00952063793042,49.5864268655063,2.877014904660829,education,619.2107300895632,0
44,self_employed,79103.96230114218,46.84200297649364,54.28942454507003,59.987834319496244,76.29497276084439,61.843185421564314,100.0,0.6848594165751662,car,757.2953110629467,0
26,private_salaried,81525.78905674208,68.53373769189832,51.2637765401709,78.02886421880198,48.254632484800844,45.63453740796855,64.20889810239531,1.2237406893026122,home,661.2249692655779,0
44,private_salaried,76390.79142689212,45.450441946466086,30.131024423479502,87.01805220956318,48.44924206054023,60.73630076321317,100.0,1.840751432707166,education,633.4605176138477,0
59,private_salaried,41970.167211021006,36.38569571695441,43.758332094240075,81.92863112731602,100.0,85.05401548795881,40.980036429201846,1.012081894853529,education,864.6427158086218,0
31,private_salaried,39087.63188534515,22.35956947006073,34.89232966246882,100.0,99.82023540713644,54.75980459901976,51.27867456243945,0.27901088824361064,personal,540.2936991718956,0
51,business,138494.36007166142,36.17560719819119,24.26141012201505,78.34444918561942,100.0,91.02026975940646,100.0,0.4047012478000775,personal,714.3980010783761,0
45,private_salaried,49350.588728294715,30.879217313623617,34.44622467824498,79.96746188433549,78.21453758193685,63.48376986943226,73.42171645767115,0.6378202234269017,personal,714.1079444398749,0
33,govt_salaried,64394.311828266604,61.015501226148544,67.20411051680037,86.34001198470078,44.68740167810029,92.60947720099267,63.3296078858506,4.160846188347592,education,606.636163545793,0
23,self_employed,45434.60953916613,57.47559217341103,2.5062869234117997,83.72665772105248,71.011680972297,97.77230627881775,76.67283784710295,0.1,home,712.1854160067552,0
21,private_salaried,28117.11473552444,35.1939672431899,11.086416824272426,80.96466571926514,61.153398229420446,53.4020771951646,75.15254882022944,11.873745213162914,personal,793.6965858812569,0
43,self_employed,25675.500253525806,41.15845452049761,49.085803026518036,44.384872387566375,48.263162433887416,58.84960242418702,70.84811067571692,1.4895998033878661,home,736.5947820475749,0
47,self_employed,51118.96845248795,38.92073702501038,0.0,65.03984638851445,67.04340764297537,79.28287532501538,75.87751116672761,5.782894684684454,car,535.9019249640387,1
31,private_salaried,29850.737804840912,20.02379964659806,35.750882333293944,63.97293789027435,31.20527481130699,53.3438134818316,63.2392181883674,5.731848354828649,home,549.7059789668142,0
59,business,58108.31043253564,12.325557689134769,24.05216659169112,20.33553375206199,10.294198996324909,78.19272470696741,68.50311287359,3.262972636848959,home,835.0562211522772,0
38,private_salaried,24291.55741485085,49.469675326837034,31.092357985887404,76.20239169789859,90.50884792582158,36.5418921219863,81.87678938562723,4.413501826331676,personal,524.8647853046991,0
64,private_salaried,68720.94933246207,35.0187369299028,41.82523674428097,65.69888979600113,43.16501787675332,49.80414528383902,70.69397052785227,1.099602237065895,education,680.8399299575626,0
36,business,79629.87770348867,11.382017136500888,32.2112756491134,100.0,45.29358758923894,60.83957097233922,89.58238179651487,1.6464431009872549,home,619.6546928685709,0
54,self_employed,13775.264900189757,49.56667189569364,4.027075989156835,68.52231310993854,77.8109836703949,74.45747925396218,94.85063315316243,2.3886094495686043,personal,603.5662986348126,0
55,self_employed,55301.78512484263,24.365882588755614,29.405473198012356,44.23800450899083,43.32671576566918,65.52268894760171,89.11701163620992,4.618438067874414,home,572.6970137641677,0
37,govt_salaried,79266.27927988394,28.108643940866383,69.8338154436233,62.84313319648327,12.829772852758943,66.33635156984123,84.18952128754448,5.61635276958122,education,739.5770792163507,1
62,private_salaried,102188.29023075846,24.846523444684706,60.702983798526276,93.19122437038585,55.99578992010236,69.46131306952896,90.72611622021388,0.25220313018395213,car,729.424319210005,0
52,private_salaried,67945.84297969329,8.385311472894294,41.13976460809928,69.46352946613348,44.01465282276775,59.46926698750526,12.354609373349959,0.40183342698005453,home,761.3995754304703,0
46,private_salaried,24478.26543939665,40.94210855211261,19.088235115442494,56.75576653295425,21.32991309309206,87.56600659084405,94.08829951530913,0.776275147769942,education,575.5683105152359,0
59,private_salaried,36645.5027343168,23.499332030213345,27.133727267774788,67.80450589140288,49.102484088617025,86.38129169470761,46.18769771754864,0.3451515234287371,home,520.6020145632855,0
34,private_salaried,64841.32079763945,41.72578084133584,25.07427931425041,51.63307327203911,54.43199983387388,100.0,65.37353748179086,0.6453802849649408,personal,574.874991627076,0
57,private_salaried,74015.53036507664,56.67950948235887,50.24352620717076,69.14216986898619,43.4695222162748,52.81722971410825,58.13187731828235,5.806552536504751,personal,576.4353656038827,0
24,private_salaried,17055.59660138756,59.40063866753732,40.96011360617066,71.88798741977402,64.6633181348866,36.14261046176399,58.86642009495004,0.6176709782041956,car,764.466805450636,0
43,self_employed,122751.22578388543,21.564399779749014,47.472069820076705,89.08711616038616,97.64439943864903,72.31427279086157,90.52238308300402,0.3953703021868313,car,552.7441449462351,0
54,private_salaried,95252.09390767994,33.85326078225443,32.9167693059437,71.82576904739689,84.85465057026823,65.72733999506835,66.39544433788488,1.962634354653867,home,615.2396289854807,0
55,business,34103.66701377852,22.318778157899263,11.555605357681266,61.49413387478894,8.382417689860247,52.223914836117245,100.0,2.7028285687244615,home,632.32292142145,0
58,private_salaried,54800.09143766139,27.118354759677384,89.97806250069323,100.0,71.50890894673107,55.29226314787236,100.0,0.6862927714395778,education,516.2248968510268,0
37,private_salaried,60451.14174748908,41.6262068053848,71.6998256164647,85.96748838198587,32.848483760998946,31.657497418246017,57.555074955644066,5.824846662023409,home,900.0,0
51,private_salaried,66476.68392331168,34.30078600151293,43.04706835791985,76.21091106564653,10.000894113102241,74.34512972184494,77.38720758199959,2.14314730657852,home,843.5948033162246,0
23,business,65380.59776614307,15.063183997536157,35.034567138289546,85.6306984469014,82.15233924583318,38.699310810398124,49.782982626291506,1.3658864355249731,education,453.2648015771185,0
34,self_employed,90728.6738174854,12.515777145682115,32.909022676787245,77.17723365748859,33.646053435109714,63.94583131306084,78.41936170820128,0.1,home,585.6641793746826,0
57,self_employed,50961.18069155065,42.83514513285193,64.45406790569706,23.45989895598347,44.59748484114735,42.45741260159511,100.0,0.1,car,900.0,0
38,private_salaried,41821.28365368612,24.127447025257027,40.903701014467174,100.0,32.803813756931206,70.03781003222517,77.14223521263048,0.6526493173892888,home,529.5119354065223,0
34,self_employed,68638.84426714703,35.48465309171376,11.76901484347087,70.90265417277348,26.137780639869636,91.40213356119037,75.29822584215688,4.938680581960302,personal,492.04613561336294,0
40,private_salaried,60866.62905724811,30.4007356139832,32.021513203904846,61.003348032642315,33.285904781649165,82.30653219335673,71.81661523823978,0.6128093787696303,car,687.0530844069373,0
43,business,61607.17473147914,24.44951917627471,20.201493781902798,75.91598992054078,100.0,65.76918814300319,9.110551189823404,0.1418981882817247,home,565.0786836562269,0
58,private_salaried,35618.257903141195,26.166532055277347,18.327974847769948,69.5474783789115,0.0,79.65658153476609,76.7809819861825,4.347127097425949,home,692.4260443608698,0
59,govt_salaried,111592.0283415367,58.6417104784949,42.972628229518385,77.95422864841322,73.40405093922575,40.38326520440981,84.57021882262526,0.8017640170893553,personal,900.0,0
42,govt_salaried,144158.82755785534,46.63896238563857,35.567587574329224,56.01443802883932,4.968735529303956,40.251645973930856,63.18420194988603,1.5876189646998287,education,531.8427272992777,0
30,private_salaried,38175.19606958858,18.89396369450622,22.299227484741095,53.66604536283393,78.79752490754913,46.95447420942558,60.31879026198706,0.31153921493104886,personal,642.255160362546,0
49,private_salaried,22606.568617728793,38.62568563501388,78.51733005571238,80.52590033380223,100.0,53.63370019211125,64.94449560229728,4.740995881567702,home,647.6167719873561,0
38,self_employed,52299.54695952485,46.50622597140864,30.1363295395089,53.38617468444467,30.407607600891644,94.9719632538714,100.0,0.675384732721641,car,618.6562475809,1
32,private_salaried,47221.50023117799,69.13584864909528,68.97107552661251,62.991788214946865,19.937272767855532,56.17827247764028,66.59027671915231,15.0,personal,661.4482595877325,1
60,business,73564.95383821672,30.865972412368002,40.065714763786225,90.90410334883732,59.84012360900699,76.730742938774,100.0,0.5849750732963315,education,630.1802018206464,0
58,private_salaried,74777.16843155956,41.592807494955764,39.73391392300443,43.72991466951875,57.89445203002996,87.27983912286089,37.78405524223414,1.2117106004078197,education,491.9386744156159,0
62,self_employed,34948.1933713448,46.86869052228401,36.113747094839006,100.0,36.40087670301965,71.8712070284696,95.14146435163674,7.304953031992209,education,624.8734648431735,0
57,private_salaried,117218.88187316991,23.55111344228373,40.82396805023982,68.85774563483992,53.19364582920924,91.24277765922349,75.08960028501107,2.0088897763088918,education,895.0324077805265,0
35,self_employed,24807.242905252773,23.597130623201355,68.75693699653321,99.66362115931406,58.80190331155,66.46304056594487,82.19687182074654,3.0318903872914467,home,723.0541335909127,0
57,private_salaried,38966.70689391475,31.093775144230847,48.280164399978524,80.47902364848684,53.32319081567876,81.41683414687255,94.63975084611747,2.256951388115041,car,556.6344601012262,0
39,self_employed,67073.56972606819,61.924624567058935,50.844291558486916,100.0,15.293833659148333,64.26235444715059,51.65750332241633,2.204990919663624,car,610.8840830232907,1
47,private_salaried,62700.041467447394,22.83777304990216,0.0,78.07424584005608,41.66656490486278,100.0,76.06088371367103,1.771087624328323,car,721.1663479737576,0
28,govt_salaried,211612.50143366447,33.38684124504314,64.24397828530759,61.21335670837391,67.92191692241693,43.692036669251856,40.67622696528155,0.6720885785396817,car,760.1554896743729,0
63,govt_salaried,28567.48796377567,31.12620207500091,41.93767446473402,92.83824923246566,4.569277800511621,66.06716912160778,29.44897294667981,1.5654344471430945,car,825.7153616258731,0
32,private_salaried,62789.75823524988,19.290921335712582,49.03201261241284,62.20987667132225,67.85113833716545,59.38554494268812,84.65126640031191,1.2349682428070956,personal,732.4927407682952,0
64,private_salaried,72639.82048115626,18.199781406127833,6.092524641341189,76.1946448938323,44.75412331698902,45.34308998311187,29.608860593342037,7.162658650738292,car,609.9868860165197,0
54,private_salaried,52707.705167258995,44.73576643389012,65.3761338240263,74.97466440537114,47.56280568423091,70.26573684290209,96.25711545830802,1.5890790351159423,personal,555.6853322528481,0
22,business,57196.96116072477,35.89193965131161,26.19763350095578,76.02807215089697,0.0,48.105179982287396,73.11724143424942,1.5164425060816966,home,483.90450033830007,0
54,self_employed,55333.390417604125,29.554005509664673,52.3387825082832,60.489782440238756,64.3898497038853,53.87248118074233,68.37262265405941,1.0444552128224582,education,649.3364798963307,0
54,private_salaried,140717.92396791733,43.29047364755174,33.36829793902622,75.74255330425112,100.0,82.97703030432687,60.49069763722519,2.98252783945006,home,760.0914329716605,0
42,business,41716.40352079435,37.73548827408765,3.4435932182233557,100.0,9.484797114837448,100.0,69.70145934512546,5.1591940602181,car,749.999334563658,0
35,business,34661.57524228442,63.338528938020744,42.454045569405714,90.8800837191894,47.31787073059793,89.39525932647808,59.39352496723974,3.320809842908072,education,792.8531652911304,0
42,private_salaried,72617.44561233089,51.679594864098654,44.66376923612552,96.71507305418208,56.36465816325028,72.62012618079056,84.2645417866289,1.488880952716202,car,703.3444044100135,0
45,private_salaried,129818.61719602182,41.35612158423114,67.48979371280194,78.36289904267176,37.884056669031935,80.225441285794,63.5914577271901,0.23356635518033628,home,632.3867934918758,0
46,private_salaried,12885.177097288357,31.082164410221537,14.370143277384152,68.10843001898496,25.602297908662255,73.2894900262534,88.84067530491538,2.71734015543874,education,684.8011727220878,0
32,private_salaried,35401.002761722586,30.246571462334373,22.39093514704013,100.0,72.6224484981137,76.58407424716295,76.2155720213191,6.735240228621161,personal,589.6666290062445,0
26,business,85973.24695726726,46.44138554980891,25.404531922643265,43.58438004009598,87.87732824530254,53.102999607633336,58.019182459707544,0.10663233024738103,education,426.32987645565515,0
46,govt_salaried,37452.93936431273,57.321375376767975,64.2297083262362,82.75692831082307,37.527252815144344,100.0,93.08592293124808,3.599890955381743,car,570.1059317967209,0
47,private_salaried,33389.272961744464,45.62529585907401,55.568317814945,57.78349269246961,52.95477636009527,43.73631129901487,62.24327379765481,4.930365035152152,home,900.0,0
54,govt_salaried,174310.78661752143,14.021352034835655,10.84511830198242,78.5030058717323,72.66989605477052,82.27100747265172,75.76299619448982,3.905529673433482,personal,467.6601517937138,0
30,private_salaried,27782.957827993047,22.715781149113933,2.536106011534031,73.97144088861668,100.0,62.95823395976661,61.59743101496339,0.4098308869000509,home,541.4581930004564,0
28,private_salaried,76306.28486983525,40.00358228806301,31.813229724078795,89.97730538698673,97.7154695811513,79.72340688389949,49.64121925459436,2.206348511851634,personal,423.99784132439106,0
27,private_salaried,34806.50550790911,45.51618006708145,19.343263997932908,91.45551930430204,38.50666698171948,50.95986646528082,86.42189126465115,0.18972278318580807,personal,748.9854409455037,0
49,private_salaried,69183.44060617787,69.25588035177579,71.2232820913637,65.64140075560444,38.52218949153843,99.59869250094056,82.01387559586705,0.4496783104700748,home,593.8623699623148,0
33,self_employed,61189.937799746855,12.215124158472886,4.975857161808001,77.79472940002714,95.90605368981629,23.773628536737718,81.12630341911117,0.24261813252731854,car,790.9885352791263,0
60,self_employed,26661.162661786842,25.22572675360139,59.64252742299203,65.94425631732021,54.14344027200848,54.99274703849811,81.04083088693895,1.3354129355720494,personal,606.5571288903506,0
56,self_employed,37882.852406517486,40.29599179243138,1.436852350213755,31.096412892005112,100.0,85.93108336120905,69.92536260693986,0.23194591316771818,car,475.16941540975057,0
31,self_employed,30897.178843277656,11.062600347703146,52.492706985348306,91.82057484864211,73.90159696232405,98.70694532436939,79.15339601174182,3.474867828640895,personal,661.2585275877025,0
29,self_employed,93489.40232349382,35.71676683399453,23.728449768692652,81.07502366287679,79.5596300035999,62.46480522405826,60.86474006223257,0.1,personal,489.01843983434276,0
39,govt_salaried,28761.95942543234,40.91670737958574,29.661977952978916,100.0,69.66181030562544,80.08398775172554,74.46530165781941,1.773949680297141,education,763.635991855224,0
59,private_salaried,55620.3050912186,56.206132444947784,44.5503958074238,82.45014345996191,88.94631921301863,62.829753755469795,57.94672355473536,6.2980196338293375,home,841.9397413466971,0
45,self_employed,49873.00681968609,35.46067627762041,43.77691970828813,77.99645383168506,59.95066349808903,62.251127396245224,84.07285195848053,4.245098272490109,home,540.5816155572845,0
48,self_employed,78150.34935848347,18.896164734486717,53.274046730336686,65.08201786811406,59.256914351559885,63.34286293126122,61.5610394293537,1.6562660350735514,car,709.9681921477093,0
31,self_employed,51556.777944958274,17.156513532054408,48.14930445343634,95.88641884137007,73.03624129514773,83.24713807950312,69.66924900294556,3.2956143902006136,car,703.3375847936272,0
61,self_employed,31956.658082342892,34.41035207982608,20.955876842823994,73.28725223466203,46.215248628963934,46.56685003819619,53.738853023613316,0.1,car,692.1473685986632,0
30,self_employed,30958.26951152896,52.84441500376978,40.29516274459388,88.87566896007296,65.46346330918874,63.22896438511701,60.188237766254716,2.0562724507527044,education,456.8040641377688,0
55,private_salaried,36104.44423198579,44.118708102702534,59.42598522794029,100.0,47.54972774314443,83.86476537923446,79.52642649076925,0.13085610324719849,car,732.1754764470015,0
41,private_salaried,26262.51925686505,24.81273990141515,37.460066707530096,77.04660993597969,48.95424865183301,83.06880460825246,61.21623554890345,2.7899633445165106,education,618.3933986538674,0
42,business,19579.349738841196,17.789322180894725,53.118961089807335,100.0,20.362935742298866,71.50775113958262,67.00978742137866,0.2874729050754527,education,709.3789873076287,0
61,private_salaried,41076.34827585696,0.0,31.13160273662153,88.69871536638635,55.76647209796006,71.873374200456,64.57338117329506,0.4744918165762484,car,626.841706813902,0
26,self_employed,49820.97262948853,60.04295654633699,45.415269629080356,100.0,68.7754382629533,64.80765376734395,72.96113426832956,2.2798186544075074,car,693.9110293632064,0
26,private_salaried,31216.0177890635,16.10091422355357,32.350602215609186,77.51144556489797,41.27856932854776,72.40770786479005,68.17421941537323,7.639874009762583,education,608.6109086555915,0
58,self_employed,30134.234439348438,9.064351241560498,35.54903534202803,44.68736480769669,26.03053796190623,93.81422102842842,50.055948511984326,0.5808660140420423,car,608.3481811402204,0
31,private_salaried,53829.43456536367,24.855901662451572,21.530168722839388,24.36799871441859,38.14095863322085,100.0,54.861505612292,2.855792993396608,education,746.9802050565655,0
50,self_employed,83800.20922680493,27.6564820930869,36.63923538104726,55.264117084655624,58.321936450306126,63.13250874144384,75.89531410227272,1.750000655105997,personal,594.1787756159794,0
60,self_employed,34129.67616368715,43.96284245604767,51.892616314918214,100.0,60.024358882432175,27.98069721954481,93.22825088132464,0.33333294449955087,personal,687.2628982224609,1
34,self_employed,61877.01574842879,4.617429532423504,25.14841150788382,94.73714207283587,53.541714963234575,74.90698136270939,74.26909741858616,0.8740949503123663,personal,695.4398721530046,0
59,business,59078.256718577555,27.34061242962169,33.959072842623726,47.49483997517851,22.70533314197948,50.97101285800018,87.26620941207767,3.7986495705789074,car,701.2479350530934,1
41,private_salaried,39753.30256061758,22.07252255674446,61.71232980275338,71.31135337819246,67.03566662857155,41.078221592164795,76.03874469339162,1.5130123436984335,education,600.7845022802636,0
27,business,73830.67105747058,21.734427611761802,2.2180146915261716,83.02452002248263,77.161829574296,100.0,72.1334398357685,1.23840336373205,car,561.5158703203997,0
32,private_salaried,19730.243315830754,10.770546851570092,34.85225431167491,42.68778089568599,37.15524667026783,48.799519898644675,67.42075775909565,0.45364899125569486,education,635.1750156511943,0
45,private_salaried,109133.42688778511,14.112193806487142,33.386878922017885,82.01492283019196,34.75220770866916,34.628446645228834,59.053127895764064,1.0615613869330396,home,619.8116598501628,0
62,business,38455.433132843085,42.87736248141996,49.57312700181575,100.0,52.398481715889034,59.724637345559415,77.94325192946849,0.4220113643628708,car,715.5676380994332,0
44,govt_salaried,57242.83147056636,65.00795148016923,53.43637747192418,59.65313920567142,45.00596981489795,37.54344119967289,50.54019224812811,4.833771663634755,education,801.4667718756847,0
23,private_salaried,41332.390738265356,22.962004276479426,35.07436939897147,67.06913916278698,72.46205059546995,46.28339429066777,94.5290704861295,7.623758524903643,personal,633.1641758687396,0
62,private_salaried,43541.07353940982,20.77414483847101,31.071895285834707,78.43999117660555,28.073746061376244,68.19129904050548,67.27803107807189,2.681508549468599,car,589.2971558117617,0
31,business,42825.19870043955,18.226772974100797,64.09576498739864,89.52725378303123,49.823646513830056,88.32182041246512,66.91797904266343,1.658170773471178,education,608.6967548444518,0
60,private_salaried,69645.97547448157,35.232091195141955,23.30413008963738,80.2874565245785,70.68967207331973,51.00911423998624,68.80106246420067,0.44561138571596776,home,529.9247706783094,0
63,private_salaried,17820.866842695345,0.0,20.255315969027585,100.0,61.204948428194875,50.04164453940626,53.62015720540285,2.2873946080801586,home,605.5011880576266,0
27,self_employed,51637.85831730133,18.11196242783979,43.15880450271543,80.81774964644433,28.709102735900295,63.553855865613876,32.779141686491904,1.8275881262275075,car,428.2537316381164,0
49,govt_salaried,109198.15714356232,23.614834978366524,27.43089438757189,96.86129114733819,43.65232575701553,65.30299109140859,89.65646564469823,2.0973556014673265,personal,485.78373632749225,0
28,govt_salaried,34009.89747750293,36.87301096924335,61.019602807568155,77.20647699909965,0.0,78.53816132948423,69.7001455894731,10.174953827854637,home,388.48759128751954,0
44,private_salaried,53238.488498380284,18.759704072178398,61.48069082522293,78.36390879584219,48.479583397306065,90.08138782917628,75.20484564379886,1.1163100811487057,personal,696.4835881744159,0
61,business,41905.04557889056,41.0627269515201,65.48041767546025,6.608088273619501,100.0,44.83897685129327,73.84843061346865,1.1916055544325654,car,443.95642147583425,0
56,business,59260.869207369775,32.55932864461275,9.81599552419408,99.38335373472886,51.313284845654024,79.35344888731478,28.67442564865315,2.3494038424005343,education,447.10910694997347,0
64,private_salaried,63346.313520610216,37.561512131429346,12.51986811272048,97.46283424616243,67.63662568421341,24.7101800011308,63.93644354347572,1.580183645688348,personal,694.7897978492732,0
33,govt_salaried,47124.27150446928,50.29855196214,3.3152511047189073,89.7283474780234,63.489845082426264,32.52695302878456,83.95458367760492,1.9364096221537084,personal,633.3172595329977,0
59,self_employed,35979.36802119895,19.731443788177543,42.91652046713453,64.64056056911124,40.50766206688816,79.07491684528634,100.0,1.7673766393949597,home,639.4812836818827,0
51,self_employed,39008.35760636652,33.265256205841474,65.62052553869844,48.38091417364022,76.61622205016415,90.92591306441565,39.92792878054493,2.7000646466724088,home,519.0654017369277,0
53,private_salaried,91055.58740340495,42.14492468515049,40.39179048511717,72.9140337936859,100.0,51.30426371318745,61.05635625929063,3.310045682425246,education,686.2927444361534,0
48,self_employed,25652.92380545665,50.61463644594806,8.700212090568506,55.73630280943146,38.07790368719315,81.85990409040862,99.04941292546575,0.6150868264615654,home,778.5104536859441,0
42,private_salaried,49733.354865894325,13.312921431415333,78.88068542747945,63.60426992603318,53.21170210824457,51.30512680090624,50.88855953029993,6.023158692871906,home,805.5178612202105,0
24,self_employed,68375.61345553884,25.669601884576323,18.486911826718906,84.34624968300184,46.55340047172519,78.85267516422122,84.41473882537363,4.386661781203556,education,742.6943418626471,0
64,private_salaried,28850.06689833174,36.28958625416236,20.16015666111425,100.0,95.64961685908523,74.49847394547068,74.87022603806676,1.886169547643146,personal,652.2291243951776,0
29,private_salaried,17721.312864895895,27.503706539353526,9.210234375074357,58.72435157987115,47.39697237535243,50.13709312172945,88.7207715876471,1.4245871927044909,personal,575.3852775980091,0
33,private_salaried,45615.05674682286,14.43723774768834,34.851514023382826,82.9177932135441,49.85962901803704,64.60023639218569,50.80067990538185,0.1,education,560.1060728837591,0
23,private_salaried,47410.007286923385,52.0866085223647,2.984078656661744,100.0,91.52415823238007,27.068642391460422,95.14402061468495,3.8081711697990133,home,620.1093800051212,0
63,self_employed,36054.86134636753,44.27056769388205,25.81666286042588,53.14294874667522,40.4256419520344,36.700228619207905,100.0,0.6301809163938153,personal,725.2891356683543,0
58,private_salaried,57147.74600471609,46.91804882685358,42.952518238869764,75.54202637747166,32.849641051917075,71.66401136969137,50.53161118168275,0.7148212506924067,education,728.1534103609716,0
42,self_employed,48702.73351775393,44.11225961890534,59.268343433715394,82.65859306255926,7.407039495743305,60.404771188107844,84.28412335279998,2.60420646951924,car,531.9828976798357,0
31,private_salaried,45734.132475990766,72.39255052206599,27.282025555707214,100.0,78.75973895774301,62.850567936781054,33.73645503949965,1.1587444142291368,home,617.8827554142505,0
21,self_employed,32031.359614981142,49.560622523528274,61.040048014317634,100.0,67.40558731788641,86.81005620218221,79.19391573627352,15.0,education,725.9204089807747,0
39,self_employed,62853.65951146007,39.413692466865236,41.52249213667071,62.88185601312679,16.619664161607524,55.72584423768924,76.3231003824442,5.48147031028776,car,424.6128501264181,0
50,private_salaried,24728.305574065515,47.0046542968931,37.64989517611683,54.63205988058675,44.64031720084305,74.45596478631454,51.60381421358902,7.1656254369597985,home,835.2841253835567,0
39,business,31987.121579626917,43.4068956723552,51.59399523279584,78.43565080258314,70.22694382526348,100.0,61.199883829157166,0.4918437018633787,car,789.0306100938179,0
50,self_employed,33115.031699085936,28.769226160379514,75.67398736536134,76.80424152893517,81.34789758076414,69.81334011566248,76.4375305389149,0.1448265880454787,personal,721.3292160896699,0
52,self_employed,81750.30270538166,42.88732614711858,56.53220690008108,86.43277318203621,74.04215442971964,32.38985845108179,74.68978227639724,0.22676466365734932,car,650.8279892941973,0
45,private_salaried,64155.00802964855,29.234000318282405,9.629846197507938,100.0,68.72702950012705,88.20070619747706,74.0340604532849,1.5890135603104052,personal,657.7765648755793,0
59,private_salaried,39839.387136588666,55.20238368577159,25.26539580770787,91.94497929788737,22.34585452276734,62.594418283235605,80.46011838513935,3.9930519661497037,personal,866.7597880830051,0
21,self_employed,30843.15387239253,26.72683295489935,27.232866579529567,100.0,19.876913518285093,47.89372387800249,53.065884981254975,0.3931095689204467,car,838.9524763570132,0
43,private_salaried,59967.40670259191,28.430998119918122,47.10326965043309,88.02526938496015,32.508133375700865,54.75546285775978,69.03214811047343,1.716317310344741,education,515.8716939484748,0
59,private_salaried,55768.01815346611,43.520750022740756,0.0,81.86518715967556,66.75842756497603,93.65286504158006,90.42961791634968,3.9567954019570313,home,590.5590374163202,0
43,private_salaried,47138.28727191479,41.468904292818905,28.22890105857533,85.20200626497954,100.0,84.39384912414263,77.52473440325272,0.1,car,481.37860123837095,0
40,self_employed,49854.424295400066,35.81244876074497,44.44649409661116,48.89880421948564,68.78443003253402,66.71697042398573,38.10882419976822,3.4678814651771517,home,786.434641073391,0
26,private_salaried,25305.513664622133,37.508907983106205,63.704801287218814,69.97704969631484,67.93936939031792,79.88103614409785,74.60492001091305,0.13940840930963957,home,614.0574695370735,0
47,private_salaried,34304.09180620772,25.003100069965022,18.53529171143658,73.28043956489789,63.32369813865603,76.20399352203161,52.85561219355394,0.331908676447408,home,653.3424157133356,0
61,private_salaried,41235.76656022381,27.079114573321554,0.0,52.30221069948669,53.03166379709458,52.47283722627644,70.87403715966096,6.977753189607285,home,742.2939557829959,1
41,govt_salaried,47193.67081351466,17.40900240028111,48.86452636529475,76.24417139073586,19.33230354334288,49.57793263309027,87.96697366353408,2.3159411788436866,home,483.02434921292934,0
22,self_employed,104214.25493054472,15.637164523853176,35.628715639268925,59.46974627354854,15.414733403239964,28.707441350852307,73.73133944712808,1.651924909178125,home,643.9890556972078,0
24,private_salaried,48836.95563302781,52.41626966635261,64.27893763082315,65.47470467027166,85.82733406779067,21.48628088358072,75.95411395600951,0.15940631831069182,education,842.6553722413155,0
31,private_salaried,22354.121251932975,47.634755616165506,41.357821914847015,98.73739875136206,72.05654523704028,55.562464815542995,81.62929337791716,1.285847530052957,home,868.2622003092366,0
59,business,50476.52753768454,7.0983466916411935,24.206416322008664,93.82075644756273,67.16286040010083,51.07091709015957,82.3780466543089,7.22558521295897,home,860.6209075609888,0
50,self_employed,51057.43259827932,18.00803298111402,68.01333058827046,96.77249286034404,48.04894032872548,89.27083320236558,81.09716955640252,1.1585297241261048,personal,562.0577084543447,0
50,business,67153.83206981907,29.56612980413819,32.69455026449615,100.0,27.320840870647846,31.49796408167211,21.880046178046186,1.362845408805434,home,763.5973875168892,0
53,govt_salaried,65484.61895967576,35.62707703546359,14.729578752866189,81.79272979358274,28.28796656027684,63.42574923965366,41.86183799485189,2.3624422457933143,car,659.5846392842469,0
60,private_salaried,39758.34626167978,53.169667774717475,3.496249300523928,73.54650007916003,34.87139897992474,70.07304062172203,72.34928472353505,3.5006415253616234,personal,652.6376315008768,1
64,private_salaried,45290.855132410135,35.85798779788694,85.01175816246942,66.82872147372373,36.09022781048874,64.52584604870793,35.35823273765554,1.2035920699471243,car,766.1923320137658,0
35,govt_salaried,34640.100465031464,35.92743518958517,65.26348883128813,100.0,39.563351975749804,56.8929348735309,82.50584195969556,7.297270919228627,car,732.7754434016267,0
63,govt_salaried,44103.10683424885,21.12326285620362,20.32536863579272,61.81215128265248,77.41603204443103,57.29442633174977,66.26229650083687,1.1240587592933096,car,601.2565931728473,0
24,private_salaried,51798.32076929945,45.11963509882464,4.237734176449258,47.84303677740773,39.46649006330479,55.41670062561066,24.819193787309864,0.8053995141301211,car,646.8057686135072,0
22,private_salaried,38675.64959739238,25.43614008891892,33.29159691039876,87.66018837126464,53.94890361501619,81.48931841445403,65.28539993077668,4.719170054046804,home,617.6526121428027,0
30,govt_salaried,51584.7871413572,65.34953133460363,4.264861664622984,92.76773340869482,29.921707638962825,74.17978894015724,57.26191920064853,1.2782024667074148,home,677.8212467533525,1
40,business,89799.79093483917,86.6588864002263,58.68464013910657,87.62832861409642,64.21570359237717,76.84026664657782,72.73798576604042,0.6618223599701046,home,567.7714009552292,0
41,self_employed,58535.5102273527,40.69717216428737,50.20782580490674,84.22671130356834,57.18959769774359,71.6182841604063,94.61615973685326,1.115506062305596,personal,826.052728064111,0
48,business,55884.23445359598,29.10198492089501,31.03335540459416,100.0,65.22961274126577,66.63343530745718,76.33709675914075,0.5095983487419643,car,567.9906608972876,0
29,self_employed,84403.59006697062,30.612634757346413,52.44975713043227,94.32491193031969,41.45580489821051,62.11428241578909,76.1824794830376,0.2372033793908684,education,752.5869452916996,0
28,private_salaried,68740.8046379653,22.660741413512127,51.09067513791064,55.38970744279527,51.85634852053,63.618242311060065,54.92688554353691,1.0277838595846187,personal,443.56254650910364,0
37,govt_salaried,52930.697261346664,37.90473319365571,8.103645582508928,76.90341991760377,11.943027161536037,52.411172877844194,69.92280209458139,1.3714619686929863,education,675.0012180693711,0
45,govt_salaried,28541.82289856433,32.790128076726056,49.41660482495629,67.30375650060124,69.5787624622399,36.21076066020428,70.95165460601474,3.677857454593389,personal,597.3816954224919,0
37,business,30480.358099972294,0.0,17.29972380739676,100.0,9.694627691426717,46.72542209970783,72.55492051891055,2.337429918919473,home,801.9176914034182,0
22,govt_salaried,49280.0825284991,15.963141614118566,57.309868001163494,100.0,37.2426664298277,80.56688244720607,39.45608526681934,5.918371182257482,car,406.59230814428435,0
40,self_employed,41257.54377789315,49.5478992592421,28.41807718338454,100.0,22.39127934552436,100.0,85.46450337669792,2.0569210109243157,home,840.3243395270678,0
55,private_salaried,25020.78469725435,34.62851226369969,72.63697119789563,90.90231799450495,48.7066226708184,64.02856266469234,100.0,1.3673774036117738,home,705.5973001090259,0
56,govt_salaried,49631.41036227732,46.463203264776624,55.40701737144197,62.197317600010706,80.04391519233397,67.96881260766118,64.22941229777473,0.43989240908295046,home,879.1136820326071,0
53,private_salaried,44802.85518177526,22.197749215934195,33.498542931089034,100.0,32.93749416334656,24.59887300446273,97.34977985361508,1.1538797180766114,car,798.9719239526216,0
53,private_salaried,75064.01309025909,65.42773115083915,10.223257183891885,96.36277055089217,38.45018148109912,85.83250495501085,49.193137385283116,4.833929590271678,car,622.3957843048398,0
48,private_salaried,16119.925351862688,39.15796050501511,25.490511592141313,85.76108068278499,70.57075852441336,37.931615169406214,79.72548519734138,1.2747399444312182,personal,727.5705409713062,0
55,govt_salaried,19007.499340752267,33.85816631541258,12.974245198442173,100.0,45.00900256143805,59.843772659169375,83.90093658122444,0.1,personal,808.6992412799341,0
37,business,54330.73733676414,49.49405046596343,38.69321185701225,78.29250601941897,42.20144399962486,58.55641572307782,67.84454630480927,6.622860824676767,personal,518.8154471139097,0
47,private_salaried,95215.67410272777,40.54742862732788,0.0,87.24394029769826,38.90709997725707,54.446824320839504,77.23920746226483,1.7766385212742923,car,782.6487885922103,0
53,private_salaried,17528.193253212783,45.5498743996641,9.990451363230765,43.59034755012369,75.80091256534705,69.77316588146397,46.27610381066471,0.46369068828759796,personal,592.1808139290725,0
58,private_salaried,38964.37798531069,18.874859547409873,61.799696508801745,98.26285982594032,44.96842491403053,58.70982555570678,47.541400486421864,4.190557320293285,home,630.7258574058566,0
43,private_salaried,46093.801079406694,60.38524420585659,16.58066118596516,100.0,52.351400253961856,4.411946103848543,78.50152161126942,1.585382953339549,personal,497.52429695034243,0
28,private_salaried,104556.08359650079,28.730314698924456,41.592690310194634,80.31305080307274,76.5438999792302,94.61604366665955,67.88962394861736,1.4072927067466898,home,509.68700687250146,0
50,private_salaried,55956.6243545482,32.568101204749794,44.23483928560629,57.24236395878722,85.78208014454302,95.79081532232458,71.60844520546837,4.212779452989198,personal,660.7393824717706,0
43,private_salaried,32994.92612521615,16.997697544181683,23.167291593835984,95.22730052303359,42.93774219258672,75.68460463850856,79.60116939542753,0.1047163910865247,personal,662.6583023155234,0
59,private_salaried,34758.371586653564,53.21561066076756,44.07897869453876,90.90579159691066,50.98724291362504,50.02038270425411,65.24662458841054,1.2224864050668007,education,478.22569574426876,0
27,private_salaried,73012.26205303366,38.337371318699205,17.576894326628395,68.60747864573787,0.0,100.0,70.36138104959007,1.637697120397327,home,769.1123784186025,0
59,business,125544.263622978,50.60562067695557,34.96077321549375,100.0,28.508884953753157,75.3536007179878,49.4213225343911,0.8077754753877558,car,737.7728447936163,0
26,private_salaried,71018.49183103934,41.70327775433354,33.69868691829758,52.47368580958671,31.679861122458114,53.96497128272852,57.15280613934848,0.19689490268254703,personal,571.1876333198412,0
22,private_salaried,43132.67447527066,51.82360374265737,47.02040395262878,84.711623505017,16.194966126280278,100.0,64.36813879848381,0.11871546514534911,home,711.5199135179638,0
37,self_employed,29126.289978034012,25.58228298120195,42.95820186056963,44.07852620631817,52.7656230358125,17.097948602198528,70.20268714067659,13.362959468446704,personal,815.0241979802474,0
37,private_salaried,38434.50325846614,37.501904467783184,44.03865247396046,71.55479264987055,35.85603019117478,67.50843130294474,71.35885261786323,1.0723855761221137,education,632.3379145272498,1
60,business,65420.862600035856,13.594386515261213,50.386072530043926,87.51551103898349,64.15116756270668,93.51660126806702,78.87390806760301,1.117812203586756,education,535.0023481642334,0
44,private_salaried,78868.06150840859,35.24237059736595,22.506046419403948,19.58964686354495,32.605713641891356,48.985235380215045,69.52947608148679,6.758057038180084,car,664.2192707388908,0
29,self_employed,123005.32444381925,15.653272740773485,16.123015878173334,56.828108617864444,39.24385731054195,45.946533775981585,60.9173310815361,1.9322745400507775,education,737.3669186761547,0
54,govt_salaried,31028.661613450055,27.89347000254445,13.271739500880674,100.0,82.09096832789503,61.21866368955373,78.3934990712542,0.28935475143706246,home,571.2758505411696,0
60,govt_salaried,30951.630064516245,26.15671586730371,29.532065958850296,86.75097034835568,46.87692029603542,16.019456941831088,85.7254847614303,8.291879305727301,car,727.453283117712,0
35,self_employed,60061.02178082053,46.30363571757973,21.120575387951362,88.1055118593743,31.92867577580945,73.44570062237932,77.13790754581629,1.7848319884222332,home,704.4235857814037,0
28,self_employed,104759.93966995765,6.451746825498425,73.54584804832564,100.0,45.25776918090423,82.76795165871786,79.70728751632092,0.45740435090366005,home,351.77726947816217,0
38,business,43758.71312545276,55.51001429237157,31.325965177089785,64.73713373595608,76.42139949076754,75.61264437528278,71.99858080804344,0.8214955958738703,education,654.9857784366473,0
61,business,78838.60830188497,47.29966034627563,55.249753011559534,98.9258757338377,52.735467468462375,77.8592585763364,88.48814565197777,0.1,personal,570.2683797557856,0
31,private_salaried,34938.01750600355,37.10282619371287,43.57524813259985,94.63273836371599,43.37143422142759,45.41513233501339,49.51569704220743,0.1,home,746.0441959999041,0
48,private_salaried,65866.44719854093,16.623342119433946,70.82507206257608,83.05041740511209,33.09565253008864,54.167003216317525,68.32323633294922,1.6372832573269203,car,726.2768864979752,0
38,private_salaried,56160.36015686187,51.53953600049813,15.877502138744056,100.0,46.73313111645277,65.06439882406964,44.75509631820209,0.2008214676453386,car,715.046842159708,0
39,private_salaried,48981.577062709104,42.15752492443424,28.845622635290635,77.39928751990774,40.21798746614931,71.22642956370112,78.03609304787777,0.947549234715698,car,685.8553768663946,1
39,private_salaried,43278.517167196216,0.9888558891679651,52.44566120240282,59.909812688878496,24.591354342179223,91.46928943628805,65.81256120047604,2.87134725243029,home,831.2663076774418,0
59,private_salaried,27056.1735327876,66.16197403483191,21.154150232599328,54.58025446050234,66.62854457013435,60.00727979474299,100.0,6.823201461990037,car,687.0518202233628,0
40,private_salaried,22091.70541790609,22.43650703032017,22.562902750326344,56.7233474480324,64.75687417482295,51.69552677132646,85.59464904552863,0.7375236708519077,personal,536.9367833475187,0
63,govt_salaried,75242.62440027554,17.26479568551899,4.230992475426593,99.32261661382819,21.14280653744391,81.59552984093318,22.96742685790082,9.74716231321444,car,718.1567918261549,0
47,self_employed,22832.002170346903,41.97511694816971,51.699538949909225,97.4604501560691,86.85804082516378,75.37168914858705,51.05509901364624,0.9629998916499499,education,626.7147672447547,0
33,business,77855.63001915593,39.50428099981808,21.624374241048102,75.75393704751478,62.51996267091356,41.92861186971369,54.033967500624975,0.6799803211446822,education,612.3178628525333,0
42,private_salaried,29647.70509234123,40.09252782860343,21.01757622727503,16.314198432665634,82.22824640137176,39.2045598151154,88.97476845177465,1.0362410510934565,car,689.2083919175748,0
38,govt_salaried,46746.133267325444,10.279791486895405,48.82204392297133,63.72999630687991,100.0,55.40805703043244,62.208548429255224,2.308145854501937,education,487.2099572715445,0
34,private_salaried,23281.423148856076,39.341983623818166,44.69632382165327,76.74533145396715,38.68712911831339,72.70905398314571,100.0,4.459118904502983,personal,646.2512816668096,0
21,self_employed,65525.653474679275,61.22923441214416,71.7109437715464,76.07934181884747,52.34718665510676,36.45247772518866,100.0,0.5360513639851016,home,641.2360392425651,0
43,private_salaried,19094.7554021005,28.792800596135876,8.404636587800077,81.10333667878574,30.85734050486303,45.997409270686354,100.0,1.0376164917179491,personal,599.1477805728465,0
37,private_salaried,32351.397824556632,21.705953914919156,20.8180538280709,78.93172190636986,49.22673229021051,100.0,92.70993571933468,5.168335284852534,home,452.2049501019544,0
26,business,59144.71832932631,28.21238441759118,36.818198356622226,76.77850696343224,28.98381510441104,33.32868359131703,100.0,1.1270243433126887,car,881.9334966291692,0
30,govt_salaried,63156.734043819415,26.52426800062566,17.066297119174674,62.37967796640753,100.0,76.16317879157315,53.43473508270256,6.662424776958438,personal,677.3608148022729,0
57,self_employed,95500.94626273138,8.643224888136018,37.570711522934246,78.43621002637151,26.25496265322993,44.208743898871624,52.01409659401692,0.27952605234469013,home,597.6296013844786,0
22,private_salaried,68709.14608141722,43.14332061997747,42.28202877623174,80.71373847135109,62.229765603732865,62.06472823256717,56.803358441469214,3.8418220286163445,car,638.820037130246,0
63,private_salaried,104745.85985780988,7.391102818866372,75.44015548112142,100.0,56.250181892429325,73.1040282455345,86.98325553368193,3.3631343487577836,car,538.6823863784832,0
26,self_employed,78259.97080426129,37.58074009215812,11.465890571420129,65.32173028047077,32.87564370697333,48.81474833864483,62.241125684481915,1.8041385901946048,home,597.9374632268441,0
52,business,28962.41583252804,42.47951781634865,51.73617570004913,97.66142234377028,46.017308533490336,64.83365068112961,88.52207852466736,1.7772351329270932,education,747.2966233758906,0
33,private_salaried,35682.68078209628,18.144154461972622,46.304017761684705,73.43620149851158,76.75435143385799,64.37836667191142,45.85672158556265,4.627693435988162,education,669.5957199176921,0
31,self_employed,30357.308114759027,37.92573573878721,61.81743475669557,74.68405887192753,12.3717792601999,93.14330835326037,59.83125352636745,3.53198344587173,car,610.0442441999169,0
29,private_salaried,80566.49205921564,39.271564066152735,70.57279137214695,69.74256919217346,63.684826834018125,55.188644168099806,100.0,4.506837054503507,car,587.9444047604417,0
48,govt_salaried,75543.54876725396,51.28454893931736,32.21931831022398,70.90901879519983,39.06898066153872,60.9406235753652,41.23920050018221,2.5146968011731063,home,534.0007593941705,0
45,govt_salaried,28124.934028351254,23.539244751110452,38.707486400423676,66.98755254343685,0.0,73.46106802196473,64.7644903493298,5.787668804955693,education,484.74966918477185,1
37,private_salaried,60867.46655557431,27.07961150374037,67.02158390252623,80.13787657363443,100.0,94.65550282304156,92.61780272154706,2.4940634355684113,home,644.0774475128436,0
24,govt_salaried,127519.10562873486,33.66450317750057,58.60172314156874,90.60484116134239,34.30304007664893,73.17953674515371,79.27490697033996,1.9387612700357062,education,712.8604488490303,0
34,private_salaried,58919.332036048254,22.325925690959163,33.03208949838573,46.449142144529894,4.384700251198808,70.45113838480594,100.0,0.8036615457810146,car,606.8682672044328,0
35,self_employed,38445.659949204935,15.897208696641027,47.19765967944738,100.0,63.24984275638053,64.04980015214541,60.493678905689656,1.26145455868781,personal,531.979491186496,0
42,business,17620.270074514527,71.17100845840164,55.83588018577633,68.81568648564732,68.48517714813191,49.187620807259194,100.0,1.160859162098496,car,620.7799047381359,0
26,business,51268.08696720115,30.77598249014829,20.775099912704913,68.29163261189846,85.10765386620139,90.58903926922412,88.19030637600189,2.499890910145166,home,575.8342797014028,0
38,private_salaried,43160.58441715554,35.218510782731045,48.8635710258158,85.87814012423124,88.03832573046701,83.77563816767454,82.53976289617569,5.196561671623545,personal,536.7407588727236,0
33,private_salaried,35324.62227604266,33.957792042458074,30.19560523091377,67.95548791321713,72.11296786901022,69.23798064372504,70.11784873009285,2.1129382824286393,education,375.43421727372873,0
42,govt_salaried,16871.784313776745,22.61737847669867,46.257653082946355,66.8998386981534,93.32392443386132,67.35783017106155,90.5868317511763,3.883913530587071,home,681.1415953966683,0
41,business,27193.032887171878,43.62533737995854,45.886347237919054,96.76350219438378,62.83483535313142,47.404545818299454,71.33711132905847,1.323842448475951,car,661.9458218797348,0
33,private_salaried,65815.16456735991,27.499901849833694,66.6151556016353,53.30125894551927,63.637604092828035,69.3622171690668,95.27654982509604,4.367962211516635,personal,575.557107547961,0
31,private_salaried,18393.432898607447,11.221633574664832,34.29561858431902,54.32344271624487,36.022498653127855,87.45214004674075,76.68469160490677,3.21952528148291,education,799.501980843418,0
24,self_employed,84288.80183146786,35.078332772225686,26.400528933510795,80.86824900729658,21.757764392170685,58.67116390427443,84.3529573711384,0.1,personal,702.1643680897292,0
46,private_salaried,60127.09470499775,71.66454455792507,87.09121822482169,60.92661936166016,41.80479611761545,39.28532668180121,100.0,0.4524264091649356,car,597.1461000680129,0
58,private_salaried,41266.2736412185,45.475278551724635,16.020635793294854,86.08407873452882,59.932244687359706,92.7943440459344,86.92352099379028,4.165386465896502,education,592.098067580033,0
22,private_salaried,42306.04097974793,36.43299945360306,21.42747710961772,85.02001336530164,31.595439225848942,33.697735903957536,54.997644666969336,5.586871947994684,personal,561.2501465962031,0
52,self_employed,14289.261313235269,29.480906789400027,66.18178726900635,69.04510105646519,77.42551108926429,98.4708972350437,94.10935160052671,7.604513095198371,personal,772.4278460849882,0
42,govt_salaried,30374.18528227871,20.155367737553078,21.257623995496758,74.30934998443442,71.08957361821967,80.5890708375552,89.22839130800222,7.0435282334962,education,758.1755597122872,0
33,private_salaried,86551.20985632118,43.6523819932635,37.62017775724523,86.6224921033033,43.776090873995564,89.50937707881832,86.00635743078757,4.453271664150089,education,542.9483368726579,0
51,private_salaried,42147.05468175426,23.784723066486812,16.511931517252126,80.47338044227045,24.931702096735698,38.644513654022035,73.2468222294304,2.021107972120225,home,811.8881151920218,0
34,private_salaried,57119.56395511356,35.21323213857826,59.85782216475285,100.0,50.944124309861586,58.68830389298284,80.55781438647769,0.6325109764298559,home,654.0967422592593,0
29,business,125403.23439513073,37.46739042404558,83.09890719760335,73.2849996809737,94.56181201258664,56.83382444980773,91.46000578463276,0.1,home,721.8942421224401,0
57,business,28902.501671296104,31.604185947016536,59.423806641490366,36.732023516750154,12.46555578819681,53.322395583126585,76.53711818847371,0.7579288458441795,personal,611.382786033302,0
34,self_employed,80700.0875553295,52.449309054532485,28.425091647343976,66.26887733735167,54.06538284199908,82.67990873223266,90.32000136411443,0.8734175141772003,car,623.1477744756503,0
39,business,38891.603820777396,31.92917788254471,29.299470446473748,61.97423154563469,34.80242190900864,44.78107279505403,67.59404005812152,0.1,personal,614.3140295443275,0
40,govt_salaried,45214.09393467661,49.40167088740278,32.48910245735486,81.50293918518005,84.70794984155268,100.0,69.53976513670908,1.6574764632477152,home,499.5627202105378,0
26,business,50506.900605986695,18.04242491297335,84.9971930138629,67.45874507631855,26.524295148175725,40.522993862023164,45.59629383331786,0.1,home,697.2634299806958,0
46,private_salaried,42212.420417822155,30.05697202335021,19.13963294632729,72.02590446539119,68.29790177233083,84.14130481921407,71.50878174120058,1.3022679759741105,car,300.0,0
47,private_salaried,41510.20608410961,38.60535740514296,49.51514297401188,79.52250076871806,80.07372267366988,85.44709674159444,96.03955787646345,1.452710098070848,home,657.4488918554681,0
39,business,43756.00610657793,8.264909815585007,23.15820191160315,82.83947640483416,61.09031483232102,57.259835573525734,65.18133926489033,0.17269856830858288,education,900.0,0
58,private_salaried,41441.48247946047,9.280322447231828,15.186642235849309,88.09581259387915,68.67396197907563,60.581652922220755,28.149819053851452,1.3694070217866532,education,652.8588821199056,0
31,private_salaried,53832.48471445153,45.648936431362195,96.49344846742372,95.3061840772572,14.261830013272956,9.975725996597127,80.65818139293427,1.360627922994325,personal,594.3244303549948,0
47,self_employed,101242.4801859617,43.029115741653364,27.440786229511364,65.89822615572825,62.325033803949516,58.822780128785965,58.16703949618848,0.3360111344396735,home,677.50612259474,0
46,business,49244.28591674811,32.14916185648739,0.0,50.448967619037994,0.0,67.03837346782461,54.05583634305787,1.7320960844647468,home,611.2602419126074,0
46,private_salaried,72379.40216003459,45.823680585565896,65.88296483381893,98.41712856246208,25.30725633936512,90.123081406756,66.76721766499209,2.1160790223018817,education,629.5261073572788,0
49,private_salaried,35844.287184736444,29.5333742609032,37.34068139481816,65.74910643620527,42.35325568427983,89.79531676645092,97.02872178247758,3.095372312401899,car,722.6425181442883,0
36,self_employed,52420.64163196011,53.59285813011853,68.82244789441262,100.0,47.22953806186694,65.67308507142178,36.05338459719614,0.89692056807185,home,700.2129327690685,0
60,business,95547.93955312783,39.373375680594755,38.66985338627512,61.176360323796985,90.51555495682692,72.72213896560547,48.65161831171427,1.089943332786652,personal,487.17270102732016,0
48,self_employed,55418.20470831705,53.57717557717628,74.28286184067937,52.06278008663348,87.6344104236218,46.444924963171516,88.85379706237302,4.2551864046421075,education,544.3887627533807,1
38,govt_salaried,27786.276959559123,45.55478721220555,13.719464381828704,69.22147911904739,34.26259198600757,42.577200635885546,71.813715971492,2.0927447866210547,education,744.3858349581377,0
58,govt_salaried,41863.566709884435,34.65259560072472,98.90432066728602,77.30883444820782,52.14566491494489,28.498834668656457,95.54609854235999,1.7624071991334678,education,726.9069116379427,0
57,govt_salaried,87621.38868495538,24.94472457126439,32.805189572301934,69.4492115984016,67.56101758200104,67.90677810160987,56.321322078671884,0.569355995056682,personal,586.0578022214585,0
23,private_salaried,57152.22662706865,24.96104333509041,44.67268603390295,76.69142298244236,45.56019256746903,55.814446550899476,43.59048141779643,0.6571050263427124,home,661.0698442696678,0
58,govt_salaried,85052.70167216242,35.562944769536905,58.82053367669991,62.42556201093172,48.35963278601824,44.84294263085843,64.69636813045716,2.3115862928583866,home,749.206037187565,0
61,private_salaried,132958.02798038017,44.94690666424472,44.47309202364542,81.89519129715171,40.707661969310244,67.9497427959435,76.67971338409777,0.6407922346269029,education,561.7871918713762,0
52,private_salaried,80208.83108719283,27.015908555559815,35.552731794007634,87.9157326106545,36.03372341266744,82.51927679515086,89.23150816579044,4.750498080197066,education,395.1314387857887,0
53,private_salaried,45690.32761121245,15.132801860674164,3.3061934195137077,66.51843996797594,30.607398389470177,72.12690814959109,76.48028657477761,2.174099660375489,education,788.6437887026907,0
39,private_salaried,46427.28085434189,15.277157207799334,50.2033648406193,85.84429160987766,37.331277990614986,96.08434910169876,56.322800389528155,10.831525657787399,car,868.6888640273576,0
59,business,37814.78331621401,36.93568479638539,45.365515925301274,55.82424304399258,59.92235532305035,58.8260386776433,62.7931256617186,1.261233018867892,home,441.34398091884043,0
57,self_employed,56601.908264841,43.06908341938947,0.0,100.0,0.0,82.79766797906089,71.87164781082635,8.019776891298475,personal,522.2102462556463,0
54,private_salaried,26493.850524070494,37.49340905890819,67.08542037285314,92.00689083648528,47.354902872811294,92.78132183391978,90.6093492838042,0.9807535400831016,car,644.1143689128453,0
53,self_employed,118882.4550768274,44.048058373183096,20.17947316194291,94.46039388934008,79.6482595716332,44.400696823824205,100.0,7.968468435399634,personal,900.0,0
39,private_salaried,56621.91808892144,18.520199799012232,2.9091519007910094,90.48165281525128,22.151430917393938,83.21195159982564,24.76737572468481,0.7956713391888349,home,485.436879393814,0
28,govt_salaried,35089.48771243657,36.09020815613215,41.95115566820785,60.985855138281735,43.76523164369759,54.642527266748644,82.11859039391729,3.3212338372633936,education,807.0254263943192,0
42,private_salaried,28725.345694251617,65.76074052542852,18.993284445236046,68.45431879534607,78.44045263428681,43.90855508650482,41.063397621531266,1.7368564838394465,home,801.70842127933,0
34,private_salaried,51566.75359540601,48.083094821968196,40.607132505787874,51.788772919488196,42.59083372970102,50.18444995745685,90.96540015231497,1.4188675780549453,personal,745.5469577334741,0
26,self_employed,40311.99431891888,34.895414463562346,32.588101637140824,56.069797493541536,48.65246177315676,83.12364961242241,51.83305741157659,0.498364107340617,car,755.2958582634133,0
32,self_employed,46796.91982110781,59.4017283226285,8.802313993255353,71.35919075088682,71.1808340477355,69.19412631423417,71.04111058277822,0.1,car,868.0121842651499,0
23,business,63789.01499869304,42.55163672580226,17.1650226717119,68.7373715314839,41.20198757938658,82.19904032087305,82.56579114247657,1.5821277661006063,education,465.6822133463819,0
44,self_employed,24791.01271906516,26.878824986303208,11.930068340142995,100.0,63.66915179253333,46.67731126927836,50.58811420785322,4.458799875369446,personal,819.578990210126,0
44,private_salaried,28909.64723365672,27.572801714637595,31.509325966155977,72.61672697578693,78.01246895101752,49.64320122356076,97.31424784522117,6.839929914145589,education,584.9091808366229,0
49,self_employed,44653.93495591047,45.62452676004915,49.62091592806509,78.11274464099863,72.51226662030973,48.29869450049253,83.08974380424507,13.852885148772451,home,759.3367638694151,0
21,business,114216.83711648537,40.095291523604594,46.53814823192034,81.56284055445552,66.39206330991865,72.68598470643481,99.44174896889747,1.9001496595262615,education,555.9117734651339,0
44,private_salaried,64076.67295870354,40.61272541364738,15.712410838800622,66.59753430427133,45.80353697278936,74.2438412803099,63.58156918091044,6.028886405017991,personal,625.5992065952021,0
28,self_employed,48330.41607474353,46.426746911606514,16.89093888667209,88.02432118919589,23.34247766097571,92.63144160635844,64.52982118677252,3.2758515217715463,personal,658.1931467654946,0
57,private_salaried,42037.820267075804,57.76842000683324,55.13141440957867,30.269220030432926,30.348360297004387,63.264193414173384,95.12658917447675,1.5884072144507424,car,679.3026832788563,1
21,business,37842.36650221046,37.02379774275648,57.239520208071994,68.07659034717695,72.47003439086149,97.8368911646514,74.48878906411903,1.0072594328734163,car,744.0148600559793,0
27,private_salaried,49251.66904253817,55.383081917877846,37.8784730900585,92.67228863557676,11.008275771448659,56.22743372436442,64.62095645773518,1.3344819641451262,home,550.9465084857422,0
42,business,100853.95411947314,21.49970424264999,56.82002136719705,64.5779469023472,34.23705248457979,85.00162107077715,76.14756922494027,4.2920132124794685,personal,434.7481219496889,0
22,business,41348.0384788331,45.51565682579974,35.56486720942063,68.25922974591353,36.54663905479852,58.14169693579003,57.55413366658206,9.016110865713243,personal,783.9632631124882,1
26,private_salaried,70822.52896152121,53.73115886984863,33.17811364537216,75.8642726796954,27.77973388343594,79.66863568360006,25.57518595894968,0.14946938047457842,education,554.7505514430289,0
55,private_salaried,110708.08073105902,37.28747016714073,41.445358651777504,71.74525887783344,55.321322488548226,76.49964411541852,48.30783202688264,0.3421620326823175,education,728.0019736161414,1
61,business,73923.96897725284,61.00493562333081,26.205905715254865,30.548032934711188,51.974047845739044,59.556396568774446,79.13131804713296,3.9844951608557118,personal,882.2887073975439,0
45,private_salaried,75851.4339745295,38.110726393046676,69.80050520595981,39.53919779129558,42.68495213187721,42.578251690282826,83.72526999242774,3.644216895498986,education,752.9242121066512,0
63,self_employed,9157.063282800094,16.62428001963625,6.515404883683459,50.11496196901569,65.89598976201614,55.35513377060511,58.0748905547471,3.162799281180571,personal,507.1456530129874,0
49,self_employed,61466.69718794723,18.607958868631684,47.2196609337455,64.71529951264222,38.74375127944225,75.61701352428878,100.0,0.4635648740280171,education,697.1246407506129,0
35,private_salaried,31232.33399740233,26.674451795406483,56.83298862390744,78.11220353241266,41.947700043760705,66.85304504088565,80.6523947355268,4.210695929532243,home,684.4716386891229,0
53,self_employed,54091.30983884234,70.04776774263505,67.17997739190888,82.90227270448204,62.2478660176213,62.35417877498572,84.53911602636857,0.1,home,605.4981472862611,0
34,private_salaried,39207.61868074636,23.53159109979647,34.28324073853367,67.24627785642298,53.32217864260002,69.03674924614687,70.12303750264698,1.0117408600415816,personal,577.596820541691,0
57,self_employed,69888.08872358369,32.35677516468703,77.38084039003968,86.67910189932626,26.867758750782773,57.755276309790375,90.0643646004648,1.26499219251879,education,684.8089794882527,0
50,business,36522.80006818293,37.75065467667983,65.69477486178464,100.0,43.42890662817494,93.03335579729965,45.04556253272895,0.4089646792584245,personal,385.2922635193004,0
31,private_salaried,79201.02021835302,29.645001911462764,34.388679146632754,98.2338719746077,75.83064838661416,81.37489581669278,72.38435380873415,4.080826991281728,car,591.1850147553131,0
23,self_employed,39243.57695309345,29.98458088966822,6.456171648352264,24.952046908467757,77.0951626043764,55.27961651806605,63.202544273415484,0.3119596267581909,car,728.0785596933363,0
60,business,62598.55484189672,42.33402897232695,5.313869329468929,86.53451487654095,26.254768125424533,63.19478138287025,62.32928158751826,0.5251522659416527,home,656.4097007673602,0
47,govt_salaried,24118.53783584254,18.68564807192992,50.20430284768578,67.58403398074347,77.75685314867988,45.98301416696816,54.58567405821382,2.133115864306191,home,642.9833357123811,0
55,business,90099.95356203889,15.600800832049348,59.26852309619247,51.356023068059685,61.126624683471825,83.94755618069924,72.59490085986852,9.209818683418806,education,718.6229140097628,0
45,private_salaried,39677.28997971998,61.166506130587265,33.56540657270416,73.28251478382133,74.5061030801701,34.49468782325873,65.82292664159777,0.4938218360170287,car,823.6330969969265,0
39,private_salaried,50661.405944115424,34.65510676173161,16.33186786687628,72.5467798484013,84.75406042380955,76.21426932063437,98.61425414838203,0.8906583992998156,car,700.7944450031035,0
58,self_employed,51881.69819146261,58.56485327399977,35.70416773050162,81.84384121055685,47.07296340174259,40.14200093799192,79.93292389583124,0.1453976110369196,home,737.17004796757,0
34,private_salaried,88402.39412746752,34.48560691060368,23.98808080359378,50.645079635089594,70.04337978656946,86.76243049326746,72.88582430054214,1.9510064522362356,car,713.9949825608932,0
30,self_employed,81918.288104951,32.10652321976153,54.707193696239855,81.42659172711899,20.665709715393433,48.73546718133472,84.21861951419892,0.627242552901599,home,612.2187618124659,0
50,private_salaried,46376.26460054531,70.21953683971034,46.76907568312768,81.2983788068092,86.88460184406875,56.72732042901429,61.722437578311826,0.1,car,561.7214800725249,0
25,business,36837.0103568558,25.087183987847897,50.7458039428051,50.96763584047939,33.68259643892414,58.92863015398771,72.04934355627184,4.816377064047242,car,761.5798800407156,1
43,self_employed,113830.61279063733,36.86630640373448,29.638284720987258,64.83593151678892,22.81826420235572,55.77689650350672,84.89200638865,0.47659941147749574,personal,557.9380745620572,0
27,self_employed,44778.91967112469,5.564370591888537,0.0,57.393068691551086,56.331454463362874,59.671598473076536,67.50875356926889,2.40141371852982,education,554.1774626221629,0
42,govt_salaried,11873.193193511226,41.63257613196455,52.635726268569385,73.55352898264805,100.0,73.49596301528118,64.85359159219718,1.1106445397423776,car,714.4888577812321,0
44,business,46112.02897533527,38.499588413543236,0.0,100.0,0.0,66.48987972896958,57.91710397245628,0.3284291434918282,home,638.0550927398733,0
43,business,37528.0759312206,24.040866173780362,46.643052516345094,77.25268210391106,70.32031448156013,89.57121751380141,56.204882359644834,1.292635031363095,education,870.1188255635975,0
54,private_salaried,75442.47944096109,24.02002300918373,0.0,57.03564076306034,48.248785557131946,38.43036035246303,60.55043776948582,1.077077037772968,home,514.3474853806537,0
47,self_employed,46037.36945567553,44.173832004765316,40.005686776774965,72.15567665742161,47.49928213136204,67.96081662173577,61.67691342462609,0.6421516891242419,home,658.4765066466368,0
56,private_salaried,53841.708069693304,29.98376452860841,21.320842756730883,100.0,29.711710924668782,69.1522708373141,51.13713551744927,0.4111504509162943,car,622.1464002075887,0
56,private_salaried,15485.56120283306,28.441103533864514,9.235637663901578,98.12153387638327,69.46319706450385,46.56879351380208,49.39929823332391,4.254467166258883,education,580.9294026815742,0
35,private_salaried,39052.479354433955,45.83678358574435,58.7514772575212,93.51231752228205,0.0,34.573784153250486,74.16724030155804,0.3459834952617258,education,697.7199959933031,0
62,private_salaried,60989.72606374074,25.913423609355007,0.0,80.73810390627013,66.06350924700253,50.86709488979899,66.79281203634474,2.30741698730313,education,687.9089023001735,0
64,self_employed,72199.45932944222,51.882098669235624,10.774955265710343,75.77801463676839,76.32884919844912,70.18495071890986,55.146930880842106,2.3220019246963086,car,597.1294556140118,0
61,private_salaried,37450.652521000244,70.23669368599562,47.83847435066688,70.03079211917705,79.51988153720127,79.76775502283317,74.58152386318783,3.94496978206408,home,680.0026624329031,0
34,self_employed,71237.81706476369,9.686065897442408,49.3286526737278,90.60508488686996,65.88551927309851,35.81581961911993,75.97472621988344,2.1672558380385256,personal,807.7921826307878,0
48,self_employed,112784.5704392557,37.945437491972825,58.26944828131389,69.23134302953747,70.36806748450671,62.83027762945725,39.69935430374072,0.2690350004949336,car,559.3796716659353,0
43,self_employed,58228.645234108655,52.631355296938025,35.66076315626282,43.57066525353445,48.9651806804383,59.08058270063546,59.218947105703336,2.072645710900644,car,747.2400315765851,0
31,govt_salaried,29446.872327213892,21.369200794779402,55.965108969848984,73.83975193691667,56.996086186116614,71.7291337826817,57.01312274918398,0.984130863726549,home,484.63917348151136,0
57,private_salaried,68561.5693822046,0.24499028115380383,47.766184819576985,61.28863557172002,100.0,79.75713458344151,89.00171665115015,3.438696631992078,home,552.5262820324319,0
52,self_employed,27191.443297990136,41.34252086298666,60.830595505743446,72.49183683401334,58.785425051564914,38.64887601661515,60.92045458078861,1.8888530765262983,personal,502.53786318165646,1
35,self_employed,38030.813585099844,5.96617266104008,16.030658626555237,60.78835545678001,68.8011022870819,77.24837188348508,69.06863516013937,2.1755948600098445,home,493.51280684539506,0
21,business,32198.67664656918,39.78190860156595,57.74792868433826,65.02710167612948,45.221906946773935,54.568568361330385,46.984080893614625,1.2060260463215493,personal,666.1047770988586,1
60,private_salaried,36921.08372905387,29.90809625733724,28.422320632100345,71.53029482290155,47.86764740240356,70.39864576715445,100.0,2.375593577142601,education,547.6625971152703,0
21,business,59259.01358592756,55.75967378662948,53.037910018952616,99.90385837143126,59.57987524050085,53.193935806700836,71.93445212925923,1.587432413740555,home,663.0849785720242,0
62,govt_salaried,62113.14932063941,25.61875950105076,30.98002281910733,100.0,72.84205135956547,70.06556233227191,66.31996841246563,5.9161202636011625,car,659.9121976908991,0
33,business,84106.65481195477,56.727284954397604,42.17779259105582,71.68588011799633,15.526577163840336,42.4291258734099,74.30273756560122,1.4586766027226792,education,792.868265024921,0
50,business,27299.05220363513,30.491663562056544,38.27884557650233,37.10474038420905,45.20163683022717,56.21488968903759,77.22464671084342,0.39133489401207416,personal,786.6189607796455,0
45,private_salaried,44769.39751151582,67.14311470938762,18.867387175538127,90.04544758832344,82.2810284271368,42.58244915203204,80.09911483187334,2.7937025352384817,personal,816.195827764702,0
51,private_salaried,78230.7416318163,53.735271629146936,60.09699555700064,70.37234672434708,61.32659802749263,77.6660162601824,74.85398312813315,6.194065456048562,personal,900.0,0
64,private_salaried,31858.72153116507,9.729773463738152,45.92191781889603,59.84869618529549,57.729650204962624,69.87625088615766,16.28506358589548,2.0017399340907462,personal,619.1702418303437,0
28,govt_salaried,29360.18403926626,22.688598228904496,38.36327952445882,66.84374198746634,73.8709575041571,54.30330855533588,55.92263288043236,1.904418295810021,education,664.5171221562872,0
64,private_salaried,56887.966908899616,44.66155582848901,17.4036539053899,83.54531240543632,10.659412420249502,100.0,49.89388716381313,3.593522465649992,home,538.5503767225555,0
49,self_employed,42950.9560927313,40.65950402499897,47.81109035723156,65.14651496960602,14.127495640540829,58.9601372997049,34.9959472049732,3.82896818190292,car,494.79008014450557,0
59,govt_salaried,62692.18916404873,44.045120847335866,39.59021922725206,43.61418314288352,10.957885129025456,57.213921573547275,83.55291671646053,2.764020768218871,home,605.6091809260197,1
42,private_salaried,49919.19513597273,34.704783536484456,21.686737720629633,100.0,67.4775637405057,68.07108701653006,66.4860873672524,0.24382775840300747,personal,668.6666733620433,0
49,self_employed,9923.075240319613,33.62917631058959,44.658240374137065,100.0,43.93713246796378,38.85038827376641,94.30886174088042,0.5357785126943196,car,559.9833047618858,0
58,private_salaried,47768.25163783704,44.04505811936234,37.86624630302721,73.02607133228732,22.364707229036533,66.3729026878494,76.45850596769381,4.648889353705036,education,475.03326044780084,0
63,self_employed,23705.996714554745,47.22069297851364,44.78255465389296,89.22541439082411,39.7834789891069,65.04587102506167,75.48881873288157,4.197791636849402,personal,729.1444906013738,1
29,private_salaried,69155.1282386111,37.376406896097706,70.31199997304884,38.88256969043883,49.279312440881384,60.32285296498696,73.05311008065978,0.6590137697579295,home,746.0975095489054,0
43,govt_salaried,39569.4609241173,22.76925790115601,22.935168258540802,57.22854261841648,45.18416598069637,65.72214111797886,84.77144840872647,0.1,personal,654.5419696869072,0
30,private_salaried,44980.37168871479,55.55870319481559,33.10819861426225,62.407319249409596,76.43234923041982,87.61124065236469,97.57467821782002,4.846322365995961,home,486.20174489704516,0
49,private_salaried,91789.49717543478,60.13577560829704,49.76462333673106,77.0205660420933,58.18218249698826,80.00354266138655,85.92087438008821,0.2909225655886028,personal,724.7777446819167,0
51,self_employed,75868.60679898119,20.516908234881303,31.10397640298554,86.02012029241006,48.1415762993247,65.19923409133398,51.73089609744253,3.9629425700027325,home,553.4561221456536,0
58,business,98153.4138953203,30.204831433539912,28.79528003057273,79.86009293594081,35.13098797534644,60.36758740156316,80.19851764585444,3.132819602061361,home,821.8109069775915,0
39,business,31350.652589896436,18.811468376881507,0.0,65.93449711151278,26.0623293075062,33.96660986945244,73.34225478959168,0.1,education,654.9433390768112,0
22,self_employed,25876.560315226085,19.583740606109888,55.938182907595646,71.19861650229302,100.0,86.10574203984896,100.0,0.5439476823774394,education,652.3344846476939,0
36,private_salaried,36648.68063231084,18.423599950176538,56.49252613650967,56.229676094507916,43.70105377095095,100.0,61.72240577964927,3.101412385825366,education,626.8993705965732,0
44,private_salaried,61913.550163796135,24.183933110807757,44.87709737832219,41.48669664703925,84.40919000911646,100.0,86.48178604325696,2.087064929908952,education,529.6324174252018,0
58,self_employed,112222.97254862456,46.43479228101871,35.47445100625352,79.93915593121827,95.73165957919255,55.221655483852494,58.393784900048146,0.4361196916944814,personal,533.8714044051815,0
61,private_salaried,12424.262450095122,22.494793851232135,30.37750668616175,37.01719271908783,100.0,73.31034719934866,80.88840322199887,1.034393462971689,car,632.0000592924662,0
29,private_salaried,33278.896313258236,50.20353691122182,49.16449464105116,65.64099431426297,48.93899092506621,27.021134408093197,97.29237714869967,5.254878161513867,car,707.6483002168293,0
40,private_salaried,36521.50323805904,27.91468353464813,22.0435855428208,89.18432808797544,73.46562417744678,60.09875724635503,72.50361539913831,0.24650109146251387,personal,828.4465013351546,0
50,private_salaried,31113.406609277266,59.11817113827041,50.79314756307451,83.77616556859715,66.01540011179736,35.6095809404818,81.73202842292864,0.9374942613416073,car,673.5588601192793,1
30,private_salaried,30051.07003269741,45.027593372133424,47.98965162539869,33.57771575353817,74.27315024122208,54.172471702361996,76.70542332798881,3.1474936196042513,car,620.4419065846419,0
42,private_salaried,74215.01431860126,21.001021918440305,32.18724217502169,97.19720076610919,51.46651444136544,73.35793708396773,98.38639107051345,4.749851666816493,car,655.0852422599091,0
58,private_salaried,64714.273187793064,42.36935446929082,38.92213580865978,89.22598273762691,53.71592265152156,76.15278830683644,60.22317966753361,6.612403155337904,car,510.21346990466674,0
51,private_salaried,40815.918240222294,41.67448001654819,4.648281443878673,86.25914756928434,24.430619067958943,71.77963302956331,93.41847706180474,2.664615796200851,home,792.459785296255,0
58,self_employed,39920.88013978938,50.3620261311739,36.662487867587046,80.50404967739424,96.48996463901413,71.18207257349131,73.49704840303518,3.34407867863356,home,653.3534343385763,0
33,private_salaried,57821.203203399775,53.7376084996096,28.047198814296983,72.62335705478696,26.227624384940714,19.88690257396304,79.13094420445007,11.49724833180361,personal,508.35193323260023,0
38,govt_salaried,46612.83926353536,32.95256237221571,0.0,91.1748582615275,52.058314233581285,40.036266537088295,94.01414084685217,0.1,car,799.0618131576737,0
41,self_employed,26578.42645462587,56.85668436659546,63.35329629269238,92.71383494292843,26.60532051152819,100.0,22.95112859848821,1.0109531015426743,personal,535.7533235197443,0
40,self_employed,33096.21996263057,31.769145411992643,33.26043488799831,65.61114841628871,96.44989003382548,51.32737689148053,99.3293449108001,0.9559060046098136,home,698.7117408629746,0
37,self_employed,38722.88697531811,25.009522914417026,51.95875751915737,45.40175221404936,43.1342936986652,88.34200786840691,66.36053457355263,3.9603984834778068,personal,723.5555117155039,1
34,business,24805.427262758363,43.382855435755836,49.57892185388502,69.28919001529768,90.18347131311742,50.931078898823856,95.64078010371533,1.9870827146663006,personal,791.4150989410684,0
54,govt_salaried,109801.66584588685,33.913590973165974,23.22576512035169,78.93969579029013,48.73584769884489,75.65986006442324,48.76862476068591,2.6863507204143144,personal,489.1925117445397,0
47,private_salaried,47798.804863902566,20.61712056692531,0.0,84.64505820267297,95.63605988619605,75.53350229392937,69.66169822653379,0.34057217142308793,personal,789.017362226294,0
49,self_employed,32047.782055887525,20.522399621427944,11.315651138688843,100.0,58.75703565608547,84.58362061858264,69.9148247152247,0.2819164007554907,home,774.9959668445438,0
64,private_salaried,34807.58646761814,65.60723004490562,29.263387758310976,97.18906902595752,63.41585313507609,89.97336813682402,100.0,0.8636983176816841,education,684.6514754798758,0
34,self_employed,74726.90063724195,32.56546120200677,56.30756458869497,85.61141996778743,34.631138467006735,56.80501505578184,100.0,0.9053670685782133,home,736.0546070147877,0
31,self_employed,15716.263350936551,27.66223519983109,15.341292188015718,66.25802105735619,100.0,100.0,51.03648561656198,6.160496301325714,home,676.9111374740421,0
34,business,82270.04789826975,51.61026496168253,21.85019991379815,99.08763164334428,74.70240095948033,100.0,34.541697984719264,0.44126382310352535,education,596.2245602725242,0
42,business,40699.96713545786,43.9909491592571,63.87237985218542,81.52470780599789,72.53643782458404,25.334983193466044,100.0,1.628457460946792,personal,614.1480344516128,0
35,business,60133.15552673393,26.096155151558076,18.321291264704996,97.97376103876836,64.7160158125029,72.15699194073885,77.23286229248325,9.551802984382592,home,825.2340137234593,0
55,business,49104.98987531823,29.315214726653714,31.592858272437347,81.02954077016425,53.86608949659552,48.518422071813916,65.35782848626897,0.8828637400730777,car,610.0458711426019,0
44,self_employed,44298.52720285202,18.339587286206857,46.969387036346426,53.65908452353393,62.696359910188285,28.37423900033353,24.993057402594886,2.925619487413387,education,521.1112696151096,0
33,private_salaried,47031.52966544349,27.979430166647575,42.69316523439624,89.94316329932661,56.23243009651253,64.75799776558117,43.637407619663605,1.6037956001625364,home,567.7964595693576,0
43,private_salaried,78842.18373455311,51.29511485282505,20.941514337712626,80.59686942051016,45.50440763604084,44.93145070348483,49.66472634193609,1.769298653176241,home,600.0530566290868,0
38,private_salaried,53777.1022908561,41.08964198152269,9.169136977409806,78.03307932416311,47.62122575022256,58.0168688772324,59.153510132010275,1.5595161884310715,education,668.6064067911852,0
21,self_employed,33525.38337276521,43.59924506881809,0.0,55.50551894450655,100.0,55.39279834153872,97.73640030102277,1.545033908246782,personal,738.1158544096289,0
36,private_salaried,23929.7752147249,34.29177268116796,33.441885817913494,90.31845292419673,51.53824002314465,43.44396011423361,70.07953813243685,6.904590940616799,education,825.5987975090484,0
43,private_salaried,17011.040811291165,42.459608824865796,0.0,86.72445169275151,38.437822761333024,63.59409050683786,50.01824500412798,1.7755713479163986,home,683.5568180489363,0
42,private_salaried,35959.42076827292,24.11015222418488,1.158724521065551,65.46186237191301,75.23089559315572,37.059226863879786,78.26677316490324,1.0050303992973901,personal,648.2954235597732,0
58,govt_salaried,52581.73834761637,26.48786961731272,7.967657891677526,61.517324721367174,88.25114144225952,88.06542414938178,42.00345808332012,0.6617533583949077,home,676.3991707099259,0
41,private_salaried,164210.4829284204,38.691881036340575,53.11733289230506,100.0,30.769895934521625,92.49969901337232,58.653731343427374,3.1323846823482975,home,725.8744744655098,0
50,govt_salaried,51979.74685244068,25.477675931781903,26.064925971168876,77.17882470145574,59.671823087329955,72.97041206187762,70.52844498202367,0.541409256876773,education,598.1847712821963,0
40,business,125815.70121754176,35.19515168436882,28.797720182909696,69.95741722066579,59.83147113903787,82.10534244813407,100.0,0.673631761424372,home,522.9465553103444,0
27,private_salaried,64249.224038274886,40.63260383126107,44.989660474558555,46.93509056016883,38.16428504133704,75.84773113842662,98.78561584546148,0.7327094210219633,car,607.1683135704873,0
61,self_employed,99796.39472628795,61.84244738881493,1.5731882091170348,71.23275292937213,92.39576684330952,80.46747205600275,86.44195590947035,3.730812124942818,car,562.5421996248206,0
38,self_employed,63987.95790044053,48.03115926685539,43.224690194217004,100.0,30.259947874542092,65.86866991598745,81.31407280882654,3.0132720821085144,personal,641.5434534749063,0
22,business,28640.231849531647,42.44667831509097,0.0,88.21692261396785,47.42707393463172,58.28108580504728,100.0,3.9009144825721433,personal,864.5686742456529,0
54,private_salaried,35990.64622265088,34.3719791116839,51.22932758817245,72.23409851501066,75.62821485128724,90.47215433559003,93.57402906722515,0.5940825077550296,personal,535.3217267426978,0
54,business,55912.9557608548,33.57652309830676,36.37870992791474,82.62734760649934,77.6035851849149,67.24266217923125,70.36358506706942,0.1,car,632.7156020314067,0
43,business,23606.592356284047,37.016218757565404,29.999382296477876,55.72862299961561,46.18988148281396,38.095301133240675,52.784815303054536,4.6797902957302275,personal,587.1515485121057,0
31,private_salaried,27586.616053455688,34.21544748443426,13.160891974085494,53.94522504727238,27.69716786464442,84.5522719116081,66.3491187870089,0.898271248524085,personal,560.3395070251257,0
46,private_salaried,43695.99576622901,23.311635472448714,59.764528490340496,70.11946853697903,50.44790171634584,90.63960922922313,42.8251932592744,0.7302457610513471,education,660.7516488749962,0
36,private_salaried,57269.2574444177,35.54727447315113,10.163073803852107,90.43887063966059,97.07230092084205,56.85022410103364,63.65095556235985,0.9126436372414695,education,652.729583002743,0
57,business,63783.236039885436,39.350737398493344,75.66371833421746,100.0,28.832970961423467,99.88630499726133,97.53796526026362,1.2763613713325215,car,640.5197952513364,0
32,private_salaried,52576.74060340207,9.2011404124361,27.537808690297158,61.909371619614504,99.7454394739377,48.737714815140116,61.85630444605246,2.339935224527611,education,605.2897577250919,0
36,business,52899.37759961659,43.51965867803399,39.65789667885474,79.30162112592542,56.9037079769112,100.0,44.658663487726855,2.298146900322791,car,433.1905387696444,0
37,private_salaried,98850.41424632136,37.78329857422889,0.0,89.91636787298248,28.377877486701493,39.32746173266874,50.44452128528229,0.19458339079745662,education,456.96139422781664,0
49,govt_salaried,30653.60344830999,27.029253830174536,36.03440273782783,100.0,71.93732221810917,100.0,56.077733034118744,2.6373043586902902,car,638.1303359948556,0
31,private_salaried,68910.59706989405,39.35971566738866,37.67824253370852,89.31122082264343,33.930612032567225,81.79827886647834,67.41615032441749,5.464075148365768,personal,818.115113327492,0
29,private_salaried,32165.657248342774,6.540244803590511,41.17821022820978,82.66589066293976,100.0,51.78686306187544,73.75436415208029,0.3706559504285687,personal,900.0,0
59,self_employed,60826.73740222134,25.44558774715831,63.3752943499877,53.30396977420712,56.250488898544575,41.61615461702171,66.33582547748574,4.332853008960663,car,802.5266191586041,0
39,govt_salaried,58599.045212929,22.485504217924458,40.451776135449926,100.0,41.01426028402261,100.0,69.92767749376345,4.041307417738551,education,631.4084160344491,0
43,business,126278.93147758218,29.191379178824192,12.09981338776236,64.51349463315331,27.900788715442793,45.67566349971719,65.26308553615294,2.398191394307692,personal,754.4562278248839,0
28,govt_salaried,67817.80299007377,42.224699574638535,56.147848043676845,79.4702292051991,45.50836965154211,70.19387513328842,60.96392549653835,5.504251089594878,car,764.747260859504,0
27,private_salaried,94865.56006264711,51.15538290499006,58.03756034148828,71.9394620066589,63.145618700296225,72.17214893633631,79.31348141309813,4.7592444815234485,personal,524.5766234153766,0
55,private_salaried,145210.02266836737,17.497215402299275,2.5887928824930526,71.64280089273687,60.69402321252549,65.10744448463375,33.84238676581717,0.9297310098897968,car,706.3023814263825,0
46,govt_salaried,32464.48958146322,53.16128414482955,57.77293140371603,82.41745729009985,47.650248936672305,63.03795269455268,100.0,2.2707566806855253,car,726.2130663080918,0
33,private_salaried,63246.83446545529,27.07703533465048,46.71904114532716,88.45288167845818,35.84375275695748,92.1521457256899,92.58216114225137,0.6748355322538884,car,838.5476020763225,0
64,private_salaried,74250.89592468685,59.008431210982444,50.63730653882635,100.0,55.12567770329249,34.26096734763874,58.97228643210035,10.84122804653874,personal,563.190120169865,0
27,private_salaried,47597.92023040181,37.28971252695881,31.931462652110053,82.22946406823588,31.141090416476473,88.30023249481866,73.5477453007323,0.934228423330496,education,641.57708360708,0
36,self_employed,28662.90943455139,50.06367213147959,51.20251913715321,33.19787518142854,50.61648099107463,16.87337284739055,100.0,0.21206406275421016,car,586.4354685348129,0
44,self_employed,32180.46080118509,29.983088120016504,23.298429904803243,98.90895403293442,50.80885835906068,53.67514030720788,78.64544559350679,1.4794874055293468,education,566.8496615858026,0
31,private_salaried,64249.778871202,34.025974616827945,46.454303702965994,85.94328956933776,90.93155760050823,45.61066012177682,89.1146601285801,8.05254390258572,car,586.4742091412677,0
21,govt_salaried,47581.59352643142,49.20505241675449,64.0907709629831,67.69374013907235,47.94407019975904,48.670117789513135,59.40610549255834,0.6945997434412492,car,641.8943675026375,0
41,private_salaried,31685.51741992247,40.928767491221194,40.92813352694985,58.19554487303809,39.14671748994975,51.154445301176246,63.590342842831326,6.354098988950515,personal,756.5662245129072,0
39,self_employed,19335.201877135976,57.70869311241219,27.839183428443466,82.1436618943844,49.30855959900179,78.74271844216938,87.04554153992018,4.08500834293057,personal,675.3724926151204,0
28,private_salaried,84210.3547520655,40.026052789764194,38.278253776969926,81.34959391318677,46.89609595352381,77.17644965292278,44.8307241560412,0.7618441613918057,education,881.9928800875985,0
39,self_employed,57633.733326541194,18.107010028585268,32.972852630574025,100.0,42.90250164568359,50.21939313037031,67.65791675330456,0.569471018377155,home,463.5637458678726,0
29,govt_salaried,129169.13720215861,34.949707210928274,23.026239037391665,69.89953400719634,17.07692073118171,64.13663630800362,80.82127647660626,2.3183965373139577,education,574.5704846768976,0
23,self_employed,25760.62859568081,5.897394628768037,11.104527839612771,58.68055335342889,26.314434760613437,37.06184102291759,49.11464734303267,0.23662274189904572,personal,869.8325425832107,0
57,self_employed,21377.099229336152,66.83041108143526,53.08337823152725,100.0,27.09536317051551,40.11523949350248,87.20252485459622,0.5266427071573564,car,706.6665770363761,0
28,govt_salaried,69772.45322159611,39.8175395795559,62.3460821394433,45.11692490104778,54.230507252781784,21.752784309574658,93.04995757171372,1.764002420852874,personal,651.4452182675842,0
34,private_salaried,41670.94511836263,31.651983721995066,12.495393333786282,39.228464797717336,40.40383839907196,73.66236696541154,65.29225315007065,4.023068874188787,personal,806.7132099326016,0
64,private_salaried,15126.326256897912,24.85129096470531,48.78339709132889,66.29796738253556,30.980019963824592,62.76766901910605,68.38252197620047,4.394442952914958,personal,628.7088895996125,0
57,govt_salaried,24963.727900654845,12.62742476484323,62.18802866837746,58.53556074797535,48.986359164886714,88.79899448983586,64.60754642050047,2.9663375089031785,car,755.2980235031316,0
33,business,32859.06042590132,32.52777254333952,50.30085617060641,79.72459236170171,0.0,56.03923299688506,76.43956863748654,0.9961142599664136,home,658.8081027932728,0
47,business,27367.372092326354,24.729645336780564,52.00522485994232,88.20211909528054,19.486966257970877,92.98813588678232,52.7871488087357,1.6775741647746356,home,692.9969697839246,0
55,private_salaried,58053.65289873525,16.593001234906904,27.39857572596294,76.50627291620108,50.52516205711013,59.54267508959355,54.13858252770796,1.6296526269053537,car,478.5425147945535,0
52,self_employed,56043.457273267224,52.98947710110482,24.35496525349713,47.5892802210784,46.353453006315206,66.86889588470062,93.55593016385944,0.27036484418221657,personal,778.0878617509179,0
51,self_employed,64388.55060849052,13.41525024933803,39.01135173518856,66.5330669591299,67.5110371771937,47.93168467862792,100.0,3.460350437245868,car,652.6137966919734,0
51,business,69630.18186335462,48.74494954629958,30.961207699696743,88.02247802135653,66.40261044782547,24.414923479894703,92.43947438405479,0.21306715811518545,personal,630.4071315679062,0
27,private_salaried,46665.56050679682,56.26159081847122,50.95129892722804,68.40023892454792,47.05958493621552,47.26717519635667,53.37059845391103,3.472285542804354,car,687.6699251911841,0
21,self_employed,34042.407636643504,33.57715044173949,41.844932409636975,100.0,84.34462751615649,88.47060235344854,60.932948241677735,0.1,personal,540.2784502169202,0
63,govt_salaried,47651.43160786307,41.71690272776316,51.98913616819449,85.91316721763641,62.84033140900945,62.468022479452664,75.48416535133478,6.287200868183218,car,552.2947772858255,0
40,govt_salaried,132807.22359831803,39.6939526777827,35.53867547407013,100.0,20.347108857406226,100.0,54.3310064084028,0.8226187573551126,education,823.8156584370244,0
47,private_salaried,112692.70839475168,10.460683210462609,25.22120452216199,100.0,76.59779359627282,100.0,71.50776982614427,2.0566943312013306,personal,765.6044787703198,0
25,govt_salaried,26101.199069323666,52.5963371304851,49.76896404708553,51.790424260578575,38.37406322196618,72.8114829403435,75.42230075685606,7.881921300303276,car,524.059444828609,0
46,private_salaried,69175.03493844542,30.249669328995097,0.0,96.75489753496556,62.494847719887595,62.03851447318574,79.9719782517038,1.3771088706763126,car,739.1723574292589,0
44,self_employed,19931.985249803103,38.62114155032905,28.950984290623794,100.0,48.08125232425661,81.85364106521891,62.080145848149776,4.7270735513715,education,457.5107651740089,0
39,private_salaried,88887.76796281396,47.498974256168424,31.39784798978475,64.39369477122719,43.831423908783826,82.2529225104752,30.490610191108914,3.182234270420982,education,534.2791552966223,0
42,private_salaried,52389.772875940216,64.03933909850063,53.066885181694914,77.24828299262148,60.79746350839939,86.60669274475131,93.85584234879018,0.14148348609272107,education,707.1190595473197,0
24,private_salaried,75044.11647342637,17.347819017408554,11.591155915978241,86.0833693933119,34.62919209116861,73.16941248741506,49.46607273464933,2.736759880695793,car,640.492991167558,0
61,govt_salaried,40044.45782288175,50.17100714434205,51.52288035757479,14.997334135742328,1.6208289843388144,96.44348884668743,45.05323466435121,6.660349616286253,personal,492.5816136067443,0
21,private_salaried,143387.40680181977,14.363636172654033,67.97188322567162,69.42619747376285,99.60432717308203,77.4748415729099,59.0855785566697,3.6252393741962106,education,577.9764733035332,0
38,self_employed,32108.841722040084,26.899168013935046,19.138030742752004,76.37646358306294,74.99396244048256,74.86023709035113,86.5161338114817,0.13823255872060752,home,524.0773807759714,0
52,govt_salaried,6131.122091115556,28.06461208136189,3.4404292917256143,54.70731078172116,4.064957464212469,65.56333383849936,61.410903459316074,0.7236967004227512,education,524.858674895586,0
32,govt_salaried,43584.27956560031,48.57745171568152,17.73338637721768,74.14760237497647,82.6299540170063,85.06367360120382,88.45001399531924,0.12464108302160631,car,624.001022854615,0
61,self_employed,99651.82436915756,44.22562525130176,47.879326019903544,92.33197066834946,69.8665997929636,73.6330065706847,100.0,2.586826986382233,personal,774.8815889985402,0
50,private_salaried,47795.268903811375,33.38651498411845,18.658274686637927,100.0,86.38524224271409,46.26736652467209,85.68191588226867,1.896585484256884,home,623.973670346241,0
23,private_salaried,28354.144855508668,34.06833600651328,56.291359510501266,69.96922656039578,70.91053075364164,68.23315211186213,45.91813512224836,1.308319496229753,education,834.9389779107254,0
44,private_salaried,53247.66637502236,0.0,43.76684109161948,43.795881534186556,44.26213277077057,100.0,55.58525583597266,11.071565123069751,education,707.7697123243895,0
28,self_employed,104693.3909388348,54.08212025281311,16.57422160562501,94.2556426042818,35.583512420002045,43.52091555916209,83.05329824274993,0.1283218873751107,personal,735.5633281029832,0
38,private_salaried,55214.85156787517,37.222909743617,59.947111978861855,73.57971146612724,73.68421299699973,66.9194378657366,40.981412952042064,5.102766766328091,home,654.9656131360532,0
54,self_employed,81670.78593416,20.480354384773513,65.25524606424183,67.67389084922638,62.15232882616516,68.23026995564842,41.460468279190934,5.322131788072065,car,703.0353713690723,0
21,self_employed,48324.44481169372,45.594612245776005,40.7128657040297,93.16537138705668,48.7256217126544,98.89362184808463,49.68508566651927,2.095333047772226,education,829.9180343189383,0
49,self_employed,45157.742865347,45.06756862827372,32.39803908236972,85.93290058165319,72.96412142675479,51.294059538094984,44.15808547911544,4.7258696119037245,personal,679.70461609395,0
31,private_salaried,125517.08545042301,38.750694328714935,47.1219932444198,94.19506153065741,7.036485134067846,54.44468248166465,71.45496314721122,3.824958653641552,personal,795.2174283771477,0
32,govt_salaried,64751.70476902637,29.403541108973172,29.865267277300468,100.0,31.995192389991367,39.451070554402705,48.5169028539273,1.67389760027798,home,674.9467028774175,0
34,govt_salaried,37786.14954819204,66.08993010154117,49.28957638171292,61.881988393208914,57.49381518315634,88.7643755957363,61.22349737810172,4.270553674021901,personal,636.5887318143701,0
33,self_employed,58458.57471790524,36.36842941106225,61.293646338013914,74.85878365113561,49.62144847744105,75.96015683546713,75.52820333322828,3.7891511915054332,education,681.3227750838798,0
33,self_employed,57764.62583304664,84.06529484519027,67.25966599023636,89.18558975464065,71.29418211870848,84.38985397152828,73.22888990073432,5.740101271910703,home,658.7931254606035,1
60,govt_salaried,55772.75987254257,27.149474211588206,29.173466429321337,85.89553380532132,82.80720543845565,81.1593370037531,90.25647648139798,8.59920606540973,home,675.417175756608,0
25,private_salaried,39859.28914248762,16.784026707899915,28.372679440429344,62.26123792690514,87.5917926096308,61.867964186349724,100.0,0.1,car,834.8004786663439,0
57,self_employed,83544.06339783085,47.24741642946826,65.4170885221429,58.692182677833294,57.64881710114856,53.669941726403884,90.06389076560265,1.2868034572053664,car,472.039717922446,0
29,self_employed,37760.52048203954,57.82767855971832,3.9206111939110073,77.54158701470502,41.85018107880164,58.134432767290654,100.0,2.4278637826931933,personal,653.9514783460243,0
32,self_employed,65216.60088350512,20.355514456843252,0.0,100.0,62.883372851943584,55.85416342217611,60.16889410078755,0.12368390118361083,car,684.1746981736685,0
30,private_salaried,112081.74050006796,47.36928433730151,49.78615441109518,83.15393022757787,62.76203191331259,55.6364979235651,58.83566964871949,3.112908971588393,home,746.7358937072438,0
42,private_salaried,27724.090407828702,34.74705019641388,24.152099802575208,64.96397392950254,36.20453026441289,48.365931721432084,77.45481369049398,0.1,home,453.1342054149683,0
42,private_salaried,100301.3419249368,44.34900174488121,10.354192637815292,45.52387112867615,36.617920960463174,100.0,77.46434505670287,0.11190491805412783,car,652.5058492720487,0
63,private_salaried,40881.88013805354,36.63067455085452,19.63870656906014,96.62371043977647,67.29091264152616,62.89090275973452,55.662046593373795,3.833587265795197,car,830.167171324496,0
22,self_employed,92298.99038193317,42.234331543078426,22.83200143748526,59.34627818566976,51.526040575087315,86.27811071919393,82.3131496141443,0.861850135487523,car,685.9098755734448,0
56,private_salaried,64409.58390006598,52.89204214119178,36.08693533269792,75.07047335245295,43.32788575499052,76.63391199961679,59.995044592433274,4.0916674478319965,home,384.1530284215884,0
60,business,85180.1515700182,17.7403367437098,52.402110644442516,83.3352097003535,40.437203990591144,100.0,45.859713508067756,3.933445677424068,education,552.8313809233686,1
54,private_salaried,29468.09323506167,38.207294212453604,22.505379465601713,63.75727575213591,50.89294493962424,38.51195245030025,89.68676891921817,0.4420043967292317,education,747.0603715464356,0
40,business,56461.27434417963,40.78376397552959,28.89103166796145,63.39323748703402,61.49636187431574,30.279749046358,72.71111794037137,2.8656247374025257,education,630.4532937518461,0
42,private_salaried,31325.713738008617,34.829735587512054,24.684713253510225,100.0,70.08215963112593,61.746160833236814,53.848759401548854,0.7444697072477606,personal,733.2272848558853,0
47,private_salaried,44213.69835188691,30.805493779296,40.89761191398831,92.94039237488293,37.343992804113505,54.1828331643661,47.951624958568225,1.6814660453908645,home,774.5973157937806,0
46,business,85844.99933025277,25.09994631482342,25.885442528922127,77.8995319009417,73.8801284890739,54.08393185950541,100.0,1.0978054804798607,personal,437.6002468447424,0
60,self_employed,59100.80958587896,42.35532740365632,30.597467456145644,86.53375734685828,61.28130181345367,55.33325473088996,64.17194091465544,0.7709328690885703,personal,727.6568645663626,0
42,private_salaried,59358.0289262053,54.823633072155175,28.31966718175054,64.47939979571211,47.17320405577069,65.57283866111078,39.744198156696704,2.112732258730587,car,730.0223480771609,0
30,govt_salaried,33619.143785709166,42.324703414291164,32.37191296020322,57.11816518380111,56.16809437716935,91.04430130938971,48.90072360186369,0.8096362284401326,personal,674.9686662793349,0
38,self_employed,34672.92303563547,8.328197957800803,25.458402207677707,69.64210932884014,88.21602378684571,31.92151815249116,78.58227849323691,0.1720790435146366,home,459.199286990035,0
41,self_employed,39520.10700463359,34.70178672800102,6.440487142764347,95.40737077675253,31.045767759487067,64.4367930830054,59.662035067022885,0.22139752998181483,home,541.0750294673066,0
33,private_salaried,74504.46611860667,59.48053624601776,19.19283823122858,76.16162632686525,71.67196119686962,66.88798473232133,31.759142789223816,0.3414443517845971,personal,673.1545362832884,0
38,private_salaried,43278.94556602669,32.532424259540335,40.86389530314237,48.890430583241056,48.24072397806944,65.21600162076805,74.29354340936408,2.596888918049382,education,598.6971106134225,0
41,self_employed,61245.1989447507,52.405802212670665,33.34902924644072,55.98532014273215,54.17460005768355,40.18605299552901,82.2355208747619,0.3944179496264558,education,500.11338309544595,0
42,private_salaried,42461.8192832323,24.529813338534282,55.66913566471746,60.75126091578814,86.7264246574251,55.123174299041686,55.77616191157911,2.55380784384836,home,597.1960051188616,0
60,govt_salaried,57728.02628775862,15.848575939428173,62.362064717989206,47.18694296493249,63.01821583482797,46.0917590238177,92.23411270106054,2.91623979820717,home,553.4019348555277,0
48,business,23083.634484892824,49.27441006583787,45.133480513533094,61.042414261058944,45.04649216864808,38.401555141789714,52.06285180979051,3.778257334696547,home,657.7112234458057,0
57,govt_salaried,39127.630232337935,45.07157817728253,38.36490920372171,47.66538443913369,54.29916599987527,97.82291753121748,98.92838503530527,0.2943907553969718,home,702.9826490449947,0
26,private_salaried,70710.81814874787,55.726405939217145,0.0,72.16975539069873,83.09766374844496,94.58234909383758,38.50770171201431,0.4805555201494265,personal,619.8177679051196,0
37,self_employed,33539.488933834444,61.9525974215784,0.0,85.6508522193776,35.08355787034864,41.49827683419325,64.58467872171258,0.250531141111698,car,589.2492520625476,0
32,self_employed,44396.995579477014,36.49903852988872,35.71737623539415,100.0,67.13843579760119,72.73218337092544,69.19396242575507,1.5421950865000957,personal,653.0691235978295,0
46,business,91347.1160824635,32.518437586052734,63.52075108542046,82.92236386912147,25.53271715637942,33.43713682734705,88.9778485382168,2.398140527822901,personal,498.0828691378029,1
50,self_employed,57114.21762910627,28.694938396442815,29.396567021456327,91.04489324298753,78.13731190299006,33.92136180318448,54.54163352272418,0.6064074824374319,car,675.2302321055766,0
40,self_employed,31328.320118931493,20.678644844210105,41.41764889566693,65.01375655346223,59.536915927778566,32.09577753023886,83.07208157569173,0.8507571927379582,car,853.2192956349686,0
31,self_employed,41516.18948256123,36.70099312614647,71.03649197386447,33.97198706497693,23.858390752427812,84.69916070423133,50.97945528705117,3.141024055451483,education,844.9584505122004,0
32,business,52844.15411547586,43.42521078101066,65.28821535807953,89.05493757839476,83.32717823944908,59.11349087532322,41.288618376995274,2.667554975074234,car,792.3816855327699,0
56,self_employed,34225.39969327242,34.020299737725544,11.064056592968043,86.52884607634108,65.77931069167475,78.98644612615735,54.50420468386348,2.5063521512989433,education,765.7385878425498,0
27,private_salaried,24808.502840710018,18.26391675159685,45.65999186581727,84.13728951356144,100.0,24.264902315942663,85.23621195504165,5.115769514931483,car,599.0375783062608,0
62,self_employed,29158.988245296114,17.33558793679895,4.835553102305312,61.543668257640604,41.384075429037644,67.49035969970241,60.352582398338384,7.4328826272926936,personal,579.5928959188016,0
53,private_salaried,33228.00449769115,34.7608828248248,10.012095077673578,50.9430198470719,83.96963771429259,22.110330620148197,63.03139896033065,6.156342806822801,personal,653.4878431059915,0
54,business,40537.78630564299,30.26682724008152,30.08327346354603,83.31443529105962,43.32832787382446,81.0756985047368,74.25865458940494,0.1,home,520.6954047460158,0
23,private_salaried,60630.448313807,22.16053738915366,29.871076730910637,63.52118116560908,89.37349502179661,53.914708057457666,30.390514780136257,2.857943611518876,home,737.335865919772,0
34,govt_salaried,31865.641931941933,62.301463897819524,0.7797855611503124,55.088947233294235,43.386268911033,74.40467231926537,91.29106266374995,0.9180702614026103,home,762.5781405762305,1
40,self_employed,45910.650809644845,26.530754054633064,28.671576655179702,100.0,57.30208648815825,43.3649133164118,52.487548680519154,0.5822519341895511,education,631.1858712338385,0
42,private_salaried,29790.328687093905,37.45207503010494,65.0827796363534,95.791709755771,95.71047717129085,33.425716499124036,83.20538097637471,1.9036712411427716,personal,498.3514639332353,0
46,business,19598.328658228944,39.31544164301465,64.81596284253284,75.70964822990553,38.038437404616175,34.57931485790418,66.54423910516063,4.48242052600396,education,667.3703582684071,0
28,private_salaried,79407.69865364963,20.538759358922245,33.61481939922479,100.0,74.49811982175248,70.9657742077019,80.52521336016629,2.269002534382193,education,576.3633872380062,0
26,self_employed,32831.54575072244,4.668137065472294,10.89334468859214,78.04362907869331,40.45737835296067,73.05977832409161,64.19836639235278,4.283781534661787,education,627.1905204737651,0
31,business,114821.40342518355,37.022216028525705,60.148575546514905,98.83520242293929,100.0,71.47469386791593,100.0,1.758992928922705,education,747.2078151506429,0
57,business,96504.92533084993,37.528662272438815,8.608904382699127,92.65542613588292,88.03874262892217,56.93652669311696,61.059198270755616,0.402911334734436,education,554.6809812463816,0
52,business,69902.71616048837,60.36967493574988,21.986129129737954,100.0,79.87061692535896,63.45954276155121,82.69671546643224,7.4999811096618165,home,841.7226306385845,0
21,business,174804.91569493734,27.448433558834274,58.01973056807594,84.65006892701072,42.997172603275686,100.0,100.0,0.8695887016800667,home,650.9960470136572,0
22,private_salaried,54425.0585158858,51.83861708517925,28.88929901605149,84.68441371949703,68.29774684301958,68.77175527119869,79.82766596458461,1.245851499464933,education,633.547049234579,0
22,private_salaried,47031.2547328359,53.774723688149464,41.295328470755095,55.79073089263021,22.78654911274495,59.85098612496324,77.33438860369805,0.34219481811161456,home,660.1775202997244,0
35,business,99188.2672893985,30.60051550065598,19.831337806558537,20.48083264995651,76.20843769807139,38.34670916033119,96.75329511210116,15.0,personal,302.5939347020712,0
37,self_employed,86792.43050241483,37.44977361209494,39.4188383233764,61.89558279461461,77.15143623067021,39.8229576273022,77.33988176476426,0.6243912486919416,car,519.0310947145722,0
42,govt_salaried,18005.915353106808,48.6748904392354,51.7138180949798,100.0,50.138736056087524,76.5892351044819,67.5487594882524,2.1950772363976667,home,692.7036849761048,0
23,private_salaried,32927.95382184454,40.85946772994291,7.144980682311033,82.97927195520396,62.31555741368247,45.028254149386676,60.01115033472214,2.893612069155381,personal,731.106349089389,0
61,business,35743.884664896956,45.58254410918891,41.5422364087406,89.10965324329976,100.0,64.55676876635893,54.863073144013114,0.1956640487698896,home,586.5699333048923,0
35,private_salaried,42094.4192051968,36.63747975171025,12.604490666359396,73.85277634978972,35.657203057064336,56.71841813062024,100.0,1.774629730033077,education,669.1886692943232,0
25,private_salaried,65653.75864688752,17.63506011790199,62.13947466638421,63.47676636476656,32.58859723444833,68.91891126494566,44.03420673753061,0.40621664063431934,personal,548.700491116714,0
41,private_salaried,85576.78222552958,47.18488115961527,21.479010034138827,100.0,8.639861414847317,64.50248951479192,88.6521301010527,1.0187713025350158,education,847.8157410777247,0
51,private_salaried,45147.614381064675,17.182460545106537,0.7258809681775702,61.966631401990185,41.24366638987552,49.868904845674074,100.0,9.730082697840148,home,716.9301410773733,0
36,private_salaried,47954.28601965775,18.833607507567297,15.882101084010863,74.48869177995385,0.0,48.850835199335656,87.9498798066224,0.8872151310112926,home,406.7602266836223,0
41,private_salaried,68015.21226081329,49.02391853030676,24.741019823149497,44.74214200836168,9.839836594888368,87.56620470071226,64.25081738338015,2.8488029252221763,personal,623.7972012204427,0
37,govt_salaried,38178.62671368045,7.051027247637798,44.60613901987458,68.7395442357852,59.3916636064491,64.12081649361824,86.85509315636452,3.3133289638934658,home,616.3805669030986,0
45,business,89997.39573608963,31.465136790318105,6.210850585954361,77.92877622631877,78.15797216303694,75.23640717489238,79.44296819353724,0.7225320455416863,home,771.1329208874197,0
37,private_salaried,104133.0666667958,33.12300399418748,66.23154477778127,94.12258169207783,55.85077381922133,49.87506271877224,46.96463600821386,0.9226510838405528,education,700.1295502672975,0
41,business,11405.561614137781,50.050173763547576,33.01983190721407,79.59172506691007,61.07438059429525,53.19505615220962,85.82274789642595,0.1440490935906866,home,491.3315305116656,0
64,private_salaried,36840.45617315908,32.325691604437374,6.0548600122822975,43.266278166112,52.102688416471395,55.99140649287716,49.77378112717605,0.1,personal,812.5764634857785,0
56,private_salaried,58089.967335337846,39.94589941458066,18.155080631358313,81.91711663077744,42.3258436213629,48.59325761681437,46.34563017989831,1.561070790864938,education,750.121011796367,0
44,business,87000.27721179328,49.770779452007766,65.52950922397054,77.62613645340717,53.064754021152076,74.39259037607478,53.24498524984345,2.4378290215081058,education,522.9003709103029,0
36,private_salaried,41412.04122795807,34.624507645393926,62.32638292410432,83.85630947463602,38.93721976421524,45.258070076976345,76.10211506821902,2.075400306807019,personal,533.4717100708089,1
45,self_employed,32921.05376514907,32.9559348286311,53.56452586936686,66.90328504171535,53.442999998302646,100.0,62.57039628575108,0.6802513466635702,car,544.8832044538738,0
58,private_salaried,65109.998868559,37.42442159168801,58.44949767681719,80.39838371252435,100.0,78.93636845567079,100.0,3.3604838524236365,personal,852.7425601334858,0
64,self_employed,38253.46214472467,52.77515170528349,28.816400979339072,81.56923787163586,44.48632478244396,100.0,54.943012532996185,11.821159170798431,car,551.7617684320531,0
40,business,38276.939397746035,42.244056948896386,58.29667961057844,79.14261596719152,76.71635700912051,66.66762820856869,64.80350828862865,5.177286457578859,car,733.8018091474383,0
50,self_employed,94227.08653893319,41.15451064479753,45.20270060100566,77.86784897542466,61.385582494308494,75.43735431365486,57.84428157081214,1.6710674196786282,personal,709.9524010435105,0
59,self_employed,39903.532963654165,26.06191079842077,18.307194004124433,49.79577831411197,73.16073638409858,71.13261524791805,99.54522212333865,0.9521735552848192,home,715.966070466662,0
25,business,23848.22278876415,58.195611391900954,29.558735733127122,87.49737591859548,45.060335533872156,44.94595995640168,44.42096007741475,3.161645624163121,home,773.2026515981087,0
56,self_employed,57519.63403350937,41.266774006785354,0.6416021037897295,78.92757076485086,38.38815893333587,85.95081242905479,56.44084925679403,2.466706055298169,education,586.7704532428601,0
22,govt_salaried,37063.32502249268,31.570887952482536,0.0,64.4674116232187,58.70186131153854,50.5525020571478,53.24514676455282,2.5157882941325704,education,669.6461791614859,0
54,self_employed,74534.43542982907,51.819171307191155,54.65534191837375,60.991272451557755,24.337837852151385,78.20023061494516,97.02589973949154,2.8592888525479605,education,569.2450066250472,0
57,self_employed,44215.70337211413,38.106215307467416,50.06551789208622,70.05115905858598,94.01822784243194,63.74853990634711,32.58320543799146,0.23291897866261405,education,510.52752714449787,0
57,private_salaried,80324.01360272292,19.445326719673865,15.72316245799432,76.36128436242271,59.3748378832769,78.49614919591485,68.03273889857135,1.73410251418022,personal,419.94214950269827,0
25,govt_salaried,43651.93091611594,51.50761905877408,47.38518835696132,81.15222243549607,53.466975118832714,67.58683853745396,67.02073703866823,2.788541475841888,home,591.2150193267114,0
43,self_employed,32622.781609192843,31.50929642965846,72.27786670510477,79.17057422534998,68.0677427533707,67.52131517330908,49.27572972776985,0.7056790676625782,education,400.6889266541892,0
41,business,49759.77103058773,39.87523060332399,25.710434344634322,93.90774989008149,53.53036308105456,67.47780509004475,93.20034514518746,0.45099538991756893,personal,548.7664270392033,0
47,govt_salaried,47899.27824444218,29.71935803339307,35.67698203668113,85.05930092214119,21.16825809279085,76.08325169287781,100.0,1.0811868957500907,car,620.9991614589011,0
31,private_salaried,57069.28084515963,60.105468635310324,54.283707327865024,93.88472362693594,84.33621338220307,65.45914246963609,41.57206414451306,0.9363885996772171,car,772.5048763221632,0
50,private_salaried,39732.393405639516,16.286393077824,40.923586518891895,60.13033390277447,44.63234479267178,75.64578745480807,85.71224763134167,0.5239902320840762,home,716.981903748086,0
23,govt_salaried,61367.42139465137,36.78706037332671,22.15960658145351,79.65370949015686,40.333528518118,70.03782274868958,34.44997656360715,1.9142969501017024,home,744.9048834842816,0
26,business,63550.403141847135,12.228073202797233,53.07972890316353,60.14842352988642,13.814581446010259,100.0,98.20397182745597,1.2435189216201192,home,648.7420030184493,0
25,private_salaried,62353.54467446563,32.24859319045495,15.615946950181247,80.94540263622319,49.004396306447966,77.69625922516356,70.26106318713104,1.0442168227006274,personal,738.9861865441862,0
48,private_salaried,41297.591742391654,44.57535022043609,0.0,100.0,56.64445876583999,47.61365538613735,66.68875276767174,0.22975178547623556,education,533.4443347602366,0
37,private_salaried,47518.339790757746,24.324946036404384,34.01126240691623,88.25614285249026,85.51850564401114,72.5283590105923,54.98971935588859,2.138668797451479,education,552.7508937923218,0
27,self_employed,36851.1032110915,32.63717269374754,39.9134242173,80.53550189209302,63.50674734498632,25.67395307370284,43.5575893942827,0.39360579447498456,home,656.0844956316766,0
30,business,34268.559954045784,25.331453929055474,59.2384380635058,95.16323935219165,48.575158796407706,50.78638690915297,61.27623616709492,4.32625115117373,personal,803.7253001522952,0
54,self_employed,65941.84877382463,71.84452278413349,46.413530937980966,65.20652792047154,53.29189526854674,31.683472055281015,80.90929004848928,0.7631873105740741,personal,584.0588298806423,0
22,business,67744.79771177628,38.005256948179195,27.335225401920326,84.91482109927753,44.352465909149146,68.12917121745197,92.12482889170096,1.2890540959810886,personal,709.0729132394064,1
41,self_employed,72209.47992392306,62.564645511508886,78.1254449824666,71.70343009618658,96.50748054825215,73.7818947388933,66.45022322861237,1.32403768959915,education,722.8507718033643,1
21,self_employed,66318.46330310902,40.45541216893818,69.73494337226876,100.0,67.45675808331143,96.95431124360816,76.98358166670394,5.623270017717113,car,440.885898534833,0
62,private_salaried,43072.045360171025,12.41553305914882,27.24206661645952,64.09614503990524,41.51963685894407,43.96827190344371,46.02284032979402,0.5705691090588878,personal,572.3610934728813,0
28,private_salaried,37445.11057979878,59.97092709969715,50.14682982422998,59.48776236297643,23.6644428729521,55.03024978536301,64.93673289135802,1.2215534339025913,education,884.7188719441584,0
63,self_employed,36967.15883451786,46.83017029712403,0.0,66.50055706719031,2.9704741482202195,64.60377263364747,61.07888129431741,0.9271961252755854,home,454.4150057114739,0
39,business,37385.88675295089,50.15813259821839,48.80160328512602,95.59541646053823,17.333377971481355,44.92659654689273,94.0415931815772,3.2231704189365673,car,749.5156404211725,0
35,self_employed,64876.22247840491,47.85176670407242,44.82902345902151,100.0,42.512630165617125,59.93880741657155,86.05283789401338,3.6868072209272467,education,714.2803210699493,0
35,self_employed,21290.89746057923,14.561923354608414,43.527347478587934,64.37085034581237,72.54819662942299,54.36189145843703,88.53823273708711,4.1779366205220745,car,769.672953627479,0
22,govt_salaried,26981.24299436697,40.55850960218062,60.05274403761874,100.0,97.97698890164739,45.9929829289363,63.373383923814565,0.1,car,563.5744925882927,0
52,self_employed,60467.76779947301,53.542251017706185,27.761531958412412,100.0,54.077832919217336,72.46118084928739,100.0,1.7699314337615535,car,522.5195095734136,0
47,private_salaried,61045.100731186,36.126958022796245,20.569985625508806,43.83871466999089,83.73278339261141,68.37765136213152,53.00938023867323,1.8975916932126904,car,557.1328154136089,0
57,private_salaried,28529.175878821196,29.248765453169824,63.04543639815408,51.36640750013356,44.5634393447813,74.20969756552695,56.91780216472015,0.46389578699805234,car,525.3078882916087,0
61,private_salaried,27731.180948870828,28.45379557069206,20.69483678579074,55.795656165629964,88.18775359190056,45.1272357600862,70.04524786579907,3.0549449613034314,home,670.5451284444624,0
34,private_salaried,34707.76340168718,24.91037808207557,43.33625595978412,100.0,80.09013202776967,39.30096646470807,18.53461845108466,1.9740868065847053,car,303.1903109428741,0
27,self_employed,35581.6660431096,51.05589632459625,31.601289724429368,53.98798537473272,87.60418543769853,50.809876904465696,59.80079561823558,1.4503744165046344,personal,604.2406656120684,0
32,govt_salaried,44008.84742102877,25.258633840536707,60.612490554207824,47.84099338125743,65.00244515776738,71.92703876372747,100.0,0.1,education,502.06038408103103,0
55,govt_salaried,31044.73403606448,54.74494505968604,19.151136612835998,65.79707104156311,91.89715881959239,44.35442635686472,61.58647547925139,1.3048187254866062,car,772.8928278007181,0
49,business,46072.26467071158,30.333511461700617,53.95840943408409,65.34458891114846,20.11075717413314,24.745498473482897,75.86299272363628,0.5505386569860005,home,885.3920071996258,0
35,govt_salaried,31218.82741119928,47.20658595472372,49.325440829829944,96.81889848449892,51.127205269753055,72.06893697118907,69.65773797069028,10.47082017389217,car,505.80819402893223,0
62,private_salaried,80641.99630310475,9.618252537538993,34.121073995606345,73.0270474578606,62.26564947682993,53.2243102354993,24.265960239427372,0.6008784052606345,car,757.5735990083148,0
62,private_salaried,42520.99544918638,49.214156076811435,31.500533478984188,54.563138788007265,38.571869758843285,67.68660627961236,87.8059651898587,1.5022804069518012,home,805.2158670295211,0
46,govt_salaried,25884.573838380693,18.867491118338215,52.55486417082118,44.18810938535287,32.075561467653884,43.61997691797842,77.1068541847245,3.1876701971358905,personal,619.4268532245903,0
37,govt_salaried,60567.31441499704,27.34931467889654,31.220680671304695,87.0955276265151,59.98500410964086,77.58344980364977,84.13076466216495,4.127153010772007,car,463.4090865868591,0
36,private_salaried,37755.257120457616,43.62092754010261,48.474270184700146,100.0,76.23131824572111,82.54789933083498,21.166877645814147,1.7157091534088542,car,477.3091695192892,0
34,self_employed,56437.07998028265,39.283140656894794,37.65353268965661,59.90676589257087,19.742853874681963,62.2571943187226,57.15997751829099,1.6027729640746244,home,598.7139132194393,0
21,private_salaried,37804.72308647304,42.21623338926144,18.88177309185886,95.74603620144822,35.624291379916144,43.83967240644553,68.98423062645847,3.5439595708653577,home,660.0681588738768,0
26,self_employed,55283.72813917127,16.65476379339094,54.514985754762286,100.0,57.65265847602328,58.71063135256848,100.0,1.9320351587712203,home,809.7044329576667,0
35,self_employed,83872.75066761835,47.88001569036119,21.498603598799363,49.13037092905953,56.21224776953786,31.216058636185437,100.0,0.555732270644588,education,681.7066118575823,1
34,private_salaried,21967.446152211116,37.84252412052186,65.68319732932206,56.05760786249696,35.579228267715244,55.48743874841955,57.51261837939458,0.8096741992827495,car,606.1085102189597,0
60,business,70721.25434791842,48.90311577994112,13.538265464749017,43.615883852301565,22.349686016248064,93.27255609304126,43.01920296254588,1.9303886860195885,home,673.2210291683572,0
62,govt_salaried,92218.88208448843,43.19325869841248,53.00206667849868,69.5496027159,71.66615679459653,94.63237623785989,81.90540493783455,4.485910158281588,personal,523.3153500507253,0
58,govt_salaried,52494.5501452148,51.52273692664203,47.32590683323044,47.90058974230054,75.73461508545259,67.39938894922864,100.0,1.1405314229073489,education,609.9927087989067,0
63,govt_salaried,54370.35257446617,27.73783995458166,54.750748458475115,65.34769882556297,72.50833342033283,38.534834405865176,100.0,2.264444886073232,car,395.5562557406255,0
51,self_employed,53362.045212020144,54.46174043339579,14.94791632925984,88.96659151820162,86.7233988133315,61.72058347454261,100.0,1.247888111226294,personal,691.835859879441,0
52,self_employed,34166.027589125275,30.55610532599742,10.667362699663776,87.67612279952164,23.288578695893765,86.68011201508054,43.104057886299955,5.316918337482935,car,616.4503524322757,0
59,govt_salaried,18140.186650637632,32.44021499473774,0.0,78.83141682338004,54.87541323959172,37.882370059207595,54.37743961797423,8.258682103675653,home,644.8931926037576,0
61,private_salaried,47986.26385904703,50.34124923119516,10.089954648500704,59.64302810835325,35.2735019134243,42.92126788734144,34.63172526387807,0.3873570880913821,car,673.1680382040875,0
64,self_employed,66973.75054457795,33.98527625673029,14.983524780176904,100.0,61.65770091238738,84.87528288488747,62.73468606550125,2.990614420177224,home,644.38680074118,0
